INSERT INTO stores (store_id, name, address, geom, place_id) VALUES (7000, 'Mắm Huế O Dung, Online Shop', NULL, ST_SetSRID(ST_MakePoint(106.80186552381005, 10.874281835735125), 4326), 'DACSAN_7000') ON CONFLICT DO NOTHING;
INSERT INTO stores (store_id, name, address, geom, place_id) VALUES (7001, 'Ehomepire, Online Shop', NULL, ST_SetSRID(ST_MakePoint(106.79978155632377, 10.876314358414238), 4326), 'DACSAN_7001') ON CONFLICT DO NOTHING;
INSERT INTO stores (store_id, name, address, geom, place_id) VALUES (7002, 'BÀ ĐẦM MARKET, Online Shop', NULL, ST_SetSRID(ST_MakePoint(106.80064264453027, 10.873623925394314), 4326), 'DACSAN_7002') ON CONFLICT DO NOTHING;
INSERT INTO stores (store_id, name, address, geom, place_id) VALUES (7003, 'Ngọc Thuận Bánh Dừa Nướng, Online Shop', NULL, ST_SetSRID(ST_MakePoint(106.80017926025964, 10.877846155901857), 4326), 'DACSAN_7003') ON CONFLICT DO NOTHING;
INSERT INTO stores (store_id, name, address, geom, place_id) VALUES (7004, 'Chin''s đà lạt - Đặc sản Đà Lạt, Online Shop', NULL, ST_SetSRID(ST_MakePoint(106.80292699515245, 10.873862617473213), 4326), 'DACSAN_7004') ON CONFLICT DO NOTHING;
INSERT INTO stores (store_id, name, address, geom, place_id) VALUES (7005, 'Đại Long - Cơm Cháy Xưa  - Shopee Mall Online', NULL, ST_SetSRID(ST_MakePoint(106.80198002784276, 10.877448742750605), 4326), 'DACSAN_7005') ON CONFLICT DO NOTHING;
INSERT INTO stores (store_id, name, address, geom, place_id) VALUES (7006, 'Thiên Tú Store T, Online Shop', NULL, ST_SetSRID(ST_MakePoint(106.80272040429224, 10.876292919259697), 4326), 'DACSAN_7006') ON CONFLICT DO NOTHING;
INSERT INTO stores (store_id, name, address, geom, place_id) VALUES (7007, 'Tiệm Nhà Minh Đăng, Online Shop', NULL, ST_SetSRID(ST_MakePoint(106.80297697582844, 10.876999236853734), 4326), 'DACSAN_7007') ON CONFLICT DO NOTHING;
INSERT INTO stores (store_id, name, address, geom, place_id) VALUES (7008, 'Tiệm tạp hóa tháng năm, Online Shop', NULL, ST_SetSRID(ST_MakePoint(106.8022388713256, 10.877371705985253), 4326), 'DACSAN_7008') ON CONFLICT DO NOTHING;
INSERT INTO stores (store_id, name, address, geom, place_id) VALUES (7009, 'Pam Farm , Online Shop', NULL, ST_SetSRID(ST_MakePoint(106.80105576853258, 10.877058137769604), 4326), 'DACSAN_7009') ON CONFLICT DO NOTHING;
INSERT INTO stores (store_id, name, address, geom, place_id) VALUES (7010, 'Ăn vặt MY SA Tiền Giang, Online Shop', NULL, ST_SetSRID(ST_MakePoint(106.79910832483108, 10.873506701863981), 4326), 'DACSAN_7010') ON CONFLICT DO NOTHING;
INSERT INTO stores (store_id, name, address, geom, place_id) VALUES (7011, 'Farm24h, Online Shop', NULL, ST_SetSRID(ST_MakePoint(106.80282689007933, 10.875823927458377), 4326), 'DACSAN_7011') ON CONFLICT DO NOTHING;
INSERT INTO stores (store_id, name, address, geom, place_id) VALUES (7012, 'Cà Mau Green Foods, Online Shop', NULL, ST_SetSRID(ST_MakePoint(106.79943883769049, 10.87715212886371), 4326), 'DACSAN_7012') ON CONFLICT DO NOTHING;
INSERT INTO stores (store_id, name, address, geom, place_id) VALUES (7013, 'Shopee Việt Nam | Hot Deals, Best Prices', NULL, ST_SetSRID(ST_MakePoint(106.80243089855445, 10.876253434065406), 4326), 'DACSAN_7013') ON CONFLICT DO NOTHING;
INSERT INTO stores (store_id, name, address, geom, place_id) VALUES (7014, 'Shopee Việt Nam | Hot Deals, Best Prices', NULL, ST_SetSRID(ST_MakePoint(106.79911294584892, 10.877444700309498), 4326), 'DACSAN_7014') ON CONFLICT DO NOTHING;
INSERT INTO stores (store_id, name, address, geom, place_id) VALUES (7015, 'HƯỜNG HÀ GIANG, Online Shop', NULL, ST_SetSRID(ST_MakePoint(106.79964429661476, 10.87666072853116), 4326), 'DACSAN_7015') ON CONFLICT DO NOTHING;
INSERT INTO stores (store_id, name, address, geom, place_id) VALUES (7016, 'Đặc sản Mộc Truly Hue''s, Online Shop', NULL, ST_SetSRID(ST_MakePoint(106.8005211466509, 10.877918088629187), 4326), 'DACSAN_7016') ON CONFLICT DO NOTHING;
INSERT INTO stores (store_id, name, address, geom, place_id) VALUES (7017, 'A Châu Tây Bắc, Online Shop', NULL, ST_SetSRID(ST_MakePoint(106.80108154841776, 10.874592457200135), 4326), 'DACSAN_7017') ON CONFLICT DO NOTHING;
INSERT INTO stores (store_id, name, address, geom, place_id) VALUES (7018, 'ShopNgocThy_Thế Giới Gạo Lứt, Online Shop', NULL, ST_SetSRID(ST_MakePoint(106.80292018431408, 10.877850462192384), 4326), 'DACSAN_7018') ON CONFLICT DO NOTHING;
INSERT INTO stores (store_id, name, address, geom, place_id) VALUES (7019, 'Mon House Ăn Vặt, Online Shop', NULL, ST_SetSRID(ST_MakePoint(106.79930989724568, 10.877253004920851), 4326), 'DACSAN_7019') ON CONFLICT DO NOTHING;
INSERT INTO stores (store_id, name, address, geom, place_id) VALUES (7020, 'NÔNG SẢN GỐC VIỆT, Online Shop', NULL, ST_SetSRID(ST_MakePoint(106.80098031942401, 10.8752493241902), 4326), 'DACSAN_7020') ON CONFLICT DO NOTHING;
INSERT INTO stores (store_id, name, address, geom, place_id) VALUES (7021, 'THẢO DƯỢC AN BẢO, Online Shop', NULL, ST_SetSRID(ST_MakePoint(106.80290734547327, 10.873225886310657), 4326), 'DACSAN_7021') ON CONFLICT DO NOTHING;
INSERT INTO stores (store_id, name, address, geom, place_id) VALUES (7022, 'Ngân Táo Đỏ, Online Shop', NULL, ST_SetSRID(ST_MakePoint(106.80391563786954, 10.874200300030086), 4326), 'DACSAN_7022') ON CONFLICT DO NOTHING;
INSERT INTO stores (store_id, name, address, geom, place_id) VALUES (7023, 'HueFoodie, Online Shop', NULL, ST_SetSRID(ST_MakePoint(106.8031984395749, 10.874112638171193), 4326), 'DACSAN_7023') ON CONFLICT DO NOTHING;
INSERT INTO stores (store_id, name, address, geom, place_id) VALUES (7024, 'ThaiLanFoodShop, Online Shop', NULL, ST_SetSRID(ST_MakePoint(106.80277590006018, 10.87706204142135), 4326), 'DACSAN_7024') ON CONFLICT DO NOTHING;
INSERT INTO stores (store_id, name, address, geom, place_id) VALUES (7025, 'Thực Phẩm Sạch_N.Food, Online Shop', NULL, ST_SetSRID(ST_MakePoint(106.80330959476882, 10.874351673543924), 4326), 'DACSAN_7025') ON CONFLICT DO NOTHING;
INSERT INTO stores (store_id, name, address, geom, place_id) VALUES (7026, 'VIMELI, Online Shop', NULL, ST_SetSRID(ST_MakePoint(106.79983822351029, 10.874277762533103), 4326), 'DACSAN_7026') ON CONFLICT DO NOTHING;
INSERT INTO stores (store_id, name, address, geom, place_id) VALUES (7027, 'SHOP.BETHU, Online Shop', NULL, ST_SetSRID(ST_MakePoint(106.80178664405332, 10.873901861838908), 4326), 'DACSAN_7027') ON CONFLICT DO NOTHING;
INSERT INTO stores (store_id, name, address, geom, place_id) VALUES (7028, 'NGUYÊN LIỆU HUYỀNNHI, Online Shop', NULL, ST_SetSRID(ST_MakePoint(106.8012355712699, 10.87719819901719), 4326), 'DACSAN_7028') ON CONFLICT DO NOTHING;
INSERT INTO stores (store_id, name, address, geom, place_id) VALUES (7029, 'PACO FOOD-ĂN VẶT BÁNH TRÁNG, Online Shop', NULL, ST_SetSRID(ST_MakePoint(106.80161502139758, 10.874903233854889), 4326), 'DACSAN_7029') ON CONFLICT DO NOTHING;
INSERT INTO stores (store_id, name, address, geom, place_id) VALUES (7030, 'Giàng A Lử Đặc Sản Vùng Cao, Online Shop', NULL, ST_SetSRID(ST_MakePoint(106.79863777193277, 10.855964910636963), 4326), 'DACSAN_7030') ON CONFLICT DO NOTHING;
INSERT INTO stores (store_id, name, address, geom, place_id) VALUES (7031, 'Chè Lam Đặc Sản Bắc Giang, Online Shop', NULL, ST_SetSRID(ST_MakePoint(106.78363399208254, 10.875887259004662), 4326), 'DACSAN_7031') ON CONFLICT DO NOTHING;
INSERT INTO stores (store_id, name, address, geom, place_id) VALUES (7032, 'Kho Bánh Gây Nghiện, Online Shop', NULL, ST_SetSRID(ST_MakePoint(106.79444389018357, 10.86266060759785), 4326), 'DACSAN_7032') ON CONFLICT DO NOTHING;
INSERT INTO stores (store_id, name, address, geom, place_id) VALUES (7033, 'Mắm Tép Chưng Thịt PTK VN, Online Shop', NULL, ST_SetSRID(ST_MakePoint(106.77135437221864, 10.851035323338367), 4326), 'DACSAN_7033') ON CONFLICT DO NOTHING;
INSERT INTO stores (store_id, name, address, geom, place_id) VALUES (7034, 'Nước Mắm Hiệu Mặt Trời, Online Shop', NULL, ST_SetSRID(ST_MakePoint(106.79916738688756, 10.85162123703294), 4326), 'DACSAN_7034') ON CONFLICT DO NOTHING;
INSERT INTO stores (store_id, name, address, geom, place_id) VALUES (7035, 'hoainhan0182, Online Shop', NULL, ST_SetSRID(ST_MakePoint(106.81532570562035, 10.862840530286698), 4326), 'DACSAN_7035') ON CONFLICT DO NOTHING;
INSERT INTO stores (store_id, name, address, geom, place_id) VALUES (7036, 'Tương Ớt Rim Quảng Ngãi, Online Shop', NULL, ST_SetSRID(ST_MakePoint(106.80284463735374, 10.853259528950046), 4326), 'DACSAN_7036') ON CONFLICT DO NOTHING;
INSERT INTO stores (store_id, name, address, geom, place_id) VALUES (7037, 'Chè Tân Cương -Xuân Hồng, Online Shop', NULL, ST_SetSRID(ST_MakePoint(106.76378003260868, 10.874418445348896), 4326), 'DACSAN_7037') ON CONFLICT DO NOTHING;
INSERT INTO stores (store_id, name, address, geom, place_id) VALUES (7038, 'GYOMU JAPAN HCM, Online Shop', NULL, ST_SetSRID(ST_MakePoint(106.80221021457668, 10.86873419371393), 4326), 'DACSAN_7038') ON CONFLICT DO NOTHING;
INSERT INTO stores (store_id, name, address, geom, place_id) VALUES (7039, 'Shop Hòa az, Online Shop', NULL, ST_SetSRID(ST_MakePoint(106.8004204724682, 10.875028940327233), 4326), 'DACSAN_7039') ON CONFLICT DO NOTHING;
INSERT INTO stores (store_id, name, address, geom, place_id) VALUES (7040, 'Shophoalananh, Online Shop', NULL, ST_SetSRID(ST_MakePoint(106.81764151243134, 10.872013334403995), 4326), 'DACSAN_7040') ON CONFLICT DO NOTHING;
INSERT INTO stores (store_id, name, address, geom, place_id) VALUES (7041, 'Kiều Trang - Đặc Sản Cà Mau, Online Shop', NULL, ST_SetSRID(ST_MakePoint(106.76810942891792, 10.859120744403574), 4326), 'DACSAN_7041') ON CONFLICT DO NOTHING;
INSERT INTO stores (store_id, name, address, geom, place_id) VALUES (7042, 'Thảo Dược Miền Núi.99, Online Shop', NULL, ST_SetSRID(ST_MakePoint(106.79047433625765, 10.870627446644551), 4326), 'DACSAN_7042') ON CONFLICT DO NOTHING;
INSERT INTO stores (store_id, name, address, geom, place_id) VALUES (7043, 'Tiệm Khô Cô Thắm, Online Shop', NULL, ST_SetSRID(ST_MakePoint(106.81304856383431, 10.867291253372478), 4326), 'DACSAN_7043') ON CONFLICT DO NOTHING;
INSERT INTO stores (store_id, name, address, geom, place_id) VALUES (7044, 'Vựa Khô Hân Nhi (Cà Mau), Online Shop', NULL, ST_SetSRID(ST_MakePoint(106.78404362613995, 10.856935539347885), 4326), 'DACSAN_7044') ON CONFLICT DO NOTHING;
INSERT INTO stores (store_id, name, address, geom, place_id) VALUES (7045, 'Tl sop, Online Shop', NULL, ST_SetSRID(ST_MakePoint(106.7503837407936, 10.854073961174572), 4326), 'DACSAN_7045') ON CONFLICT DO NOTHING;
INSERT INTO stores (store_id, name, address, geom, place_id) VALUES (7046, 'LAIFARM, Online Shop', NULL, ST_SetSRID(ST_MakePoint(106.81702682731125, 10.863949411258249), 4326), 'DACSAN_7046') ON CONFLICT DO NOTHING;
INSERT INTO stores (store_id, name, address, geom, place_id) VALUES (7047, 'Thực Phẩm OCOP Dung Phát, Online Shop', NULL, ST_SetSRID(ST_MakePoint(106.81033552137004, 10.874945158308737), 4326), 'DACSAN_7047') ON CONFLICT DO NOTHING;
INSERT INTO stores (store_id, name, address, geom, place_id) VALUES (7048, 'THANH DƯƠNG HẸ GIỐNG, Online Shop', NULL, ST_SetSRID(ST_MakePoint(106.80558637877155, 10.87976250421115), 4326), 'DACSAN_7048') ON CONFLICT DO NOTHING;
INSERT INTO stores (store_id, name, address, geom, place_id) VALUES (7049, 'Bánh gạo-CCK, Online Shop', NULL, ST_SetSRID(ST_MakePoint(106.75167176639317, 10.865538275608069), 4326), 'DACSAN_7049') ON CONFLICT DO NOTHING;
INSERT INTO stores (store_id, name, address, geom, place_id) VALUES (7050, 'Tùng Lâm Foods, Online Shop', NULL, ST_SetSRID(ST_MakePoint(106.7787602456337, 10.873162264178013), 4326), 'DACSAN_7050') ON CONFLICT DO NOTHING;
INSERT INTO stores (store_id, name, address, geom, place_id) VALUES (7051, 'Đậu Phộng Huenuts, Online Shop', NULL, ST_SetSRID(ST_MakePoint(106.80208635229614, 10.856769493447413), 4326), 'DACSAN_7051') ON CONFLICT DO NOTHING;
INSERT INTO stores (store_id, name, address, geom, place_id) VALUES (7052, 'Yumvita Việt Nam, Online Shop', NULL, ST_SetSRID(ST_MakePoint(106.77636802716255, 10.861694441145094), 4326), 'DACSAN_7052') ON CONFLICT DO NOTHING;
INSERT INTO stores (store_id, name, address, geom, place_id) VALUES (7053, 'Đồ ăn vặt YoYo, Online Shop', NULL, ST_SetSRID(ST_MakePoint(106.79226572650121, 10.876575572050452), 4326), 'DACSAN_7053') ON CONFLICT DO NOTHING;
INSERT INTO stores (store_id, name, address, geom, place_id) VALUES (7054, 'BÁNH ÉP HUẾ - HUE ONE FOOD, Online Shop', NULL, ST_SetSRID(ST_MakePoint(106.80877402545586, 10.872072832462758), 4326), 'DACSAN_7054') ON CONFLICT DO NOTHING;
INSERT INTO stores (store_id, name, address, geom, place_id) VALUES (7055, 'Đặc Sản Kinh Đô, Online Shop', NULL, ST_SetSRID(ST_MakePoint(106.75854633273946, 10.872697282806051), 4326), 'DACSAN_7055') ON CONFLICT DO NOTHING;
INSERT INTO stores (store_id, name, address, geom, place_id) VALUES (7056, 'Thảo Đà Lạt - Đặc sản Đà Lạt, Online Shop', NULL, ST_SetSRID(ST_MakePoint(106.75569271840904, 10.860779377203817), 4326), 'DACSAN_7056') ON CONFLICT DO NOTHING;
INSERT INTO stores (store_id, name, address, geom, place_id) VALUES (7057, 'Món Ăn Xứ Quê, Online Shop', NULL, ST_SetSRID(ST_MakePoint(106.81983607277665, 10.873551328784325), 4326), 'DACSAN_7057') ON CONFLICT DO NOTHING;
INSERT INTO stores (store_id, name, address, geom, place_id) VALUES (7058, 'MƯỜNG THEN FOOD  ✅, Online Shop', NULL, ST_SetSRID(ST_MakePoint(106.7597716174904, 10.874031432621694), 4326), 'DACSAN_7058') ON CONFLICT DO NOTHING;
INSERT INTO stores (store_id, name, address, geom, place_id) VALUES (7059, 'Shopee Việt Nam | Hot Deals, Best Prices', NULL, ST_SetSRID(ST_MakePoint(106.78040442642369, 10.859018649446627), 4326), 'DACSAN_7059') ON CONFLICT DO NOTHING;
INSERT INTO stores (store_id, name, address, geom, place_id) VALUES (7060, 'Chin Đà Lạt cơ sở 2, Online Shop', NULL, ST_SetSRID(ST_MakePoint(106.78799126113965, 10.874215771123756), 4326), 'DACSAN_7060') ON CONFLICT DO NOTHING;
INSERT INTO stores (store_id, name, address, geom, place_id) VALUES (7061, 'Chú Lâm - Phù Sa - Shopee Mall Online', NULL, ST_SetSRID(ST_MakePoint(106.81463347899906, 10.866050003514628), 4326), 'DACSAN_7061') ON CONFLICT DO NOTHING;
INSERT INTO stores (store_id, name, address, geom, place_id) VALUES (7062, 'Shopee Việt Nam | Hot Deals, Best Prices', NULL, ST_SetSRID(ST_MakePoint(106.79815363210403, 10.8605896333927), 4326), 'DACSAN_7062') ON CONFLICT DO NOTHING;
INSERT INTO stores (store_id, name, address, geom, place_id) VALUES (7063, 'Shopee Việt Nam | Hot Deals, Best Prices', NULL, ST_SetSRID(ST_MakePoint(106.80039832634927, 10.871960463200697), 4326), 'DACSAN_7063') ON CONFLICT DO NOTHING;
INSERT INTO stores (store_id, name, address, geom, place_id) VALUES (7064, 'Shopee Việt Nam | Hot Deals, Best Prices', NULL, ST_SetSRID(ST_MakePoint(106.81523934080118, 10.853717867252326), 4326), 'DACSAN_7064') ON CONFLICT DO NOTHING;
INSERT INTO stores (store_id, name, address, geom, place_id) VALUES (7065, 'Shopee Việt Nam | Hot Deals, Best Prices', NULL, ST_SetSRID(ST_MakePoint(106.79182800929556, 10.86607313671624), 4326), 'DACSAN_7065') ON CONFLICT DO NOTHING;
INSERT INTO stores (store_id, name, address, geom, place_id) VALUES (7066, 'Đặc Sản Quảng Bình Food, Online Shop', NULL, ST_SetSRID(ST_MakePoint(106.77440467487864, 10.852617296032657), 4326), 'DACSAN_7066') ON CONFLICT DO NOTHING;
INSERT INTO stores (store_id, name, address, geom, place_id) VALUES (7067, 'Cơ Sở Nem Huỳnh Hậu, Online Shop', NULL, ST_SetSRID(ST_MakePoint(106.78794427056529, 10.871351288141534), 4326), 'DACSAN_7067') ON CONFLICT DO NOTHING;
INSERT INTO stores (store_id, name, address, geom, place_id) VALUES (7068, 'Shopee Việt Nam | Hot Deals, Best Prices', NULL, ST_SetSRID(ST_MakePoint(106.81122947862622, 10.874029205003998), 4326), 'DACSAN_7068') ON CONFLICT DO NOTHING;
INSERT INTO stores (store_id, name, address, geom, place_id) VALUES (7069, 'Shopee Việt Nam | Hot Deals, Best Prices', NULL, ST_SetSRID(ST_MakePoint(106.76288882913398, 10.851932392132152), 4326), 'DACSAN_7069') ON CONFLICT DO NOTHING;
INSERT INTO stores (store_id, name, address, geom, place_id) VALUES (7070, 'SEAVY Đặc Sản Khánh Hòa, Online Shop', NULL, ST_SetSRID(ST_MakePoint(106.79281592769173, 10.862726496065733), 4326), 'DACSAN_7070') ON CONFLICT DO NOTHING;
INSERT INTO stores (store_id, name, address, geom, place_id) VALUES (7071, 'SÀI GÒN ĐẶC SẢN, Online Shop', NULL, ST_SetSRID(ST_MakePoint(106.819299274086, 10.878780999135524), 4326), 'DACSAN_7071') ON CONFLICT DO NOTHING;
INSERT INTO stores (store_id, name, address, geom, place_id) VALUES (7072, 'Minh Tiến Farm Đà Lạt, Online Shop', NULL, ST_SetSRID(ST_MakePoint(106.78915630603892, 10.852958523189384), 4326), 'DACSAN_7072') ON CONFLICT DO NOTHING;
INSERT INTO stores (store_id, name, address, geom, place_id) VALUES (7073, 'Langfarm - Đặc Sản Chất Lượng, Online Shop', NULL, ST_SetSRID(ST_MakePoint(106.75195765461315, 10.851005386087103), 4326), 'DACSAN_7073') ON CONFLICT DO NOTHING;
INSERT INTO stores (store_id, name, address, geom, place_id) VALUES (7074, 'HUKI-STORE, Online Shop', NULL, ST_SetSRID(ST_MakePoint(106.81231535033098, 10.873408647939554), 4326), 'DACSAN_7074') ON CONFLICT DO NOTHING;
INSERT INTO stores (store_id, name, address, geom, place_id) VALUES (7075, 'Út Hà Đặc Sản, Online Shop', NULL, ST_SetSRID(ST_MakePoint(106.81760725471753, 10.872002534596831), 4326), 'DACSAN_7075') ON CONFLICT DO NOTHING;
INSERT INTO stores (store_id, name, address, geom, place_id) VALUES (7076, 'ĐẶC SẢN 97 BẮC KẠN, Online Shop', NULL, ST_SetSRID(ST_MakePoint(106.8089876835788, 10.855810366590129), 4326), 'DACSAN_7076') ON CONFLICT DO NOTHING;
INSERT INTO stores (store_id, name, address, geom, place_id) VALUES (7077, 'MIDIFARM - Đặc Sản Đà Lạt, Online Shop', NULL, ST_SetSRID(ST_MakePoint(106.78136674473218, 10.862675174939925), 4326), 'DACSAN_7077') ON CONFLICT DO NOTHING;
INSERT INTO stores (store_id, name, address, geom, place_id) VALUES (7078, '❤Đặc sản-Sim-Phụ kiện Qui Nhơn, Online Shop', NULL, ST_SetSRID(ST_MakePoint(106.78272470067564, 10.86176799373696), 4326), 'DACSAN_7078') ON CONFLICT DO NOTHING;
INSERT INTO stores (store_id, name, address, geom, place_id) VALUES (7079, 'Ăn Vặt Nhà Mầm, Online Shop', NULL, ST_SetSRID(ST_MakePoint(106.81447275562681, 10.86321216164584), 4326), 'DACSAN_7079') ON CONFLICT DO NOTHING;
INSERT INTO stores (store_id, name, address, geom, place_id) VALUES (7080, 'THÚY ĐẶC SẢN ĐÀ NẴNG, Online Shop', NULL, ST_SetSRID(ST_MakePoint(106.7916628359893, 10.877476242740476), 4326), 'DACSAN_7080') ON CONFLICT DO NOTHING;
INSERT INTO stores (store_id, name, address, geom, place_id) VALUES (7081, 'CHIPCHIPFOOD -Chà Bông Cao Cấp, Online Shop', NULL, ST_SetSRID(ST_MakePoint(106.8171010821038, 10.869105210046083), 4326), 'DACSAN_7081') ON CONFLICT DO NOTHING;
INSERT INTO stores (store_id, name, address, geom, place_id) VALUES (7082, 'Phú Quý Food - Sỉ Đồ Ăn Vặt, Online Shop', NULL, ST_SetSRID(ST_MakePoint(106.76882450241685, 10.866324864433762), 4326), 'DACSAN_7082') ON CONFLICT DO NOTHING;
INSERT INTO stores (store_id, name, address, geom, place_id) VALUES (7083, 'Bản Mộc Food, Online Shop', NULL, ST_SetSRID(ST_MakePoint(106.76866536444076, 10.860772393742366), 4326), 'DACSAN_7083') ON CONFLICT DO NOTHING;
INSERT INTO stores (store_id, name, address, geom, place_id) VALUES (7084, 'Tạp Hoá Phố Biển, Online Shop', NULL, ST_SetSRID(ST_MakePoint(106.79043254483094, 10.850535633417886), 4326), 'DACSAN_7084') ON CONFLICT DO NOTHING;
INSERT INTO stores (store_id, name, address, geom, place_id) VALUES (7085, 'CHỢ CHÂU ĐỐC, Online Shop', NULL, ST_SetSRID(ST_MakePoint(106.77114596096695, 10.866278288156773), 4326), 'DACSAN_7085') ON CONFLICT DO NOTHING;
INSERT INTO stores (store_id, name, address, geom, place_id) VALUES (7086, 'Đặc sản Tây Ninh-70, Online Shop', NULL, ST_SetSRID(ST_MakePoint(106.7618302224438, 10.86992999344064), 4326), 'DACSAN_7086') ON CONFLICT DO NOTHING;
INSERT INTO stores (store_id, name, address, geom, place_id) VALUES (7087, 'Ăn Vặt Chị Kim Củ Chi, Online Shop', NULL, ST_SetSRID(ST_MakePoint(106.78676441711436, 10.870580924713803), 4326), 'DACSAN_7087') ON CONFLICT DO NOTHING;
INSERT INTO stores (store_id, name, address, geom, place_id) VALUES (7088, 'Nước mắm Tĩn Official Store - Shopee Mall Online', NULL, ST_SetSRID(ST_MakePoint(106.75963549490979, 10.867432909170098), 4326), 'DACSAN_7088') ON CONFLICT DO NOTHING;
INSERT INTO stores (store_id, name, address, geom, place_id) VALUES (7089, 'Xuanshop96, Online Shop', NULL, ST_SetSRID(ST_MakePoint(106.78625741380317, 10.876017390416537), 4326), 'DACSAN_7089') ON CONFLICT DO NOTHING;
INSERT INTO stores (store_id, name, address, geom, place_id) VALUES (7090, 'Quầy Hương Yến - chợ Đà Lạt, Online Shop', NULL, ST_SetSRID(ST_MakePoint(106.80942923698078, 10.852831973885376), 4326), 'DACSAN_7090') ON CONFLICT DO NOTHING;
INSERT INTO stores (store_id, name, address, geom, place_id) VALUES (7091, 'Cửa hàng ăn vặt Phương Trần, Online Shop', NULL, ST_SetSRID(ST_MakePoint(106.78490281215635, 10.852754626772231), 4326), 'DACSAN_7091') ON CONFLICT DO NOTHING;
INSERT INTO stores (store_id, name, address, geom, place_id) VALUES (7092, 'TRỌNG HIẾU-Đặc Sản An Giang 67, Online Shop', NULL, ST_SetSRID(ST_MakePoint(106.77016995018978, 10.85867520023172), 4326), 'DACSAN_7092') ON CONFLICT DO NOTHING;
INSERT INTO stores (store_id, name, address, geom, place_id) VALUES (7093, 'Ăn Vặt DONA, Online Shop', NULL, ST_SetSRID(ST_MakePoint(106.76027484010116, 10.865302948002336), 4326), 'DACSAN_7093') ON CONFLICT DO NOTHING;
INSERT INTO stores (store_id, name, address, geom, place_id) VALUES (7094, 'Du Thảo - Gửi Trọn Tình Quê, Online Shop', NULL, ST_SetSRID(ST_MakePoint(106.78057755065137, 10.876711901444667), 4326), 'DACSAN_7094') ON CONFLICT DO NOTHING;
INSERT INTO stores (store_id, name, address, geom, place_id) VALUES (7095, 'Amira Mart_ăn vặt_gia dụng, Online Shop', NULL, ST_SetSRID(ST_MakePoint(106.79049894077583, 10.850482418205596), 4326), 'DACSAN_7095') ON CONFLICT DO NOTHING;
INSERT INTO stores (store_id, name, address, geom, place_id) VALUES (7096, 'Nam Xanh Thực Phẩm Từ Tự Nhiên, Online Shop', NULL, ST_SetSRID(ST_MakePoint(106.7888131103527, 10.869071135214266), 4326), 'DACSAN_7096') ON CONFLICT DO NOTHING;
INSERT INTO stores (store_id, name, address, geom, place_id) VALUES (7097, 'COCORI, Online Shop', NULL, ST_SetSRID(ST_MakePoint(106.78662423647106, 10.87778978888881), 4326), 'DACSAN_7097') ON CONFLICT DO NOTHING;
INSERT INTO stores (store_id, name, address, geom, place_id) VALUES (7098, 'Ông Tré Food - Đặc Sản Việt, Online Shop', NULL, ST_SetSRID(ST_MakePoint(106.7747851570563, 10.878813546257836), 4326), 'DACSAN_7098') ON CONFLICT DO NOTHING;
INSERT INTO stores (store_id, name, address, geom, place_id) VALUES (7099, 'Đặc Sản Thịt Chua Phú Thọ , Online Shop', NULL, ST_SetSRID(ST_MakePoint(106.79949194363806, 10.865991828421643), 4326), 'DACSAN_7099') ON CONFLICT DO NOTHING;
INSERT INTO stores (store_id, name, address, geom, place_id) VALUES (7100, 'Đặc Sản Bến Tre 71 CocoShine , Online Shop', NULL, ST_SetSRID(ST_MakePoint(106.77248234458817, 10.86125698286689), 4326), 'DACSAN_7100') ON CONFLICT DO NOTHING;
INSERT INTO stores (store_id, name, address, geom, place_id) VALUES (7101, 'Đặc Sản Khu Vực Miền Trung, Online Shop', NULL, ST_SetSRID(ST_MakePoint(106.76701487885227, 10.858945878735645), 4326), 'DACSAN_7101') ON CONFLICT DO NOTHING;
INSERT INTO stores (store_id, name, address, geom, place_id) VALUES (7102, 'CÔ BIN FOOD, Online Shop', NULL, ST_SetSRID(ST_MakePoint(106.80872032440404, 10.86143680429723), 4326), 'DACSAN_7102') ON CONFLICT DO NOTHING;
INSERT INTO stores (store_id, name, address, geom, place_id) VALUES (7103, 'legumesvietnam, Online Shop', NULL, ST_SetSRID(ST_MakePoint(106.78504326262829, 10.873402285220028), 4326), 'DACSAN_7103') ON CONFLICT DO NOTHING;
INSERT INTO stores (store_id, name, address, geom, place_id) VALUES (7104, 'MẮM HUẾ CÔ KIỀU, Online Shop', NULL, ST_SetSRID(ST_MakePoint(106.75908357560608, 10.850553629701706), 4326), 'DACSAN_7104') ON CONFLICT DO NOTHING;
INSERT INTO stores (store_id, name, address, geom, place_id) VALUES (7105, 'Mắm Huế Cô Thủy, Online Shop', NULL, ST_SetSRID(ST_MakePoint(106.78149403083852, 10.873773732135472), 4326), 'DACSAN_7105') ON CONFLICT DO NOTHING;
INSERT INTO stores (store_id, name, address, geom, place_id) VALUES (7106, 'Cửa hàng đặc sản Phú Yên, Online Shop', NULL, ST_SetSRID(ST_MakePoint(106.7820758919811, 10.86927264896511), 4326), 'DACSAN_7106') ON CONFLICT DO NOTHING;
INSERT INTO stores (store_id, name, address, geom, place_id) VALUES (7107, 'Đặc Sản HANY Đà Lạt, Online Shop', NULL, ST_SetSRID(ST_MakePoint(106.78506978141972, 10.855483362026172), 4326), 'DACSAN_7107') ON CONFLICT DO NOTHING;
INSERT INTO stores (store_id, name, address, geom, place_id) VALUES (7108, 'Nước Mắm Cát Hải - Quang Hải, Online Shop', NULL, ST_SetSRID(ST_MakePoint(106.8024130703972, 10.86026296937312), 4326), 'DACSAN_7108') ON CONFLICT DO NOTHING;
INSERT INTO stores (store_id, name, address, geom, place_id) VALUES (7109, 'Hân Quà Quê, Online Shop', NULL, ST_SetSRID(ST_MakePoint(106.76918575511618, 10.852691305507998), 4326), 'DACSAN_7109') ON CONFLICT DO NOTHING;
INSERT INTO stores (store_id, name, address, geom, place_id) VALUES (7110, 'Đặc sản Bình Thuận Bảo Hương, Online Shop', NULL, ST_SetSRID(ST_MakePoint(106.78508210704373, 10.878067671218767), 4326), 'DACSAN_7110') ON CONFLICT DO NOTHING;
INSERT INTO stores (store_id, name, address, geom, place_id) VALUES (7111, 'Shop ăn vặt Muối_store, Online Shop', NULL, ST_SetSRID(ST_MakePoint(106.75506789283878, 10.853041910566064), 4326), 'DACSAN_7111') ON CONFLICT DO NOTHING;
INSERT INTO stores (store_id, name, address, geom, place_id) VALUES (7112, 'Sohan Food, Online Shop', NULL, ST_SetSRID(ST_MakePoint(106.78739826978477, 10.861294505978332), 4326), 'DACSAN_7112') ON CONFLICT DO NOTHING;
INSERT INTO stores (store_id, name, address, geom, place_id) VALUES (7113, 'ĐẶC SẢN HUẾ CÔ TI, Online Shop', NULL, ST_SetSRID(ST_MakePoint(106.78504621854547, 10.858204714188439), 4326), 'DACSAN_7113') ON CONFLICT DO NOTHING;
INSERT INTO stores (store_id, name, address, geom, place_id) VALUES (7114, 'The Măng Đen Đặc Sản Đại Ngàn, Online Shop', NULL, ST_SetSRID(ST_MakePoint(106.79293472774995, 10.856502653625105), 4326), 'DACSAN_7114') ON CONFLICT DO NOTHING;
INSERT INTO stores (store_id, name, address, geom, place_id) VALUES (7115, 'Đặc sản Ngon Lạ Đà Lạt, Online Shop', NULL, ST_SetSRID(ST_MakePoint(106.77203865603464, 10.863965457096807), 4326), 'DACSAN_7115') ON CONFLICT DO NOTHING;
INSERT INTO stores (store_id, name, address, geom, place_id) VALUES (7116, 'Sen Quê Bác, Online Shop', NULL, ST_SetSRID(ST_MakePoint(106.76108003220543, 10.859712611135183), 4326), 'DACSAN_7116') ON CONFLICT DO NOTHING;
INSERT INTO stores (store_id, name, address, geom, place_id) VALUES (7117, 'Chè lam vua, Online Shop', NULL, ST_SetSRID(ST_MakePoint(106.80318621834155, 10.866110791374439), 4326), 'DACSAN_7117') ON CONFLICT DO NOTHING;
INSERT INTO stores (store_id, name, address, geom, place_id) VALUES (7118, 'KHO ĂN VẶT THỦY TIÊN, Online Shop', NULL, ST_SetSRID(ST_MakePoint(106.81490706544852, 10.860739296593556), 4326), 'DACSAN_7118') ON CONFLICT DO NOTHING;
INSERT INTO stores (store_id, name, address, geom, place_id) VALUES (7119, 'Raca Foods, Online Shop', NULL, ST_SetSRID(ST_MakePoint(106.76030144437918, 10.872310780829595), 4326), 'DACSAN_7119') ON CONFLICT DO NOTHING;
INSERT INTO stores (store_id, name, address, geom, place_id) VALUES (7120, 'Star Fruit _ Đặc Sản Huế, Online Shop', NULL, ST_SetSRID(ST_MakePoint(106.78588739302832, 10.869833124670665), 4326), 'DACSAN_7120') ON CONFLICT DO NOTHING;
INSERT INTO stores (store_id, name, address, geom, place_id) VALUES (7121, 'ĐẶC SẢN CHÂU ĐỐC 79, Online Shop', NULL, ST_SetSRID(ST_MakePoint(106.75826973107313, 10.852254704241686), 4326), 'DACSAN_7121') ON CONFLICT DO NOTHING;
INSERT INTO stores (store_id, name, address, geom, place_id) VALUES (7122, 'ĂN VẶT BEST FOOD, Online Shop', NULL, ST_SetSRID(ST_MakePoint(106.80211974063798, 10.866916563413728), 4326), 'DACSAN_7122') ON CONFLICT DO NOTHING;
INSERT INTO stores (store_id, name, address, geom, place_id) VALUES (7123, 'Tâm An - Đặc Sản Đồng Tháp, Online Shop', NULL, ST_SetSRID(ST_MakePoint(106.76015926962096, 10.87057389679321), 4326), 'DACSAN_7123') ON CONFLICT DO NOTHING;
INSERT INTO stores (store_id, name, address, geom, place_id) VALUES (7124, 'An Farm Đà Lạt, Online Shop', NULL, ST_SetSRID(ST_MakePoint(106.7925184544569, 10.86198795203289), 4326), 'DACSAN_7124') ON CONFLICT DO NOTHING;
INSERT INTO stores (store_id, name, address, geom, place_id) VALUES (7125, 'đặc sản hương vị tây bắc, Online Shop', NULL, ST_SetSRID(ST_MakePoint(106.80403418566361, 10.863601252781153), 4326), 'DACSAN_7125') ON CONFLICT DO NOTHING;
INSERT INTO stores (store_id, name, address, geom, place_id) VALUES (7126, 'ĐẶC SẢN MẮM HUẾ CÔ TI, Online Shop', NULL, ST_SetSRID(ST_MakePoint(106.78509543804289, 10.858677591873573), 4326), 'DACSAN_7126') ON CONFLICT DO NOTHING;
INSERT INTO stores (store_id, name, address, geom, place_id) VALUES (7127, 'Diệu Ly Chẳm Chéo Tây Bắc, Online Shop', NULL, ST_SetSRID(ST_MakePoint(106.7504387540381, 10.879785380547395), 4326), 'DACSAN_7127') ON CONFLICT DO NOTHING;
INSERT INTO stores (store_id, name, address, geom, place_id) VALUES (7128, 'Đồ Quê, Online Shop', NULL, ST_SetSRID(ST_MakePoint(106.81028464776342, 10.87176716022921), 4326), 'DACSAN_7128') ON CONFLICT DO NOTHING;
INSERT INTO stores (store_id, name, address, geom, place_id) VALUES (7129, 'vinhloihung.vn, Online Shop', NULL, ST_SetSRID(ST_MakePoint(106.79363605772527, 10.867118176560469), 4326), 'DACSAN_7129') ON CONFLICT DO NOTHING;
INSERT INTO stores (store_id, name, address, geom, place_id) VALUES (7130, '4l9ud6mtyn, Online Shop', NULL, ST_SetSRID(ST_MakePoint(106.77426231008732, 10.868547533330197), 4326), 'DACSAN_7130') ON CONFLICT DO NOTHING;
INSERT INTO stores (store_id, name, address, geom, place_id) VALUES (7131, 'Đồ Ăn Tuổi Thơ( Hạ Vy), Online Shop', NULL, ST_SetSRID(ST_MakePoint(106.75979099119155, 10.8643634521163), 4326), 'DACSAN_7131') ON CONFLICT DO NOTHING;
INSERT INTO stores (store_id, name, address, geom, place_id) VALUES (7132, 'MÓN QUÊ TUẤN KIỆT, Online Shop', NULL, ST_SetSRID(ST_MakePoint(106.805273956422, 10.873335902504643), 4326), 'DACSAN_7132') ON CONFLICT DO NOTHING;
INSERT INTO stores (store_id, name, address, geom, place_id) VALUES (7133, 'dacsanduoique, Online Shop', NULL, ST_SetSRID(ST_MakePoint(106.81185043308686, 10.875214350907669), 4326), 'DACSAN_7133') ON CONFLICT DO NOTHING;
INSERT INTO stores (store_id, name, address, geom, place_id) VALUES (7134, 'Trà Sen Quê Bác Kim Liên, Online Shop', NULL, ST_SetSRID(ST_MakePoint(106.7621745609221, 10.876080219898906), 4326), 'DACSAN_7134') ON CONFLICT DO NOTHING;
INSERT INTO stores (store_id, name, address, geom, place_id) VALUES (7135, 'Đặc Sản Hồng Anh, Online Shop', NULL, ST_SetSRID(ST_MakePoint(106.80204089733022, 10.86197472881979), 4326), 'DACSAN_7135') ON CONFLICT DO NOTHING;
INSERT INTO stores (store_id, name, address, geom, place_id) VALUES (7136, 'Đệ Nhất Khô-Đặc Sản Phan Thiết, Online Shop', NULL, ST_SetSRID(ST_MakePoint(106.80877410147973, 10.850476819953903), 4326), 'DACSAN_7136') ON CONFLICT DO NOTHING;
INSERT INTO stores (store_id, name, address, geom, place_id) VALUES (7137, 'DLFresh Đặc Sản Đà Lạt, Online Shop', NULL, ST_SetSRID(ST_MakePoint(106.77016095994362, 10.87123236344083), 4326), 'DACSAN_7137') ON CONFLICT DO NOTHING;
INSERT INTO stores (store_id, name, address, geom, place_id) VALUES (7138, 'hoahuongduonganvat, Online Shop', NULL, ST_SetSRID(ST_MakePoint(106.76566639657182, 10.861060029472144), 4326), 'DACSAN_7138') ON CONFLICT DO NOTHING;
INSERT INTO stores (store_id, name, address, geom, place_id) VALUES (7139, 'Dứa Store- Đặc sản đảo Phú Quý, Online Shop', NULL, ST_SetSRID(ST_MakePoint(106.77006610922554, 10.87626498469205), 4326), 'DACSAN_7139') ON CONFLICT DO NOTHING;
INSERT INTO stores (store_id, name, address, geom, place_id) VALUES (7140, 'uchaythaoduoc, Online Shop', NULL, ST_SetSRID(ST_MakePoint(106.80592413736078, 10.870610528144894), 4326), 'DACSAN_7140') ON CONFLICT DO NOTHING;
INSERT INTO stores (store_id, name, address, geom, place_id) VALUES (7141, 'SUMO FOOD, Online Shop', NULL, ST_SetSRID(ST_MakePoint(106.81203250830089, 10.85837803632916), 4326), 'DACSAN_7141') ON CONFLICT DO NOTHING;
INSERT INTO stores (store_id, name, address, geom, place_id) VALUES (7142, 'Hàng Huế Bà Màng, Online Shop', NULL, ST_SetSRID(ST_MakePoint(106.75063296331774, 10.868038235521132), 4326), 'DACSAN_7142') ON CONFLICT DO NOTHING;
INSERT INTO stores (store_id, name, address, geom, place_id) VALUES (7143, 'Vườn Đặc Sản, Online Shop', NULL, ST_SetSRID(ST_MakePoint(106.77452351434502, 10.865542075768893), 4326), 'DACSAN_7143') ON CONFLICT DO NOTHING;
INSERT INTO stores (store_id, name, address, geom, place_id) VALUES (7144, 'Đặc Sản Huế-O Tỉ, Online Shop', NULL, ST_SetSRID(ST_MakePoint(106.79384207302184, 10.874439351229638), 4326), 'DACSAN_7144') ON CONFLICT DO NOTHING;
INSERT INTO stores (store_id, name, address, geom, place_id) VALUES (7145, 'Bánh Tráng Trộn PHƯỢNG Cầu Đúc, Online Shop', NULL, ST_SetSRID(ST_MakePoint(106.76198408573228, 10.863450681309844), 4326), 'DACSAN_7145') ON CONFLICT DO NOTHING;
INSERT INTO stores (store_id, name, address, geom, place_id) VALUES (7146, 'Nhà Hoạ Sĩ Shop, Online Shop', NULL, ST_SetSRID(ST_MakePoint(106.81391788760659, 10.879373058626996), 4326), 'DACSAN_7146') ON CONFLICT DO NOTHING;
INSERT INTO stores (store_id, name, address, geom, place_id) VALUES (7147, 'Chợ Đỉnh Điện Biên, Online Shop', NULL, ST_SetSRID(ST_MakePoint(106.76428373822073, 10.856572581978648), 4326), 'DACSAN_7147') ON CONFLICT DO NOTHING;
INSERT INTO stores (store_id, name, address, geom, place_id) VALUES (7148, 'Tiệm tạp hòa Mymart, Online Shop', NULL, ST_SetSRID(ST_MakePoint(106.80939190056681, 10.872128572147833), 4326), 'DACSAN_7148') ON CONFLICT DO NOTHING;
INSERT INTO stores (store_id, name, address, geom, place_id) VALUES (7149, 'Vua_dac_san_viet, Online Shop', NULL, ST_SetSRID(ST_MakePoint(106.77276425199697, 10.868372873431012), 4326), 'DACSAN_7149') ON CONFLICT DO NOTHING;
INSERT INTO stores (store_id, name, address, geom, place_id) VALUES (7150, 'Nước Mắm Quang Hải - Cát Hải, Online Shop', NULL, ST_SetSRID(ST_MakePoint(106.75609669418378, 10.870994026969694), 4326), 'DACSAN_7150') ON CONFLICT DO NOTHING;
INSERT INTO stores (store_id, name, address, geom, place_id) VALUES (7151, 'Quầy Hương Yến khuA chợ Đà Lạt, Online Shop', NULL, ST_SetSRID(ST_MakePoint(106.7922107456207, 10.853677964653128), 4326), 'DACSAN_7151') ON CONFLICT DO NOTHING;
INSERT INTO stores (store_id, name, address, geom, place_id) VALUES (7152, 'ÚT NƯƠNG ĐẶCSẢN, Online Shop', NULL, ST_SetSRID(ST_MakePoint(106.80479726964434, 10.867611493530521), 4326), 'DACSAN_7152') ON CONFLICT DO NOTHING;
INSERT INTO stores (store_id, name, address, geom, place_id) VALUES (7153, 'Tạp Hóa Minh Nhựt, Online Shop', NULL, ST_SetSRID(ST_MakePoint(106.78188549153836, 10.866384617847018), 4326), 'DACSAN_7153') ON CONFLICT DO NOTHING;
INSERT INTO stores (store_id, name, address, geom, place_id) VALUES (7154, 'đồ ăn chất lượng, Online Shop', NULL, ST_SetSRID(ST_MakePoint(106.79244909829053, 10.87579981152057), 4326), 'DACSAN_7154') ON CONFLICT DO NOTHING;
INSERT INTO stores (store_id, name, address, geom, place_id) VALUES (7155, 'HaLongSeafood, Online Shop', NULL, ST_SetSRID(ST_MakePoint(106.79692090950996, 10.872181042700854), 4326), 'DACSAN_7155') ON CONFLICT DO NOTHING;
INSERT INTO stores (store_id, name, address, geom, place_id) VALUES (7156, 'Banh Đa Thái Bình, Online Shop', NULL, ST_SetSRID(ST_MakePoint(106.77845228738227, 10.850219753616516), 4326), 'DACSAN_7156') ON CONFLICT DO NOTHING;
INSERT INTO stores (store_id, name, address, geom, place_id) VALUES (7157, 'Khoai deo Huyền Nhi, Online Shop', NULL, ST_SetSRID(ST_MakePoint(106.78808946278963, 10.856634929982441), 4326), 'DACSAN_7157') ON CONFLICT DO NOTHING;
INSERT INTO stores (store_id, name, address, geom, place_id) VALUES (7158, 'Đặc Sản Xứ Dừa Bến Tre 71, Online Shop', NULL, ST_SetSRID(ST_MakePoint(106.80731201440035, 10.850263231240955), 4326), 'DACSAN_7158') ON CONFLICT DO NOTHING;
INSERT INTO stores (store_id, name, address, geom, place_id) VALUES (7159, 'Nhà Na, Online Shop', NULL, ST_SetSRID(ST_MakePoint(106.80018736018943, 10.859837528459071), 4326), 'DACSAN_7159') ON CONFLICT DO NOTHING;
INSERT INTO stores (store_id, name, address, geom, place_id) VALUES (7160, 'RUVASK, Online Shop', NULL, ST_SetSRID(ST_MakePoint(106.79411977165931, 10.868322497095592), 4326), 'DACSAN_7160') ON CONFLICT DO NOTHING;
INSERT INTO stores (store_id, name, address, geom, place_id) VALUES (7161, 'Tiệm Khóm Nhà Phin, Online Shop', NULL, ST_SetSRID(ST_MakePoint(106.81780641726866, 10.878601610653162), 4326), 'DACSAN_7161') ON CONFLICT DO NOTHING;
INSERT INTO stores (store_id, name, address, geom, place_id) VALUES (7162, 'Món quà xứ Huế, Online Shop', NULL, ST_SetSRID(ST_MakePoint(106.80137136358553, 10.85701763244031), 4326), 'DACSAN_7162') ON CONFLICT DO NOTHING;
INSERT INTO stores (store_id, name, address, geom, place_id) VALUES (7163, 'Vicosap - Sản Phẩm Dừa Sáp, Online Shop', NULL, ST_SetSRID(ST_MakePoint(106.77095231875393, 10.873544839527568), 4326), 'DACSAN_7163') ON CONFLICT DO NOTHING;
INSERT INTO stores (store_id, name, address, geom, place_id) VALUES (7164, 'Bò Khô Đà Nẵng Quỳnh Như, Online Shop', NULL, ST_SetSRID(ST_MakePoint(106.78447016432632, 10.876865084783306), 4326), 'DACSAN_7164') ON CONFLICT DO NOTHING;
INSERT INTO stores (store_id, name, address, geom, place_id) VALUES (7165, 'Lạp Xưởng Tươi TRANG LÊ, Online Shop', NULL, ST_SetSRID(ST_MakePoint(106.80544534377839, 10.872175552602842), 4326), 'DACSAN_7165') ON CONFLICT DO NOTHING;
INSERT INTO stores (store_id, name, address, geom, place_id) VALUES (7166, 'ĐẶC SẢN  VÙNG MIỀN ĐẠI PHÁT, Online Shop', NULL, ST_SetSRID(ST_MakePoint(106.7674000994053, 10.855258727035535), 4326), 'DACSAN_7166') ON CONFLICT DO NOTHING;
INSERT INTO stores (store_id, name, address, geom, place_id) VALUES (7167, 'Chouchou Phú Quốc, Online Shop', NULL, ST_SetSRID(ST_MakePoint(106.81465281428184, 10.876335365773723), 4326), 'DACSAN_7167') ON CONFLICT DO NOTHING;
INSERT INTO stores (store_id, name, address, geom, place_id) VALUES (7168, 'Thúy Liễu - Đặc sản Phú Yên, Online Shop', NULL, ST_SetSRID(ST_MakePoint(106.78659704182486, 10.850298063991081), 4326), 'DACSAN_7168') ON CONFLICT DO NOTHING;
INSERT INTO stores (store_id, name, address, geom, place_id) VALUES (7169, 'Hương_vị_quê, Online Shop', NULL, ST_SetSRID(ST_MakePoint(106.75718135871745, 10.876991494076035), 4326), 'DACSAN_7169') ON CONFLICT DO NOTHING;
INSERT INTO stores (store_id, name, address, geom, place_id) VALUES (7170, 'NAM LONG TRÀ TIỆM, Online Shop', NULL, ST_SetSRID(ST_MakePoint(106.79856515219998, 10.865824657893393), 4326), 'DACSAN_7170') ON CONFLICT DO NOTHING;
INSERT INTO stores (store_id, name, address, geom, place_id) VALUES (7171, 'Hải Âu 18, Online Shop', NULL, ST_SetSRID(ST_MakePoint(106.76732675751215, 10.852573418074375), 4326), 'DACSAN_7171') ON CONFLICT DO NOTHING;
INSERT INTO stores (store_id, name, address, geom, place_id) VALUES (7172, 'Ăn Vặt Linh Foods, Online Shop', NULL, ST_SetSRID(ST_MakePoint(106.7556113813552, 10.87539812645693), 4326), 'DACSAN_7172') ON CONFLICT DO NOTHING;
INSERT INTO stores (store_id, name, address, geom, place_id) VALUES (7173, 'Xưởng Bánh Tráng Minh Triết, Online Shop', NULL, ST_SetSRID(ST_MakePoint(106.80620597928366, 10.871921748859872), 4326), 'DACSAN_7173') ON CONFLICT DO NOTHING;
INSERT INTO stores (store_id, name, address, geom, place_id) VALUES (7174, 'ShopQuêHương, Online Shop', NULL, ST_SetSRID(ST_MakePoint(106.7527075346636, 10.866981573749076), 4326), 'DACSAN_7174') ON CONFLICT DO NOTHING;
INSERT INTO stores (store_id, name, address, geom, place_id) VALUES (7175, 'SocHomie Shop, Online Shop', NULL, ST_SetSRID(ST_MakePoint(106.79140977046663, 10.859031583804553), 4326), 'DACSAN_7175') ON CONFLICT DO NOTHING;
INSERT INTO stores (store_id, name, address, geom, place_id) VALUES (7176, 'THANH HAO SHOP, Online Shop', NULL, ST_SetSRID(ST_MakePoint(106.78942789526005, 10.866729251306177), 4326), 'DACSAN_7176') ON CONFLICT DO NOTHING;
INSERT INTO stores (store_id, name, address, geom, place_id) VALUES (7177, 'An Việt Foods, Online Shop', NULL, ST_SetSRID(ST_MakePoint(106.7712848650868, 10.87606969777176), 4326), 'DACSAN_7177') ON CONFLICT DO NOTHING;
INSERT INTO stores (store_id, name, address, geom, place_id) VALUES (7178, '79Food , Online Shop', NULL, ST_SetSRID(ST_MakePoint(106.80712415659127, 10.871885508531996), 4326), 'DACSAN_7178') ON CONFLICT DO NOTHING;
INSERT INTO stores (store_id, name, address, geom, place_id) VALUES (7179, 'Shopducdung, Online Shop', NULL, ST_SetSRID(ST_MakePoint(106.81127453960153, 10.868022065151447), 4326), 'DACSAN_7179') ON CONFLICT DO NOTHING;
INSERT INTO stores (store_id, name, address, geom, place_id) VALUES (7180, 'MƯỜI THIẾT, Online Shop', NULL, ST_SetSRID(ST_MakePoint(106.78599838062671, 10.85772539167617), 4326), 'DACSAN_7180') ON CONFLICT DO NOTHING;
INSERT INTO stores (store_id, name, address, geom, place_id) VALUES (7181, 'Tiệm Quê Nhà - Phan Rang, Online Shop', NULL, ST_SetSRID(ST_MakePoint(106.76853850875578, 10.859283313523687), 4326), 'DACSAN_7181') ON CONFLICT DO NOTHING;
INSERT INTO stores (store_id, name, address, geom, place_id) VALUES (7182, 'CodoMart, Online Shop', NULL, ST_SetSRID(ST_MakePoint(106.7613568720272, 10.854028224778864), 4326), 'DACSAN_7182') ON CONFLICT DO NOTHING;
INSERT INTO stores (store_id, name, address, geom, place_id) VALUES (7183, 'Râu Cào, Online Shop', NULL, ST_SetSRID(ST_MakePoint(106.80065406518924, 10.862502953985683), 4326), 'DACSAN_7183') ON CONFLICT DO NOTHING;
INSERT INTO stores (store_id, name, address, geom, place_id) VALUES (7184, 'Đặc sản Hoàng Thiên Foods, Online Shop', NULL, ST_SetSRID(ST_MakePoint(106.7759001579379, 10.867414683092374), 4326), 'DACSAN_7184') ON CONFLICT DO NOTHING;
INSERT INTO stores (store_id, name, address, geom, place_id) VALUES (7185, 'Bếp Nhà Cam- Đặc Sản Vùng Miền, Online Shop', NULL, ST_SetSRID(ST_MakePoint(106.81651897344732, 10.879802907858759), 4326), 'DACSAN_7185') ON CONFLICT DO NOTHING;
INSERT INTO stores (store_id, name, address, geom, place_id) VALUES (7186, 'Hải Sản Vùng Vịnh, Online Shop', NULL, ST_SetSRID(ST_MakePoint(106.80329112780363, 10.865794647980259), 4326), 'DACSAN_7186') ON CONFLICT DO NOTHING;
INSERT INTO stores (store_id, name, address, geom, place_id) VALUES (7187, 'Dược Thảo Truyền Thống, Online Shop', NULL, ST_SetSRID(ST_MakePoint(106.79566644752785, 10.861442965195934), 4326), 'DACSAN_7187') ON CONFLICT DO NOTHING;
INSERT INTO stores (store_id, name, address, geom, place_id) VALUES (7188, 'Lotso Candy, Online Shop', NULL, ST_SetSRID(ST_MakePoint(106.76888872113557, 10.854994366361007), 4326), 'DACSAN_7188') ON CONFLICT DO NOTHING;
INSERT INTO stores (store_id, name, address, geom, place_id) VALUES (7189, 'AN NHIÊN Foods - Ngon & Rẻ, Online Shop', NULL, ST_SetSRID(ST_MakePoint(106.77887861058193, 10.869875210543979), 4326), 'DACSAN_7189') ON CONFLICT DO NOTHING;
INSERT INTO stores (store_id, name, address, geom, place_id) VALUES (7190, 'Đặc sản Phú Yên Lê Hằng, Online Shop', NULL, ST_SetSRID(ST_MakePoint(106.7907181985154, 10.87272691950558), 4326), 'DACSAN_7190') ON CONFLICT DO NOTHING;
INSERT INTO stores (store_id, name, address, geom, place_id) VALUES (7191, 'VietFuCo - Coconut, Online Shop', NULL, ST_SetSRID(ST_MakePoint(106.79823771968336, 10.859482746516168), 4326), 'DACSAN_7191') ON CONFLICT DO NOTHING;
INSERT INTO stores (store_id, name, address, geom, place_id) VALUES (7192, 'Ăn Vặt Tiger Food, Online Shop', NULL, ST_SetSRID(ST_MakePoint(106.78325172960346, 10.874406311970715), 4326), 'DACSAN_7192') ON CONFLICT DO NOTHING;
INSERT INTO stores (store_id, name, address, geom, place_id) VALUES (7193, 'Bắp Nhà Bạch, Online Shop', NULL, ST_SetSRID(ST_MakePoint(106.81358078600802, 10.854093290021542), 4326), 'DACSAN_7193') ON CONFLICT DO NOTHING;
INSERT INTO stores (store_id, name, address, geom, place_id) VALUES (7194, 'Ngọc Tường Vy Store, Online Shop', NULL, ST_SetSRID(ST_MakePoint(106.8004275682614, 10.867466870534482), 4326), 'DACSAN_7194') ON CONFLICT DO NOTHING;
INSERT INTO stores (store_id, name, address, geom, place_id) VALUES (7195, 'Bếp Chè Thái Store, Online Shop', NULL, ST_SetSRID(ST_MakePoint(106.81871544055397, 10.863905379655598), 4326), 'DACSAN_7195') ON CONFLICT DO NOTHING;
INSERT INTO stores (store_id, name, address, geom, place_id) VALUES (7196, 'HCM - Chuyên Đặc Sản Tây Ninh, Online Shop', NULL, ST_SetSRID(ST_MakePoint(106.78148166842553, 10.866567030801319), 4326), 'DACSAN_7196') ON CONFLICT DO NOTHING;
INSERT INTO stores (store_id, name, address, geom, place_id) VALUES (7197, 'Tạp_Hóa_Minh Châu, Online Shop', NULL, ST_SetSRID(ST_MakePoint(106.76545672557656, 10.878591559457043), 4326), 'DACSAN_7197') ON CONFLICT DO NOTHING;
INSERT INTO stores (store_id, name, address, geom, place_id) VALUES (7198, 'Nhím Ăn Vặt Healthy, Online Shop', NULL, ST_SetSRID(ST_MakePoint(106.81374228610028, 10.850988846183002), 4326), 'DACSAN_7198') ON CONFLICT DO NOTHING;
INSERT INTO stores (store_id, name, address, geom, place_id) VALUES (7199, 'Quà Quê Hương_Đặc Sản Làm Quà, Online Shop', NULL, ST_SetSRID(ST_MakePoint(106.76302759748647, 10.86233758984837), 4326), 'DACSAN_7199') ON CONFLICT DO NOTHING;
INSERT INTO stores (store_id, name, address, geom, place_id) VALUES (7200, 'Muối Ớt Ngon Tây Ninh, Online Shop', NULL, ST_SetSRID(ST_MakePoint(106.8035228815162, 10.879950861643493), 4326), 'DACSAN_7200') ON CONFLICT DO NOTHING;
INSERT INTO stores (store_id, name, address, geom, place_id) VALUES (7201, 'Cửa hàng Đặc sản BK, Online Shop', NULL, ST_SetSRID(ST_MakePoint(106.79670845320517, 10.852602503777419), 4326), 'DACSAN_7201') ON CONFLICT DO NOTHING;
INSERT INTO stores (store_id, name, address, geom, place_id) VALUES (7202, 'NT.FOOD, Online Shop', NULL, ST_SetSRID(ST_MakePoint(106.78106074673934, 10.87705124895731), 4326), 'DACSAN_7202') ON CONFLICT DO NOTHING;
INSERT INTO stores (store_id, name, address, geom, place_id) VALUES (7203, 'Carrott House, Online Shop', NULL, ST_SetSRID(ST_MakePoint(106.75133436737191, 10.851847246373108), 4326), 'DACSAN_7203') ON CONFLICT DO NOTHING;
INSERT INTO stores (store_id, name, address, geom, place_id) VALUES (7204, 'Ô Mai Phan Huệ  Đặc Sản Hà Nội, Online Shop', NULL, ST_SetSRID(ST_MakePoint(106.81951760527194, 10.867719433357767), 4326), 'DACSAN_7204') ON CONFLICT DO NOTHING;
INSERT INTO stores (store_id, name, address, geom, place_id) VALUES (7205, 'Ăn Vặt Nhà Mọt, Online Shop', NULL, ST_SetSRID(ST_MakePoint(106.80115379996924, 10.860116113599055), 4326), 'DACSAN_7205') ON CONFLICT DO NOTHING;
INSERT INTO stores (store_id, name, address, geom, place_id) VALUES (7206, 'Hạt Đác LAM, Online Shop', NULL, ST_SetSRID(ST_MakePoint(106.76385877253159, 10.871203140796807), 4326), 'DACSAN_7206') ON CONFLICT DO NOTHING;
INSERT INTO stores (store_id, name, address, geom, place_id) VALUES (7207, 'Đặc sản Minh Hương - Gia Lai, Online Shop', NULL, ST_SetSRID(ST_MakePoint(106.77419100329054, 10.879879946236741), 4326), 'DACSAN_7207') ON CONFLICT DO NOTHING;
INSERT INTO stores (store_id, name, address, geom, place_id) VALUES (7208, 'MUNEs, Online Shop', NULL, ST_SetSRID(ST_MakePoint(106.80291991180596, 10.853595351545692), 4326), 'DACSAN_7208') ON CONFLICT DO NOTHING;
INSERT INTO stores (store_id, name, address, geom, place_id) VALUES (7209, 'Đặc Sản Quảng Ninh, Online Shop', NULL, ST_SetSRID(ST_MakePoint(106.76699292302618, 10.858635469418608), 4326), 'DACSAN_7209') ON CONFLICT DO NOTHING;
INSERT INTO stores (store_id, name, address, geom, place_id) VALUES (7210, 'Savifoods_Store, Online Shop', NULL, ST_SetSRID(ST_MakePoint(106.76717879665071, 10.850826780330264), 4326), 'DACSAN_7210') ON CONFLICT DO NOTHING;
INSERT INTO stores (store_id, name, address, geom, place_id) VALUES (7211, 'Nước mắm Hai Chị Em, Online Shop', NULL, ST_SetSRID(ST_MakePoint(106.81519158268293, 10.861471113112165), 4326), 'DACSAN_7211') ON CONFLICT DO NOTHING;
INSERT INTO stores (store_id, name, address, geom, place_id) VALUES (7212, 'Chị em nhà Thỏ - T&S Shop, Online Shop', NULL, ST_SetSRID(ST_MakePoint(106.78218860935229, 10.85553241737371), 4326), 'DACSAN_7212') ON CONFLICT DO NOTHING;
INSERT INTO stores (store_id, name, address, geom, place_id) VALUES (7213, 'Đặc sản Châu Đốc Trí Vân, Online Shop', NULL, ST_SetSRID(ST_MakePoint(106.77327060846618, 10.859304130302206), 4326), 'DACSAN_7213') ON CONFLICT DO NOTHING;
INSERT INTO stores (store_id, name, address, geom, place_id) VALUES (7214, 'phanthuan858, Online Shop', NULL, ST_SetSRID(ST_MakePoint(106.81895404888131, 10.853705828394554), 4326), 'DACSAN_7214') ON CONFLICT DO NOTHING;
INSERT INTO stores (store_id, name, address, geom, place_id) VALUES (7215, 'NGÂN Ú SHOP, Online Shop', NULL, ST_SetSRID(ST_MakePoint(106.79274849914192, 10.871550442851188), 4326), 'DACSAN_7215') ON CONFLICT DO NOTHING;
INSERT INTO stores (store_id, name, address, geom, place_id) VALUES (7216, 'Đặc Sản An Giang (Antesco), Online Shop', NULL, ST_SetSRID(ST_MakePoint(106.79170899879558, 10.864940704103555), 4326), 'DACSAN_7216') ON CONFLICT DO NOTHING;
INSERT INTO stores (store_id, name, address, geom, place_id) VALUES (7217, 'Shop Đặc Sản Huế, Online Shop', NULL, ST_SetSRID(ST_MakePoint(106.79486838482708, 10.872483638764866), 4326), 'DACSAN_7217') ON CONFLICT DO NOTHING;
INSERT INTO stores (store_id, name, address, geom, place_id) VALUES (7218, 'Nông Sản Dũng Ca, Online Shop', NULL, ST_SetSRID(ST_MakePoint(106.78083251003433, 10.851611104495193), 4326), 'DACSAN_7218') ON CONFLICT DO NOTHING;
INSERT INTO stores (store_id, name, address, geom, place_id) VALUES (7219, 'Nhà Chubbi, Online Shop', NULL, ST_SetSRID(ST_MakePoint(106.77892005577621, 10.858613763845229), 4326), 'DACSAN_7219') ON CONFLICT DO NOTHING;
INSERT INTO stores (store_id, name, address, geom, place_id) VALUES (7220, 'Ăn Vặt Nhà Lala, Online Shop', NULL, ST_SetSRID(ST_MakePoint(106.8019777487704, 10.869128516141247), 4326), 'DACSAN_7220') ON CONFLICT DO NOTHING;
INSERT INTO stores (store_id, name, address, geom, place_id) VALUES (7221, 'Nem Chua Thiên Ân TH, Online Shop', NULL, ST_SetSRID(ST_MakePoint(106.80120539344658, 10.85670545717885), 4326), 'DACSAN_7221') ON CONFLICT DO NOTHING;
INSERT INTO stores (store_id, name, address, geom, place_id) VALUES (7222, 'Ăn Vặt Phương Lam, Online Shop', NULL, ST_SetSRID(ST_MakePoint(106.77407826541351, 10.872691690379064), 4326), 'DACSAN_7222') ON CONFLICT DO NOTHING;
INSERT INTO stores (store_id, name, address, geom, place_id) VALUES (7223, 'Hùng Sơn ecommerce, Online Shop', NULL, ST_SetSRID(ST_MakePoint(106.78128963369015, 10.86967472517168), 4326), 'DACSAN_7223') ON CONFLICT DO NOTHING;
INSERT INTO stores (store_id, name, address, geom, place_id) VALUES (7224, 'Ăn Vặt 492 - anvat492, Online Shop', NULL, ST_SetSRID(ST_MakePoint(106.80189486422603, 10.858583113935744), 4326), 'DACSAN_7224') ON CONFLICT DO NOTHING;
INSERT INTO stores (store_id, name, address, geom, place_id) VALUES (7225, 'Ăn Vặt Sohan, Online Shop', NULL, ST_SetSRID(ST_MakePoint(106.812368117607, 10.858659401176245), 4326), 'DACSAN_7225') ON CONFLICT DO NOTHING;
INSERT INTO stores (store_id, name, address, geom, place_id) VALUES (7226, 'Juri_Store, Online Shop', NULL, ST_SetSRID(ST_MakePoint(106.8105723387519, 10.85585105125362), 4326), 'DACSAN_7226') ON CONFLICT DO NOTHING;
INSERT INTO stores (store_id, name, address, geom, place_id) VALUES (7227, 'Đồ Ăn Vặt Quang Minh, Online Shop', NULL, ST_SetSRID(ST_MakePoint(106.81153313565021, 10.854846286801614), 4326), 'DACSAN_7227') ON CONFLICT DO NOTHING;
INSERT INTO stores (store_id, name, address, geom, place_id) VALUES (7228, 'ĐẶC SẢN TAM QUAN, Online Shop', NULL, ST_SetSRID(ST_MakePoint(106.75814540603876, 10.87669312198497), 4326), 'DACSAN_7228') ON CONFLICT DO NOTHING;
INSERT INTO stores (store_id, name, address, geom, place_id) VALUES (7229, 'MỰC KHÔ BA THIỆN, Online Shop', NULL, ST_SetSRID(ST_MakePoint(106.79588483482095, 10.861415543426235), 4326), 'DACSAN_7229') ON CONFLICT DO NOTHING;
INSERT INTO stores (store_id, name, address, geom, place_id) VALUES (7230, 'Bách Hóa Online Tổng Hợp, Online Shop', NULL, ST_SetSRID(ST_MakePoint(106.80560136217389, 10.863490091459552), 4326), 'DACSAN_7230') ON CONFLICT DO NOTHING;
INSERT INTO stores (store_id, name, address, geom, place_id) VALUES (7231, 'ĐặcSảnBiểnPhanThiết NGỌC DŨNG, Online Shop', NULL, ST_SetSRID(ST_MakePoint(106.81384818173595, 10.85973419158151), 4326), 'DACSAN_7231') ON CONFLICT DO NOTHING;
INSERT INTO stores (store_id, name, address, geom, place_id) VALUES (7232, 'Go Green Organic Shop, Online Shop', NULL, ST_SetSRID(ST_MakePoint(106.81644342908379, 10.87430143519693), 4326), 'DACSAN_7232') ON CONFLICT DO NOTHING;
INSERT INTO stores (store_id, name, address, geom, place_id) VALUES (7233, 'Ăn vặt nhà Cốm, Online Shop', NULL, ST_SetSRID(ST_MakePoint(106.79197681333314, 10.878733963525749), 4326), 'DACSAN_7233') ON CONFLICT DO NOTHING;
INSERT INTO stores (store_id, name, address, geom, place_id) VALUES (7234, 'Tiệm Ăn Vặt Thuỳ Bùi HN, Online Shop', NULL, ST_SetSRID(ST_MakePoint(106.76454855931074, 10.863141449363386), 4326), 'DACSAN_7234') ON CONFLICT DO NOTHING;
INSERT INTO stores (store_id, name, address, geom, place_id) VALUES (7235, 'TIỆM CỦA TRIỀU, Online Shop', NULL, ST_SetSRID(ST_MakePoint(106.76264869839041, 10.876085732383402), 4326), 'DACSAN_7235') ON CONFLICT DO NOTHING;
INSERT INTO stores (store_id, name, address, geom, place_id) VALUES (7236, 'Đặc Sản Miền Trung Bà Tròn, Online Shop', NULL, ST_SetSRID(ST_MakePoint(106.81240133348359, 10.858950872158935), 4326), 'DACSAN_7236') ON CONFLICT DO NOTHING;
INSERT INTO stores (store_id, name, address, geom, place_id) VALUES (7237, 'Đặc Sản Nha Trang_TADICO, Online Shop', NULL, ST_SetSRID(ST_MakePoint(106.81788766301845, 10.866119197190622), 4326), 'DACSAN_7237') ON CONFLICT DO NOTHING;
INSERT INTO stores (store_id, name, address, geom, place_id) VALUES (7238, 'Đường phèn mật mía 37, Online Shop', NULL, ST_SetSRID(ST_MakePoint(106.77437580188518, 10.857332128030958), 4326), 'DACSAN_7238') ON CONFLICT DO NOTHING;
INSERT INTO stores (store_id, name, address, geom, place_id) VALUES (7239, 'Tạp Hoá Cô Hạnh 02, Online Shop', NULL, ST_SetSRID(ST_MakePoint(106.81003928019011, 10.860796027464394), 4326), 'DACSAN_7239') ON CONFLICT DO NOTHING;
INSERT INTO stores (store_id, name, address, geom, place_id) VALUES (7240, 'Đặc Sản Xứ Nghệ Food, Online Shop', NULL, ST_SetSRID(ST_MakePoint(106.75101075688245, 10.863429106536131), 4326), 'DACSAN_7240') ON CONFLICT DO NOTHING;
INSERT INTO stores (store_id, name, address, geom, place_id) VALUES (7241, 'Tiệm Ăn Vặt Thuỳ Bùi., Online Shop', NULL, ST_SetSRID(ST_MakePoint(106.76939402960417, 10.873627616740619), 4326), 'DACSAN_7241') ON CONFLICT DO NOTHING;
INSERT INTO stores (store_id, name, address, geom, place_id) VALUES (7242, 'Đặc Sản Pác Bó - Cao Bằng, Online Shop', NULL, ST_SetSRID(ST_MakePoint(106.78526851258577, 10.87761565691599), 4326), 'DACSAN_7242') ON CONFLICT DO NOTHING;
INSERT INTO stores (store_id, name, address, geom, place_id) VALUES (7243, 'Đồ Ăn Vặt GiaLai Market, Online Shop', NULL, ST_SetSRID(ST_MakePoint(106.80685067504731, 10.866272590817575), 4326), 'DACSAN_7243') ON CONFLICT DO NOTHING;
INSERT INTO stores (store_id, name, address, geom, place_id) VALUES (7244, 'Shop Hạt Dinh Dưỡng 9 Nuts, Online Shop', NULL, ST_SetSRID(ST_MakePoint(106.7653271469405, 10.853988720845454), 4326), 'DACSAN_7244') ON CONFLICT DO NOTHING;
INSERT INTO stores (store_id, name, address, geom, place_id) VALUES (7245, 'Đặc Sản Xứ Dừa - Cocosweet, Online Shop', NULL, ST_SetSRID(ST_MakePoint(106.77494693603059, 10.857385998048658), 4326), 'DACSAN_7245') ON CONFLICT DO NOTHING;
INSERT INTO stores (store_id, name, address, geom, place_id) VALUES (7246, 'ĂN VẶT NHÀ GẤU-ĐẶC SẢN ĐÀ NẴNG, Online Shop', NULL, ST_SetSRID(ST_MakePoint(106.77524867226154, 10.876652400538784), 4326), 'DACSAN_7246') ON CONFLICT DO NOTHING;
INSERT INTO stores (store_id, name, address, geom, place_id) VALUES (7247, 'shopcodo, Online Shop', NULL, ST_SetSRID(ST_MakePoint(106.78232549120379, 10.86787274945562), 4326), 'DACSAN_7247') ON CONFLICT DO NOTHING;
INSERT INTO stores (store_id, name, address, geom, place_id) VALUES (7248, 'Ông bố tạp hoá, Online Shop', NULL, ST_SetSRID(ST_MakePoint(106.80457584636932, 10.86994034650271), 4326), 'DACSAN_7248') ON CONFLICT DO NOTHING;
INSERT INTO stores (store_id, name, address, geom, place_id) VALUES (7249, 'Tương Ớt Rim Quảng Ngãi ND, Online Shop', NULL, ST_SetSRID(ST_MakePoint(106.76949721528854, 10.874650983289879), 4326), 'DACSAN_7249') ON CONFLICT DO NOTHING;
INSERT INTO stores (store_id, name, address, geom, place_id) VALUES (7250, 'Ngoc Dung TP, Online Shop', NULL, ST_SetSRID(ST_MakePoint(106.81063716335474, 10.870320231935365), 4326), 'DACSAN_7250') ON CONFLICT DO NOTHING;
INSERT INTO stores (store_id, name, address, geom, place_id) VALUES (7251, 'Cơm Cháy Lúa Chà Bông, Online Shop', NULL, ST_SetSRID(ST_MakePoint(106.76833570447339, 10.864127827337802), 4326), 'DACSAN_7251') ON CONFLICT DO NOTHING;
INSERT INTO stores (store_id, name, address, geom, place_id) VALUES (7252, 'Hương Vị Quê Nhà1, Online Shop', NULL, ST_SetSRID(ST_MakePoint(106.77608713192676, 10.859766813346239), 4326), 'DACSAN_7252') ON CONFLICT DO NOTHING;
INSERT INTO stores (store_id, name, address, geom, place_id) VALUES (7253, 'Moony Farm _ Đặc Sản Đà Lạt, Online Shop', NULL, ST_SetSRID(ST_MakePoint(106.76089238260063, 10.872650065278794), 4326), 'DACSAN_7253') ON CONFLICT DO NOTHING;
INSERT INTO stores (store_id, name, address, geom, place_id) VALUES (7254, 'Ăn vặt Tô Hi, Online Shop', NULL, ST_SetSRID(ST_MakePoint(106.8091844177857, 10.853916797873316), 4326), 'DACSAN_7254') ON CONFLICT DO NOTHING;
INSERT INTO stores (store_id, name, address, geom, place_id) VALUES (7255, 'Ngon. Ngọt. Shop 91, Online Shop', NULL, ST_SetSRID(ST_MakePoint(106.75186966565359, 10.8551037126406), 4326), 'DACSAN_7255') ON CONFLICT DO NOTHING;
INSERT INTO stores (store_id, name, address, geom, place_id) VALUES (7256, 'HotHot, Online Shop', NULL, ST_SetSRID(ST_MakePoint(106.79988575228145, 10.861137562589288), 4326), 'DACSAN_7256') ON CONFLICT DO NOTHING;
INSERT INTO stores (store_id, name, address, geom, place_id) VALUES (7257, 'Đặc Sản Đà Nẵng Chính Gốc, Online Shop', NULL, ST_SetSRID(ST_MakePoint(106.80621553753525, 10.858841641541014), 4326), 'DACSAN_7257') ON CONFLICT DO NOTHING;
INSERT INTO stores (store_id, name, address, geom, place_id) VALUES (7258, 'Huế Food, Online Shop', NULL, ST_SetSRID(ST_MakePoint(106.77223401150839, 10.872648842581144), 4326), 'DACSAN_7258') ON CONFLICT DO NOTHING;
INSERT INTO stores (store_id, name, address, geom, place_id) VALUES (7259, 'Hoàng Minh Food Đặc Sản Đà Lạt, Online Shop', NULL, ST_SetSRID(ST_MakePoint(106.75009948402679, 10.854039490457971), 4326), 'DACSAN_7259') ON CONFLICT DO NOTHING;
INSERT INTO stores (store_id, name, address, geom, place_id) VALUES (7260, 'Tiệm ăn vặt tiểu hổ 🐯, Online Shop', NULL, ST_SetSRID(ST_MakePoint(106.76173806402007, 10.85563016827627), 4326), 'DACSAN_7260') ON CONFLICT DO NOTHING;
INSERT INTO stores (store_id, name, address, geom, place_id) VALUES (7261, 'Đặc Sản Huế Nguyên Thảo, Online Shop', NULL, ST_SetSRID(ST_MakePoint(106.7677729496004, 10.855029953481822), 4326), 'DACSAN_7261') ON CONFLICT DO NOTHING;
INSERT INTO stores (store_id, name, address, geom, place_id) VALUES (7262, 'thanhha1995155, Online Shop', NULL, ST_SetSRID(ST_MakePoint(106.79952552891645, 10.875453621035343), 4326), 'DACSAN_7262') ON CONFLICT DO NOTHING;
INSERT INTO stores (store_id, name, address, geom, place_id) VALUES (7263, 'ViDa Food, Online Shop', NULL, ST_SetSRID(ST_MakePoint(106.75068671358972, 10.867735410540051), 4326), 'DACSAN_7263') ON CONFLICT DO NOTHING;
INSERT INTO stores (store_id, name, address, geom, place_id) VALUES (7264, 'shop đồ ăn vặt Nhật Anh, Online Shop', NULL, ST_SetSRID(ST_MakePoint(106.79288381414032, 10.863167554885864), 4326), 'DACSAN_7264') ON CONFLICT DO NOTHING;
INSERT INTO stores (store_id, name, address, geom, place_id) VALUES (7265, 'anvat.ngonlaclu, Online Shop', NULL, ST_SetSRID(ST_MakePoint(106.80034972584943, 10.87850021294963), 4326), 'DACSAN_7265') ON CONFLICT DO NOTHING;
INSERT INTO stores (store_id, name, address, geom, place_id) VALUES (7266, 'Tiệm Tạp Hóa Cây Dừa, Online Shop', NULL, ST_SetSRID(ST_MakePoint(106.80482088306925, 10.857405047582802), 4326), 'DACSAN_7266') ON CONFLICT DO NOTHING;
INSERT INTO stores (store_id, name, address, geom, place_id) VALUES (7267, 'Healthy - Food - Shop, Online Shop', NULL, ST_SetSRID(ST_MakePoint(106.77221062588265, 10.867454665331632), 4326), 'DACSAN_7267') ON CONFLICT DO NOTHING;
INSERT INTO stores (store_id, name, address, geom, place_id) VALUES (7268, 'SUMI FOOD, Online Shop', NULL, ST_SetSRID(ST_MakePoint(106.7784675166364, 10.863188503946406), 4326), 'DACSAN_7268') ON CONFLICT DO NOTHING;
INSERT INTO stores (store_id, name, address, geom, place_id) VALUES (7269, 'NCShoes, Online Shop', NULL, ST_SetSRID(ST_MakePoint(106.8173647741821, 10.876367040985409), 4326), 'DACSAN_7269') ON CONFLICT DO NOTHING;
INSERT INTO stores (store_id, name, address, geom, place_id) VALUES (7270, 'Minmart Food, Online Shop', NULL, ST_SetSRID(ST_MakePoint(106.7891593443302, 10.877648913215491), 4326), 'DACSAN_7270') ON CONFLICT DO NOTHING;
INSERT INTO stores (store_id, name, address, geom, place_id) VALUES (7271, 'hannaly90, Online Shop', NULL, ST_SetSRID(ST_MakePoint(106.79536562448511, 10.855946636390465), 4326), 'DACSAN_7271') ON CONFLICT DO NOTHING;
INSERT INTO stores (store_id, name, address, geom, place_id) VALUES (7272, 'Vựa khô Tô Quy - Kiên Giang, Online Shop', NULL, ST_SetSRID(ST_MakePoint(106.76429556373624, 10.866159188600882), 4326), 'DACSAN_7272') ON CONFLICT DO NOTHING;
INSERT INTO stores (store_id, name, address, geom, place_id) VALUES (7273, 'Đặc Sản 3 Miền Nếp Hương, Online Shop', NULL, ST_SetSRID(ST_MakePoint(106.76845621509499, 10.853031685962018), 4326), 'DACSAN_7273') ON CONFLICT DO NOTHING;
INSERT INTO stores (store_id, name, address, geom, place_id) VALUES (7274, 'CÔ EM NEM CHẢ, Online Shop', NULL, ST_SetSRID(ST_MakePoint(106.7559393626339, 10.86417800488627), 4326), 'DACSAN_7274') ON CONFLICT DO NOTHING;
INSERT INTO stores (store_id, name, address, geom, place_id) VALUES (7275, 'Tạp Hóa Mẫn Nhi, Online Shop', NULL, ST_SetSRID(ST_MakePoint(106.78975410593948, 10.865975716565025), 4326), 'DACSAN_7275') ON CONFLICT DO NOTHING;
INSERT INTO stores (store_id, name, address, geom, place_id) VALUES (7276, 'NATURE FOOD, Online Shop', NULL, ST_SetSRID(ST_MakePoint(106.75362216016427, 10.862090625377528), 4326), 'DACSAN_7276') ON CONFLICT DO NOTHING;
INSERT INTO stores (store_id, name, address, geom, place_id) VALUES (7277, 'ĂN VẶT CỦ CHI MITSTORE, Online Shop', NULL, ST_SetSRID(ST_MakePoint(106.7817706211417, 10.851956394499013), 4326), 'DACSAN_7277') ON CONFLICT DO NOTHING;
INSERT INTO stores (store_id, name, address, geom, place_id) VALUES (7278, 'Đặc Sản Ba Miền Huỳnh Trang, Online Shop', NULL, ST_SetSRID(ST_MakePoint(106.80876877857544, 10.874549065690047), 4326), 'DACSAN_7278') ON CONFLICT DO NOTHING;
INSERT INTO stores (store_id, name, address, geom, place_id) VALUES (7279, '100% Đà Lạt - Quà lành xứ lạnh, Online Shop', NULL, ST_SetSRID(ST_MakePoint(106.8077434574019, 10.857774756780929), 4326), 'DACSAN_7279') ON CONFLICT DO NOTHING;
INSERT INTO stores (store_id, name, address, geom, place_id) VALUES (7280, 'Sương Sương AUDIO, Online Shop', NULL, ST_SetSRID(ST_MakePoint(106.75276205970937, 10.85964827980236), 4326), 'DACSAN_7280') ON CONFLICT DO NOTHING;
INSERT INTO stores (store_id, name, address, geom, place_id) VALUES (7281, 'Đặc Sản Đà Nẵng - TIEMCUATHUY, Online Shop', NULL, ST_SetSRID(ST_MakePoint(106.75436686306043, 10.851437597492795), 4326), 'DACSAN_7281') ON CONFLICT DO NOTHING;
INSERT INTO stores (store_id, name, address, geom, place_id) VALUES (7282, 'Đặc sản 27 Điện Biên, Online Shop', NULL, ST_SetSRID(ST_MakePoint(106.77671874103883, 10.863024872110833), 4326), 'DACSAN_7282') ON CONFLICT DO NOTHING;
INSERT INTO stores (store_id, name, address, geom, place_id) VALUES (7283, 'Món ăn vặt Trung Quốc, Online Shop', NULL, ST_SetSRID(ST_MakePoint(106.81241915604419, 10.87711867809074), 4326), 'DACSAN_7283') ON CONFLICT DO NOTHING;
INSERT INTO stores (store_id, name, address, geom, place_id) VALUES (7284, 'Mint Food, Online Shop', NULL, ST_SetSRID(ST_MakePoint(106.75974920981182, 10.870000106943426), 4326), 'DACSAN_7284') ON CONFLICT DO NOTHING;
INSERT INTO stores (store_id, name, address, geom, place_id) VALUES (7285, 'Đặc Sản Trần Đề, Online Shop', NULL, ST_SetSRID(ST_MakePoint(106.7753279658304, 10.861498803068187), 4326), 'DACSAN_7285') ON CONFLICT DO NOTHING;
INSERT INTO stores (store_id, name, address, geom, place_id) VALUES (7286, 'Vựa Khô Kiên Giang.68, Online Shop', NULL, ST_SetSRID(ST_MakePoint(106.81113346483738, 10.86094637474853), 4326), 'DACSAN_7286') ON CONFLICT DO NOTHING;
INSERT INTO stores (store_id, name, address, geom, place_id) VALUES (7287, 'Nhà Phân Phối Sam Food, Online Shop', NULL, ST_SetSRID(ST_MakePoint(106.81844291816306, 10.878893881525563), 4326), 'DACSAN_7287') ON CONFLICT DO NOTHING;
INSERT INTO stores (store_id, name, address, geom, place_id) VALUES (7288, 'Hiếu shop đồ ăn vặt, Online Shop', NULL, ST_SetSRID(ST_MakePoint(106.75581836726896, 10.86425702983431), 4326), 'DACSAN_7288') ON CONFLICT DO NOTHING;
INSERT INTO stores (store_id, name, address, geom, place_id) VALUES (7289, 'Đặc Sản Từ Núi Rừng, Online Shop', NULL, ST_SetSRID(ST_MakePoint(106.75902861725483, 10.87897578228283), 4326), 'DACSAN_7289') ON CONFLICT DO NOTHING;
INSERT INTO stores (store_id, name, address, geom, place_id) VALUES (7290, 'Thảo Thảo Cosmetics, Online Shop', NULL, ST_SetSRID(ST_MakePoint(106.78358030316207, 10.877224849900829), 4326), 'DACSAN_7290') ON CONFLICT DO NOTHING;
INSERT INTO stores (store_id, name, address, geom, place_id) VALUES (7291, 'TD Store - Quà Đặc Sản Việt, Online Shop', NULL, ST_SetSRID(ST_MakePoint(106.76619555440706, 10.853968293272585), 4326), 'DACSAN_7291') ON CONFLICT DO NOTHING;
INSERT INTO stores (store_id, name, address, geom, place_id) VALUES (7292, 'Nhà thuốc Hân Trân, Online Shop', NULL, ST_SetSRID(ST_MakePoint(106.75838967705417, 10.875938614713654), 4326), 'DACSAN_7292') ON CONFLICT DO NOTHING;
INSERT INTO stores (store_id, name, address, geom, place_id) VALUES (7293, 'Đặc Sản Nha Trang Phương Anh, Online Shop', NULL, ST_SetSRID(ST_MakePoint(106.75400837667995, 10.85764591838804), 4326), 'DACSAN_7293') ON CONFLICT DO NOTHING;
INSERT INTO stores (store_id, name, address, geom, place_id) VALUES (7294, 'Lân Núi Rừng - Đồ Tây Bắc ĐB, Online Shop', NULL, ST_SetSRID(ST_MakePoint(106.77187862655508, 10.851959043740159), 4326), 'DACSAN_7294') ON CONFLICT DO NOTHING;
INSERT INTO stores (store_id, name, address, geom, place_id) VALUES (7295, 'Đặc sản ĐÀ NẴNG - Cơ sở Hà Nội, Online Shop', NULL, ST_SetSRID(ST_MakePoint(106.76809730259109, 10.866855774404414), 4326), 'DACSAN_7295') ON CONFLICT DO NOTHING;
INSERT INTO stores (store_id, name, address, geom, place_id) VALUES (7296, 'BÁCH HOÁ GIÁ TỐT 2020, Online Shop', NULL, ST_SetSRID(ST_MakePoint(106.79381192172006, 10.852309930185559), 4326), 'DACSAN_7296') ON CONFLICT DO NOTHING;
INSERT INTO stores (store_id, name, address, geom, place_id) VALUES (7297, 'DaLaVi -Đặc Sản Đà Lạt, Online Shop', NULL, ST_SetSRID(ST_MakePoint(106.80283958049272, 10.870663350986081), 4326), 'DACSAN_7297') ON CONFLICT DO NOTHING;
INSERT INTO stores (store_id, name, address, geom, place_id) VALUES (7298, 'quynhquang chuyện sỉ, Online Shop', NULL, ST_SetSRID(ST_MakePoint(106.80223285234597, 10.861085127159201), 4326), 'DACSAN_7298') ON CONFLICT DO NOTHING;
INSERT INTO stores (store_id, name, address, geom, place_id) VALUES (7299, 'BôngHi shop, Online Shop', NULL, ST_SetSRID(ST_MakePoint(106.79656050798629, 10.85641756503754), 4326), 'DACSAN_7299') ON CONFLICT DO NOTHING;
INSERT INTO stores (store_id, name, address, geom, place_id) VALUES (7300, 'ĐẶC SẢN PHÚ QUỐC 2608, Online Shop', NULL, ST_SetSRID(ST_MakePoint(106.76642336137277, 10.879760927337616), 4326), 'DACSAN_7300') ON CONFLICT DO NOTHING;
INSERT INTO stores (store_id, name, address, geom, place_id) VALUES (7301, 'Siêu Thị Đặc Sản Hương Đà, Online Shop', NULL, ST_SetSRID(ST_MakePoint(106.75805926068642, 10.858498078932247), 4326), 'DACSAN_7301') ON CONFLICT DO NOTHING;
INSERT INTO stores (store_id, name, address, geom, place_id) VALUES (7302, 'Ăn vặt nhà Dung, Online Shop', NULL, ST_SetSRID(ST_MakePoint(106.79577805318976, 10.850697497057771), 4326), 'DACSAN_7302') ON CONFLICT DO NOTHING;
INSERT INTO stores (store_id, name, address, geom, place_id) VALUES (7303, 'Meganuts_Hạt dinh dưỡng, Online Shop', NULL, ST_SetSRID(ST_MakePoint(106.75282652782013, 10.85417236561719), 4326), 'DACSAN_7303') ON CONFLICT DO NOTHING;
INSERT INTO stores (store_id, name, address, geom, place_id) VALUES (7304, 'Tùng Linh  Ăn Vặt HN, Online Shop', NULL, ST_SetSRID(ST_MakePoint(106.80741874437277, 10.850632502358364), 4326), 'DACSAN_7304') ON CONFLICT DO NOTHING;
INSERT INTO stores (store_id, name, address, geom, place_id) VALUES (7305, 'Cửa hàng Huệ Minh, Online Shop', NULL, ST_SetSRID(ST_MakePoint(106.76398671002033, 10.86792109929653), 4326), 'DACSAN_7305') ON CONFLICT DO NOTHING;
INSERT INTO stores (store_id, name, address, geom, place_id) VALUES (7306, 'Đặc Sản Mắm Huế O Loan., Online Shop', NULL, ST_SetSRID(ST_MakePoint(106.80720614683301, 10.85415583499598), 4326), 'DACSAN_7306') ON CONFLICT DO NOTHING;
INSERT INTO stores (store_id, name, address, geom, place_id) VALUES (7307, 'NGỌC NGA MART_ SÂM HÀN QUỐC, Online Shop', NULL, ST_SetSRID(ST_MakePoint(106.76493754650856, 10.87968956364061), 4326), 'DACSAN_7307') ON CONFLICT DO NOTHING;
INSERT INTO stores (store_id, name, address, geom, place_id) VALUES (7308, 'Trafoods, Online Shop', NULL, ST_SetSRID(ST_MakePoint(106.77362350519425, 10.86001137617287), 4326), 'DACSAN_7308') ON CONFLICT DO NOTHING;
INSERT INTO stores (store_id, name, address, geom, place_id) VALUES (7309, 'Tuna Shop VN, Online Shop', NULL, ST_SetSRID(ST_MakePoint(106.75594400758946, 10.866343043562972), 4326), 'DACSAN_7309') ON CONFLICT DO NOTHING;
INSERT INTO stores (store_id, name, address, geom, place_id) VALUES (7310, 'Mắm Huế Vị Xưa – Yến Đô, Online Shop', NULL, ST_SetSRID(ST_MakePoint(106.75163720370169, 10.874352937237193), 4326), 'DACSAN_7310') ON CONFLICT DO NOTHING;
INSERT INTO stores (store_id, name, address, geom, place_id) VALUES (7311, 'Ô mai Hồng Lam Hàng Đường, Online Shop', NULL, ST_SetSRID(ST_MakePoint(106.77443304136439, 10.876271468045974), 4326), 'DACSAN_7311') ON CONFLICT DO NOTHING;
INSERT INTO stores (store_id, name, address, geom, place_id) VALUES (7312, 'Ăn Vặt Châu Châu HN, Online Shop', NULL, ST_SetSRID(ST_MakePoint(106.78785931603994, 10.867882073345255), 4326), 'DACSAN_7312') ON CONFLICT DO NOTHING;
INSERT INTO stores (store_id, name, address, geom, place_id) VALUES (7313, 'Tiemhoaquasay88, Online Shop', NULL, ST_SetSRID(ST_MakePoint(106.77029119368034, 10.879149767352532), 4326), 'DACSAN_7313') ON CONFLICT DO NOTHING;
INSERT INTO stores (store_id, name, address, geom, place_id) VALUES (7314, 'MINH VAN FOOD, Online Shop', NULL, ST_SetSRID(ST_MakePoint(106.78162842637262, 10.860724511548325), 4326), 'DACSAN_7314') ON CONFLICT DO NOTHING;
INSERT INTO stores (store_id, name, address, geom, place_id) VALUES (7315, 'Đặc Sản Xứ Dừa 71 Vĩnh Long, Online Shop', NULL, ST_SetSRID(ST_MakePoint(106.76761904702595, 10.8688745744624), 4326), 'DACSAN_7315') ON CONFLICT DO NOTHING;
INSERT INTO stores (store_id, name, address, geom, place_id) VALUES (7316, 'Bánh Phồng Thanh Phương, Online Shop', NULL, ST_SetSRID(ST_MakePoint(106.77924279796203, 10.867831253019133), 4326), 'DACSAN_7316') ON CONFLICT DO NOTHING;
INSERT INTO stores (store_id, name, address, geom, place_id) VALUES (7317, 'ĐẶC SẢN DAKYDO, Online Shop', NULL, ST_SetSRID(ST_MakePoint(106.78681205892228, 10.864350294132285), 4326), 'DACSAN_7317') ON CONFLICT DO NOTHING;
INSERT INTO stores (store_id, name, address, geom, place_id) VALUES (7318, 'vulanh.1986, Online Shop', NULL, ST_SetSRID(ST_MakePoint(106.75669930085132, 10.87482750382578), 4326), 'DACSAN_7318') ON CONFLICT DO NOTHING;
INSERT INTO stores (store_id, name, address, geom, place_id) VALUES (7319, 'HUCHU nội thất, Online Shop', NULL, ST_SetSRID(ST_MakePoint(106.81967614073946, 10.86185587998112), 4326), 'DACSAN_7319') ON CONFLICT DO NOTHING;
INSERT INTO stores (store_id, name, address, geom, place_id) VALUES (7320, 'Bình Thuận Foods, Online Shop', NULL, ST_SetSRID(ST_MakePoint(106.80845083465418, 10.8553214240787), 4326), 'DACSAN_7320') ON CONFLICT DO NOTHING;
INSERT INTO stores (store_id, name, address, geom, place_id) VALUES (7321, 'Út Hà Đặc Sản Quê, Online Shop', NULL, ST_SetSRID(ST_MakePoint(106.76989787889639, 10.879639043409167), 4326), 'DACSAN_7321') ON CONFLICT DO NOTHING;
INSERT INTO stores (store_id, name, address, geom, place_id) VALUES (7322, 'Cahoro Food, Online Shop', NULL, ST_SetSRID(ST_MakePoint(106.78962722388887, 10.858931277873062), 4326), 'DACSAN_7322') ON CONFLICT DO NOTHING;
INSERT INTO stores (store_id, name, address, geom, place_id) VALUES (7323, 'Tiệm ăn vặt Der Tag, Online Shop', NULL, ST_SetSRID(ST_MakePoint(106.78149530079857, 10.855663433611822), 4326), 'DACSAN_7323') ON CONFLICT DO NOTHING;
INSERT INTO stores (store_id, name, address, geom, place_id) VALUES (7324, 'Cô Hai Tỏ - Đặc sản Bến Tre, Online Shop', NULL, ST_SetSRID(ST_MakePoint(106.79111330437141, 10.871128135676198), 4326), 'DACSAN_7324') ON CONFLICT DO NOTHING;
INSERT INTO stores (store_id, name, address, geom, place_id) VALUES (7325, 'Hải Sản Khô - Miền Trung, Online Shop', NULL, ST_SetSRID(ST_MakePoint(106.77858086554579, 10.856764877233909), 4326), 'DACSAN_7325') ON CONFLICT DO NOTHING;
INSERT INTO stores (store_id, name, address, geom, place_id) VALUES (7326, 'Yêu Đà Lạt, Online Shop', NULL, ST_SetSRID(ST_MakePoint(106.78606291853784, 10.864028603925416), 4326), 'DACSAN_7326') ON CONFLICT DO NOTHING;
INSERT INTO stores (store_id, name, address, geom, place_id) VALUES (7327, 'Bếp Lan Nhi, Online Shop', NULL, ST_SetSRID(ST_MakePoint(106.78649819181086, 10.864940219692606), 4326), 'DACSAN_7327') ON CONFLICT DO NOTHING;
INSERT INTO stores (store_id, name, address, geom, place_id) VALUES (7328, 'Ngọc Hạnh Cà Mau, Online Shop', NULL, ST_SetSRID(ST_MakePoint(106.80140307461267, 10.872121150681668), 4326), 'DACSAN_7328') ON CONFLICT DO NOTHING;
INSERT INTO stores (store_id, name, address, geom, place_id) VALUES (7329, 'Sop Lâm Anh, Online Shop', NULL, ST_SetSRID(ST_MakePoint(106.8030328781893, 10.86657015344714), 4326), 'DACSAN_7329') ON CONFLICT DO NOTHING;
INSERT INTO stores (store_id, name, address, geom, place_id) VALUES (7330, 'Quà Xứ Huế, Online Shop', NULL, ST_SetSRID(ST_MakePoint(106.80105367057884, 10.851366379950697), 4326), 'DACSAN_7330') ON CONFLICT DO NOTHING;
INSERT INTO stores (store_id, name, address, geom, place_id) VALUES (7331, 'Ami - Tiệm Nhà Gấu 02, Online Shop', NULL, ST_SetSRID(ST_MakePoint(106.78378191786155, 10.860431432072515), 4326), 'DACSAN_7331') ON CONFLICT DO NOTHING;
INSERT INTO stores (store_id, name, address, geom, place_id) VALUES (7332, 'Ăn cùng bắp bắp, Online Shop', NULL, ST_SetSRID(ST_MakePoint(106.81649695223257, 10.872996750889527), 4326), 'DACSAN_7332') ON CONFLICT DO NOTHING;
INSERT INTO stores (store_id, name, address, geom, place_id) VALUES (7333, 'Hiền Anh Foods, Online Shop', NULL, ST_SetSRID(ST_MakePoint(106.77938885289275, 10.872155267357499), 4326), 'DACSAN_7333') ON CONFLICT DO NOTHING;
INSERT INTO stores (store_id, name, address, geom, place_id) VALUES (7334, 'Tiệm nhà Dolli, Online Shop', NULL, ST_SetSRID(ST_MakePoint(106.75664474464313, 10.865115405708007), 4326), 'DACSAN_7334') ON CONFLICT DO NOTHING;
INSERT INTO stores (store_id, name, address, geom, place_id) VALUES (7335, 'BON SHOP  2017, Online Shop', NULL, ST_SetSRID(ST_MakePoint(106.81552109066827, 10.861050588203021), 4326), 'DACSAN_7335') ON CONFLICT DO NOTHING;
INSERT INTO stores (store_id, name, address, geom, place_id) VALUES (7336, '19 Độ Farm - Đặc Sản Đà Lạt, Online Shop', NULL, ST_SetSRID(ST_MakePoint(106.75351173478435, 10.860416078752012), 4326), 'DACSAN_7336') ON CONFLICT DO NOTHING;
INSERT INTO stores (store_id, name, address, geom, place_id) VALUES (7337, 'Tạp Hoá Hùng Hà, Online Shop', NULL, ST_SetSRID(ST_MakePoint(106.80926064639971, 10.877491205789418), 4326), 'DACSAN_7337') ON CONFLICT DO NOTHING;
INSERT INTO stores (store_id, name, address, geom, place_id) VALUES (7338, 'sa612, Online Shop', NULL, ST_SetSRID(ST_MakePoint(106.77219618538152, 10.87973511710207), 4326), 'DACSAN_7338') ON CONFLICT DO NOTHING;
INSERT INTO stores (store_id, name, address, geom, place_id) VALUES (7339, 'Tiệm nhà Bư- Đặc sản Sa Pa, Online Shop', NULL, ST_SetSRID(ST_MakePoint(106.75351459631167, 10.862379045688018), 4326), 'DACSAN_7339') ON CONFLICT DO NOTHING;
INSERT INTO stores (store_id, name, address, geom, place_id) VALUES (7340, 'ăn vặt đức anh food, Online Shop', NULL, ST_SetSRID(ST_MakePoint(106.80741390226005, 10.862057716598983), 4326), 'DACSAN_7340') ON CONFLICT DO NOTHING;
INSERT INTO stores (store_id, name, address, geom, place_id) VALUES (7341, 'Hồng Lam 11 hàng đường Hà Nội, Online Shop', NULL, ST_SetSRID(ST_MakePoint(106.77857645356468, 10.856851237529874), 4326), 'DACSAN_7341') ON CONFLICT DO NOTHING;
INSERT INTO stores (store_id, name, address, geom, place_id) VALUES (7342, 'HOLI_Food, Online Shop', NULL, ST_SetSRID(ST_MakePoint(106.75704059351213, 10.862754322648923), 4326), 'DACSAN_7342') ON CONFLICT DO NOTHING;
INSERT INTO stores (store_id, name, address, geom, place_id) VALUES (7343, 'Cậu Đụp Shop, Online Shop', NULL, ST_SetSRID(ST_MakePoint(106.78525533866194, 10.850758425497897), 4326), 'DACSAN_7343') ON CONFLICT DO NOTHING;
INSERT INTO stores (store_id, name, address, geom, place_id) VALUES (7344, 'Bánh Pía - Lạp Xưởng Hải Sơn, Online Shop', NULL, ST_SetSRID(ST_MakePoint(106.75260408866008, 10.874839490178042), 4326), 'DACSAN_7344') ON CONFLICT DO NOTHING;
INSERT INTO stores (store_id, name, address, geom, place_id) VALUES (7345, 'Ăn vặt - Cô Ba Nhã, Online Shop', NULL, ST_SetSRID(ST_MakePoint(106.77569781788168, 10.869041300430071), 4326), 'DACSAN_7345') ON CONFLICT DO NOTHING;
INSERT INTO stores (store_id, name, address, geom, place_id) VALUES (7346, 'Đặc Sản Đà Lạt Vũ Huyền, Online Shop', NULL, ST_SetSRID(ST_MakePoint(106.75273228164056, 10.852838926657558), 4326), 'DACSAN_7346') ON CONFLICT DO NOTHING;
INSERT INTO stores (store_id, name, address, geom, place_id) VALUES (7347, 'Ăn Vặt Sương Sương, Online Shop', NULL, ST_SetSRID(ST_MakePoint(106.81814704220004, 10.86933884239196), 4326), 'DACSAN_7347') ON CONFLICT DO NOTHING;
INSERT INTO stores (store_id, name, address, geom, place_id) VALUES (7348, 'Hello Tropical Vietnam, Online Shop', NULL, ST_SetSRID(ST_MakePoint(106.78959237180116, 10.854981802031347), 4326), 'DACSAN_7348') ON CONFLICT DO NOTHING;
INSERT INTO stores (store_id, name, address, geom, place_id) VALUES (7349, 'Shop_Đặc Sản Cao Bằng, Online Shop', NULL, ST_SetSRID(ST_MakePoint(106.8173514267983, 10.862943296731938), 4326), 'DACSAN_7349') ON CONFLICT DO NOTHING;
INSERT INTO stores (store_id, name, address, geom, place_id) VALUES (7350, 'we''natur, Online Shop', NULL, ST_SetSRID(ST_MakePoint(106.77977924998635, 10.861938575715175), 4326), 'DACSAN_7350') ON CONFLICT DO NOTHING;
INSERT INTO stores (store_id, name, address, geom, place_id) VALUES (7351, 'Ăn Vặt Nội Địa Trung YuumiFood, Online Shop', NULL, ST_SetSRID(ST_MakePoint(106.79242747702256, 10.875779925658776), 4326), 'DACSAN_7351') ON CONFLICT DO NOTHING;
INSERT INTO stores (store_id, name, address, geom, place_id) VALUES (7352, 'SHOP ĐĂNG KHOA, Online Shop', NULL, ST_SetSRID(ST_MakePoint(106.80905665444162, 10.877988736091165), 4326), 'DACSAN_7352') ON CONFLICT DO NOTHING;
INSERT INTO stores (store_id, name, address, geom, place_id) VALUES (7353, 'Ăn Vặt Bé Yêu, Online Shop', NULL, ST_SetSRID(ST_MakePoint(106.77669845503911, 10.864571058818346), 4326), 'DACSAN_7353') ON CONFLICT DO NOTHING;
INSERT INTO stores (store_id, name, address, geom, place_id) VALUES (7354, 'Ăn Vặt Cô Ba Đà Lạt, Online Shop', NULL, ST_SetSRID(ST_MakePoint(106.80509344055808, 10.86890709423358), 4326), 'DACSAN_7354') ON CONFLICT DO NOTHING;
INSERT INTO stores (store_id, name, address, geom, place_id) VALUES (7355, 'JUDA STORE, Online Shop', NULL, ST_SetSRID(ST_MakePoint(106.80576625842774, 10.869110466175158), 4326), 'DACSAN_7355') ON CONFLICT DO NOTHING;
INSERT INTO stores (store_id, name, address, geom, place_id) VALUES (7356, 'Cửa hàng Thịnh Thành, Online Shop', NULL, ST_SetSRID(ST_MakePoint(106.79445375554346, 10.855860713708628), 4326), 'DACSAN_7356') ON CONFLICT DO NOTHING;
INSERT INTO stores (store_id, name, address, geom, place_id) VALUES (7357, 'Saigonfood1, Online Shop', NULL, ST_SetSRID(ST_MakePoint(106.7796482125912, 10.855435275724407), 4326), 'DACSAN_7357') ON CONFLICT DO NOTHING;
INSERT INTO stores (store_id, name, address, geom, place_id) VALUES (7358, 'Xuanluan_Mart, Online Shop', NULL, ST_SetSRID(ST_MakePoint(106.78767906451773, 10.85954161332151), 4326), 'DACSAN_7358') ON CONFLICT DO NOTHING;
INSERT INTO stores (store_id, name, address, geom, place_id) VALUES (7359, '☘️SHOP NHÀ HIỀN☘️ HCM, Online Shop', NULL, ST_SetSRID(ST_MakePoint(106.81888150888825, 10.855020855161595), 4326), 'DACSAN_7359') ON CONFLICT DO NOTHING;
INSERT INTO stores (store_id, name, address, geom, place_id) VALUES (7360, 'Tạp Hoá Chow Chow, Online Shop', NULL, ST_SetSRID(ST_MakePoint(106.77291787751743, 10.876056966908424), 4326), 'DACSAN_7360') ON CONFLICT DO NOTHING;
INSERT INTO stores (store_id, name, address, geom, place_id) VALUES (7361, 'Hoa Lư Food, Online Shop', NULL, ST_SetSRID(ST_MakePoint(106.75708774924043, 10.855068373607974), 4326), 'DACSAN_7361') ON CONFLICT DO NOTHING;
INSERT INTO stores (store_id, name, address, geom, place_id) VALUES (7362, 'Tanphat2019, Online Shop', NULL, ST_SetSRID(ST_MakePoint(106.80729469634238, 10.86930765758408), 4326), 'DACSAN_7362') ON CONFLICT DO NOTHING;
INSERT INTO stores (store_id, name, address, geom, place_id) VALUES (7363, 'VĨNH HÒA PHÁT BÁNH PHỒNG TÔM, Online Shop', NULL, ST_SetSRID(ST_MakePoint(106.75649750012136, 10.857976948932723), 4326), 'DACSAN_7363') ON CONFLICT DO NOTHING;
INSERT INTO stores (store_id, name, address, geom, place_id) VALUES (7364, 'Tổng Kho 3S.HCM, Online Shop', NULL, ST_SetSRID(ST_MakePoint(106.8117056203613, 10.873366923067966), 4326), 'DACSAN_7364') ON CONFLICT DO NOTHING;
INSERT INTO stores (store_id, name, address, geom, place_id) VALUES (7365, 'shopmevabe1994, Online Shop', NULL, ST_SetSRID(ST_MakePoint(106.76718791053037, 10.851739805488444), 4326), 'DACSAN_7365') ON CONFLICT DO NOTHING;
INSERT INTO stores (store_id, name, address, geom, place_id) VALUES (7366, '2cMart, Online Shop', NULL, ST_SetSRID(ST_MakePoint(106.7868269029936, 10.872253067893405), 4326), 'DACSAN_7366') ON CONFLICT DO NOTHING;
INSERT INTO stores (store_id, name, address, geom, place_id) VALUES (7367, 'BÁNH TRÁNG DALOP_ĐẠI LÝ QNI, Online Shop', NULL, ST_SetSRID(ST_MakePoint(106.81793951762543, 10.851744453688692), 4326), 'DACSAN_7367') ON CONFLICT DO NOTHING;
INSERT INTO stores (store_id, name, address, geom, place_id) VALUES (7368, 'Shop Thiên Ân_SuBeo, Online Shop', NULL, ST_SetSRID(ST_MakePoint(106.7802640719583, 10.858147460161463), 4326), 'DACSAN_7368') ON CONFLICT DO NOTHING;
INSERT INTO stores (store_id, name, address, geom, place_id) VALUES (7369, 'THT Food - Tôm Sấy Muối Ớt, Online Shop', NULL, ST_SetSRID(ST_MakePoint(106.79941434346163, 10.866907385057894), 4326), 'DACSAN_7369') ON CONFLICT DO NOTHING;
INSERT INTO stores (store_id, name, address, geom, place_id) VALUES (7370, 'HƯNG THỦY MART, Online Shop', NULL, ST_SetSRID(ST_MakePoint(106.76077192047818, 10.853000341703522), 4326), 'DACSAN_7370') ON CONFLICT DO NOTHING;
INSERT INTO stores (store_id, name, address, geom, place_id) VALUES (7371, 'MINHVANFOOD, Online Shop', NULL, ST_SetSRID(ST_MakePoint(106.81743860973927, 10.878971204439633), 4326), 'DACSAN_7371') ON CONFLICT DO NOTHING;
INSERT INTO stores (store_id, name, address, geom, place_id) VALUES (7372, 'MEO NẤM , Online Shop', NULL, ST_SetSRID(ST_MakePoint(106.80189647353804, 10.857522851575625), 4326), 'DACSAN_7372') ON CONFLICT DO NOTHING;
INSERT INTO stores (store_id, name, address, geom, place_id) VALUES (7373, 'HTX Bánh phồng Sơn Đốc online, Online Shop', NULL, ST_SetSRID(ST_MakePoint(106.77776149730494, 10.866170221384214), 4326), 'DACSAN_7373') ON CONFLICT DO NOTHING;
INSERT INTO stores (store_id, name, address, geom, place_id) VALUES (7374, 'MINH TIẾN SHOP 1976, Online Shop', NULL, ST_SetSRID(ST_MakePoint(106.79813085116167, 10.87041742962758), 4326), 'DACSAN_7374') ON CONFLICT DO NOTHING;
INSERT INTO stores (store_id, name, address, geom, place_id) VALUES (7375, 'TÁO NGUYÊNCHẤT, Online Shop', NULL, ST_SetSRID(ST_MakePoint(106.80228256341856, 10.857711396834741), 4326), 'DACSAN_7375') ON CONFLICT DO NOTHING;
INSERT INTO stores (store_id, name, address, geom, place_id) VALUES (7376, 'Shuma Food, Online Shop', NULL, ST_SetSRID(ST_MakePoint(106.77254245729605, 10.879980829787113), 4326), 'DACSAN_7376') ON CONFLICT DO NOTHING;
INSERT INTO stores (store_id, name, address, geom, place_id) VALUES (7377, 'BAVABI Seafood, Online Shop', NULL, ST_SetSRID(ST_MakePoint(106.79149355529049, 10.863948904239644), 4326), 'DACSAN_7377') ON CONFLICT DO NOTHING;
INSERT INTO stores (store_id, name, address, geom, place_id) VALUES (7378, 'SIRETEN, Online Shop', NULL, ST_SetSRID(ST_MakePoint(106.81503044039705, 10.851996726657509), 4326), 'DACSAN_7378') ON CONFLICT DO NOTHING;
INSERT INTO stores (store_id, name, address, geom, place_id) VALUES (7379, 'Ô MAI TOÀN THỊNH - SINCE 1924, Online Shop', NULL, ST_SetSRID(ST_MakePoint(106.81198043370226, 10.866143450933933), 4326), 'DACSAN_7379') ON CONFLICT DO NOTHING;
INSERT INTO stores (store_id, name, address, geom, place_id) VALUES (7380, 'CHAU DOC MARKET, Online Shop', NULL, ST_SetSRID(ST_MakePoint(106.76586471459586, 10.87029588715605), 4326), 'DACSAN_7380') ON CONFLICT DO NOTHING;
INSERT INTO stores (store_id, name, address, geom, place_id) VALUES (7381, 'KingsMart-Siêu thị thuần chay, Online Shop', NULL, ST_SetSRID(ST_MakePoint(106.75260395447816, 10.866980126464984), 4326), 'DACSAN_7381') ON CONFLICT DO NOTHING;
INSERT INTO stores (store_id, name, address, geom, place_id) VALUES (7382, 'shop.21., Online Shop', NULL, ST_SetSRID(ST_MakePoint(106.81579716833788, 10.868766701703304), 4326), 'DACSAN_7382') ON CONFLICT DO NOTHING;
INSERT INTO stores (store_id, name, address, geom, place_id) VALUES (7383, 'Food Store - Đặc Sản Bình Định, Online Shop', NULL, ST_SetSRID(ST_MakePoint(106.81128208819615, 10.877057356420666), 4326), 'DACSAN_7383') ON CONFLICT DO NOTHING;
INSERT INTO stores (store_id, name, address, geom, place_id) VALUES (7384, 'PHAN THIET FOOD, Online Shop', NULL, ST_SetSRID(ST_MakePoint(106.79809115055917, 10.879366806822054), 4326), 'DACSAN_7384') ON CONFLICT DO NOTHING;
INSERT INTO stores (store_id, name, address, geom, place_id) VALUES (7385, 'Hoà Ký - Gia Vị, Online Shop', NULL, ST_SetSRID(ST_MakePoint(106.78649720637195, 10.860008125623606), 4326), 'DACSAN_7385') ON CONFLICT DO NOTHING;
INSERT INTO stores (store_id, name, address, geom, place_id) VALUES (7386, 'Tahi Shop_18, Online Shop', NULL, ST_SetSRID(ST_MakePoint(106.76485679590097, 10.86282169475206), 4326), 'DACSAN_7386') ON CONFLICT DO NOTHING;
INSERT INTO stores (store_id, name, address, geom, place_id) VALUES (7387, 'Mắm Chua Thanh Lương, Online Shop', NULL, ST_SetSRID(ST_MakePoint(106.75820467944219, 10.87461519692024), 4326), 'DACSAN_7387') ON CONFLICT DO NOTHING;
INSERT INTO stores (store_id, name, address, geom, place_id) VALUES (7388, 'Ăn vặt cùng Én, Online Shop', NULL, ST_SetSRID(ST_MakePoint(106.80282701592628, 10.879487892614396), 4326), 'DACSAN_7388') ON CONFLICT DO NOTHING;
INSERT INTO stores (store_id, name, address, geom, place_id) VALUES (7389, 'Ăn vặt Xuân Sang, Online Shop', NULL, ST_SetSRID(ST_MakePoint(106.79173826390517, 10.85296040758419), 4326), 'DACSAN_7389') ON CONFLICT DO NOTHING;
INSERT INTO stores (store_id, name, address, geom, place_id) VALUES (7390, 'Thịnh Quang Bánh Mứt , Online Shop', NULL, ST_SetSRID(ST_MakePoint(106.76630008427115, 10.850670521500339), 4326), 'DACSAN_7390') ON CONFLICT DO NOTHING;
INSERT INTO stores (store_id, name, address, geom, place_id) VALUES (7391, 'Ăn Vặt Cô Nương Béo, Online Shop', NULL, ST_SetSRID(ST_MakePoint(106.75430061957077, 10.860561070651597), 4326), 'DACSAN_7391') ON CONFLICT DO NOTHING;
INSERT INTO stores (store_id, name, address, geom, place_id) VALUES (7392, 'Ăn Vặt Thị Bống, Online Shop', NULL, ST_SetSRID(ST_MakePoint(106.7542938582023, 10.875078541242022), 4326), 'DACSAN_7392') ON CONFLICT DO NOTHING;
INSERT INTO stores (store_id, name, address, geom, place_id) VALUES (7393, 'Vị Lành, Online Shop', NULL, ST_SetSRID(ST_MakePoint(106.78856812993293, 10.877691031227254), 4326), 'DACSAN_7393') ON CONFLICT DO NOTHING;
INSERT INTO stores (store_id, name, address, geom, place_id) VALUES (7394, 'OMAISHOP, Online Shop', NULL, ST_SetSRID(ST_MakePoint(106.81443213477729, 10.879333780038326), 4326), 'DACSAN_7394') ON CONFLICT DO NOTHING;
INSERT INTO stores (store_id, name, address, geom, place_id) VALUES (7395, 'Ăn Vặt Tuổi Thơ HN, Online Shop', NULL, ST_SetSRID(ST_MakePoint(106.7643456465719, 10.86916374390169), 4326), 'DACSAN_7395') ON CONFLICT DO NOTHING;
INSERT INTO stores (store_id, name, address, geom, place_id) VALUES (7396, 'CÁ VÀNG _SHOP, Online Shop', NULL, ST_SetSRID(ST_MakePoint(106.7665614197905, 10.850520134377762), 4326), 'DACSAN_7396') ON CONFLICT DO NOTHING;
INSERT INTO stores (store_id, name, address, geom, place_id) VALUES (7397, 'thuanmario, Online Shop', NULL, ST_SetSRID(ST_MakePoint(106.76037319568911, 10.855097612095076), 4326), 'DACSAN_7397') ON CONFLICT DO NOTHING;
INSERT INTO stores (store_id, name, address, geom, place_id) VALUES (7398, 'Đặc sản Tây Ninh - Kim Anh, Online Shop', NULL, ST_SetSRID(ST_MakePoint(106.77691113473456, 10.877501615038417), 4326), 'DACSAN_7398') ON CONFLICT DO NOTHING;
INSERT INTO stores (store_id, name, address, geom, place_id) VALUES (7399, 'Thực Phẩm Chay An Tuệ Food, Online Shop', NULL, ST_SetSRID(ST_MakePoint(106.76334914659827, 10.869123801515034), 4326), 'DACSAN_7399') ON CONFLICT DO NOTHING;
INSERT INTO stores (store_id, name, address, geom, place_id) VALUES (7400, 'HS Shop Ninh Bình, Online Shop', NULL, ST_SetSRID(ST_MakePoint(106.77714824513951, 10.877936510248206), 4326), 'DACSAN_7400') ON CONFLICT DO NOTHING;
INSERT INTO stores (store_id, name, address, geom, place_id) VALUES (7401, 'Hồng Nhung Food, Online Shop', NULL, ST_SetSRID(ST_MakePoint(106.80049134996598, 10.864605785764654), 4326), 'DACSAN_7401') ON CONFLICT DO NOTHING;
INSERT INTO stores (store_id, name, address, geom, place_id) VALUES (7402, 'AZ.MART, Online Shop', NULL, ST_SetSRID(ST_MakePoint(106.76541486153735, 10.863321967836901), 4326), 'DACSAN_7402') ON CONFLICT DO NOTHING;
INSERT INTO stores (store_id, name, address, geom, place_id) VALUES (7403, 'Vựa Khô Vân Anh, Online Shop', NULL, ST_SetSRID(ST_MakePoint(106.782034820589, 10.850695917749642), 4326), 'DACSAN_7403') ON CONFLICT DO NOTHING;
INSERT INTO stores (store_id, name, address, geom, place_id) VALUES (7404, 'Đặc Sản Tây Ninh - ÚT HƯƠNG, Online Shop', NULL, ST_SetSRID(ST_MakePoint(106.77716292967538, 10.878010706458818), 4326), 'DACSAN_7404') ON CONFLICT DO NOTHING;
INSERT INTO stores (store_id, name, address, geom, place_id) VALUES (7405, 'OCOP Thành Nhà Hồ - Vĩnh Lộc, Online Shop', NULL, ST_SetSRID(ST_MakePoint(106.79117140663003, 10.874883567778193), 4326), 'DACSAN_7405') ON CONFLICT DO NOTHING;
INSERT INTO stores (store_id, name, address, geom, place_id) VALUES (7406, 'Vua Khô Phú Quốc, Online Shop', NULL, ST_SetSRID(ST_MakePoint(106.76899827889414, 10.870702235147261), 4326), 'DACSAN_7406') ON CONFLICT DO NOTHING;
INSERT INTO stores (store_id, name, address, geom, place_id) VALUES (7407, 'Bánh Hạt Dẻ Chính Hiệu Hà Nấm, Online Shop', NULL, ST_SetSRID(ST_MakePoint(106.78031143210342, 10.873126310295461), 4326), 'DACSAN_7407') ON CONFLICT DO NOTHING;
INSERT INTO stores (store_id, name, address, geom, place_id) VALUES (7408, 'Thăng Long 17-SP chất lượng, Online Shop', NULL, ST_SetSRID(ST_MakePoint(106.76173646824952, 10.86471738099325), 4326), 'DACSAN_7408') ON CONFLICT DO NOTHING;
INSERT INTO stores (store_id, name, address, geom, place_id) VALUES (7409, 'Thanh Đặc Sản Ba Miền, Online Shop', NULL, ST_SetSRID(ST_MakePoint(106.75452782818493, 10.8690472653342), 4326), 'DACSAN_7409') ON CONFLICT DO NOTHING;
INSERT INTO stores (store_id, name, address, geom, place_id) VALUES (7410, 'ĐẶC SẢN CAO BẰNG-HƯƠNG THẢO, Online Shop', NULL, ST_SetSRID(ST_MakePoint(106.76913076069606, 10.87930136606709), 4326), 'DACSAN_7410') ON CONFLICT DO NOTHING;
INSERT INTO stores (store_id, name, address, geom, place_id) VALUES (7411, 'Hoaquadacsan, Online Shop', NULL, ST_SetSRID(ST_MakePoint(106.76485758793777, 10.855580467580301), 4326), 'DACSAN_7411') ON CONFLICT DO NOTHING;
INSERT INTO stores (store_id, name, address, geom, place_id) VALUES (7412, 'KHÔ TÁM HOÀNG CÀ MAU, Online Shop', NULL, ST_SetSRID(ST_MakePoint(106.8136646207843, 10.86178497691715), 4326), 'DACSAN_7412') ON CONFLICT DO NOTHING;
INSERT INTO stores (store_id, name, address, geom, place_id) VALUES (7413, 'ÁNH KUA, Online Shop', NULL, ST_SetSRID(ST_MakePoint(106.77661268238754, 10.868437648337142), 4326), 'DACSAN_7413') ON CONFLICT DO NOTHING;
INSERT INTO stores (store_id, name, address, geom, place_id) VALUES (7414, 'Siêu Thị Ăn Vặt Nội Địa Trung, Online Shop', NULL, ST_SetSRID(ST_MakePoint(106.77402111887841, 10.867834713579336), 4326), 'DACSAN_7414') ON CONFLICT DO NOTHING;
INSERT INTO stores (store_id, name, address, geom, place_id) VALUES (7415, 'Gấuem32, Online Shop', NULL, ST_SetSRID(ST_MakePoint(106.75210467325421, 10.864817656126965), 4326), 'DACSAN_7415') ON CONFLICT DO NOTHING;
INSERT INTO stores (store_id, name, address, geom, place_id) VALUES (7416, 'Bánh sữa Mộc Châu, Online Shop', NULL, ST_SetSRID(ST_MakePoint(106.80280489254713, 10.855782607448827), 4326), 'DACSAN_7416') ON CONFLICT DO NOTHING;
INSERT INTO stores (store_id, name, address, geom, place_id) VALUES (7417, 'Bach.hoa.Anh.Minh, Online Shop', NULL, ST_SetSRID(ST_MakePoint(106.7681332134363, 10.854082202981118), 4326), 'DACSAN_7417') ON CONFLICT DO NOTHING;
INSERT INTO stores (store_id, name, address, geom, place_id) VALUES (7418, 'Viet Special, Online Shop', NULL, ST_SetSRID(ST_MakePoint(106.7943738418918, 10.865962832448227), 4326), 'DACSAN_7418') ON CONFLICT DO NOTHING;
INSERT INTO stores (store_id, name, address, geom, place_id) VALUES (7419, 'Cà Muối Dì Lài, Online Shop', NULL, ST_SetSRID(ST_MakePoint(106.81459992583304, 10.856521196198145), 4326), 'DACSAN_7419') ON CONFLICT DO NOTHING;
INSERT INTO stores (store_id, name, address, geom, place_id) VALUES (7420, 'QUANDAT CASHEW, Online Shop', NULL, ST_SetSRID(ST_MakePoint(106.80832151479056, 10.87888849626455), 4326), 'DACSAN_7420') ON CONFLICT DO NOTHING;
INSERT INTO stores (store_id, name, address, geom, place_id) VALUES (7421, 'Tiệm Bánh Anh Phi, Online Shop', NULL, ST_SetSRID(ST_MakePoint(106.8033528564037, 10.87472683432951), 4326), 'DACSAN_7421') ON CONFLICT DO NOTHING;
INSERT INTO stores (store_id, name, address, geom, place_id) VALUES (7422, 'Chiron.store, Online Shop', NULL, ST_SetSRID(ST_MakePoint(106.80648589908279, 10.879717151825462), 4326), 'DACSAN_7422') ON CONFLICT DO NOTHING;
INSERT INTO stores (store_id, name, address, geom, place_id) VALUES (7423, 'ngọc thái hd, Online Shop', NULL, ST_SetSRID(ST_MakePoint(106.77793784449906, 10.856178689591156), 4326), 'DACSAN_7423') ON CONFLICT DO NOTHING;
INSERT INTO stores (store_id, name, address, geom, place_id) VALUES (7424, 'KingCoco, Online Shop', NULL, ST_SetSRID(ST_MakePoint(106.7571396145178, 10.85369475181001), 4326), 'DACSAN_7424') ON CONFLICT DO NOTHING;
INSERT INTO stores (store_id, name, address, geom, place_id) VALUES (7425, 'Nông sản Dũng Hà HCM, Online Shop', NULL, ST_SetSRID(ST_MakePoint(106.78170895512773, 10.859061412414704), 4326), 'DACSAN_7425') ON CONFLICT DO NOTHING;
INSERT INTO stores (store_id, name, address, geom, place_id) VALUES (7426, 'Vựa Khô Minh Triết, Online Shop', NULL, ST_SetSRID(ST_MakePoint(106.7511475289792, 10.867774543477392), 4326), 'DACSAN_7426') ON CONFLICT DO NOTHING;
INSERT INTO stores (store_id, name, address, geom, place_id) VALUES (7427, 'Shop Heo Miu, Online Shop', NULL, ST_SetSRID(ST_MakePoint(106.77953650510028, 10.854799028814435), 4326), 'DACSAN_7427') ON CONFLICT DO NOTHING;
INSERT INTO stores (store_id, name, address, geom, place_id) VALUES (7428, 'thu2_sieuthinguyentinh, Online Shop', NULL, ST_SetSRID(ST_MakePoint(106.77768525184104, 10.857079301729463), 4326), 'DACSAN_7428') ON CONFLICT DO NOTHING;
INSERT INTO stores (store_id, name, address, geom, place_id) VALUES (7429, 'nông sản Ngọc Ánh, Online Shop', NULL, ST_SetSRID(ST_MakePoint(106.81674860307612, 10.879717819839069), 4326), 'DACSAN_7429') ON CONFLICT DO NOTHING;
INSERT INTO stores (store_id, name, address, geom, place_id) VALUES (7430, 'THỰC PHẨM SẠCH MẸ RÔ SỐ 2, Online Shop', NULL, ST_SetSRID(ST_MakePoint(106.81054812305409, 10.878162408150967), 4326), 'DACSAN_7430') ON CONFLICT DO NOTHING;
INSERT INTO stores (store_id, name, address, geom, place_id) VALUES (7431, 'Gạo Thanh An, Online Shop', NULL, ST_SetSRID(ST_MakePoint(106.78069620196767, 10.876654612673205), 4326), 'DACSAN_7431') ON CONFLICT DO NOTHING;
INSERT INTO stores (store_id, name, address, geom, place_id) VALUES (7432, '3rd deosd, Online Shop', NULL, ST_SetSRID(ST_MakePoint(106.81561640708443, 10.85866165359427), 4326), 'DACSAN_7432') ON CONFLICT DO NOTHING;
INSERT INTO stores (store_id, name, address, geom, place_id) VALUES (7433, 'Xưởng Bánh Hoa Sen 90s, Online Shop', NULL, ST_SetSRID(ST_MakePoint(106.77906126275805, 10.864412188294105), 4326), 'DACSAN_7433') ON CONFLICT DO NOTHING;
INSERT INTO stores (store_id, name, address, geom, place_id) VALUES (7434, 'Đặc Sản Khô Miền Tây-Đồng Tháp, Online Shop', NULL, ST_SetSRID(ST_MakePoint(106.77273110094606, 10.879537618539201), 4326), 'DACSAN_7434') ON CONFLICT DO NOTHING;
INSERT INTO stores (store_id, name, address, geom, place_id) VALUES (7435, 'Đặc Sản Lý Sơn Mẹ Trồng, Online Shop', NULL, ST_SetSRID(ST_MakePoint(106.77998305642292, 10.852567201415145), 4326), 'DACSAN_7435') ON CONFLICT DO NOTHING;
INSERT INTO stores (store_id, name, address, geom, place_id) VALUES (7436, 'Cô Út shop-Đặc Sản Ninh Thuận, Online Shop', NULL, ST_SetSRID(ST_MakePoint(106.81069363681821, 10.869148408290354), 4326), 'DACSAN_7436') ON CONFLICT DO NOTHING;
INSERT INTO stores (store_id, name, address, geom, place_id) VALUES (7437, 'Bảo Thy 75, Online Shop', NULL, ST_SetSRID(ST_MakePoint(106.75723800230836, 10.85885947175959), 4326), 'DACSAN_7437') ON CONFLICT DO NOTHING;
INSERT INTO stores (store_id, name, address, geom, place_id) VALUES (7438, 'Dưa Leo Muối Ngon, Online Shop', NULL, ST_SetSRID(ST_MakePoint(106.80255630330394, 10.869478969920365), 4326), 'DACSAN_7438') ON CONFLICT DO NOTHING;
INSERT INTO stores (store_id, name, address, geom, place_id) VALUES (7439, 'Trần Thị Trang, Online Shop', NULL, ST_SetSRID(ST_MakePoint(106.81517693164506, 10.851292514859976), 4326), 'DACSAN_7439') ON CONFLICT DO NOTHING;
INSERT INTO stores (store_id, name, address, geom, place_id) VALUES (7440, 'Thực Phẩm&Hàng Nội Địa TQ-VN✔️, Online Shop', NULL, ST_SetSRID(ST_MakePoint(106.76358284475307, 10.871376845833026), 4326), 'DACSAN_7440') ON CONFLICT DO NOTHING;
INSERT INTO stores (store_id, name, address, geom, place_id) VALUES (7441, 'Luia Foodshop, Online Shop', NULL, ST_SetSRID(ST_MakePoint(106.78350324693903, 10.865494677503756), 4326), 'DACSAN_7441') ON CONFLICT DO NOTHING;
INSERT INTO stores (store_id, name, address, geom, place_id) VALUES (7442, 'Tiệm của Bột , Online Shop', NULL, ST_SetSRID(ST_MakePoint(106.75014919591335, 10.878614854108104), 4326), 'DACSAN_7442') ON CONFLICT DO NOTHING;
INSERT INTO stores (store_id, name, address, geom, place_id) VALUES (7443, 'Vigift - Đặc Sản Quà Đà Nẵng, Online Shop', NULL, ST_SetSRID(ST_MakePoint(106.80545104247336, 10.86786701278325), 4326), 'DACSAN_7443') ON CONFLICT DO NOTHING;
INSERT INTO stores (store_id, name, address, geom, place_id) VALUES (7444, 'Đặc Sản Hà Nội ( Bảo Minh), Online Shop', NULL, ST_SetSRID(ST_MakePoint(106.77312842311241, 10.878553560347337), 4326), 'DACSAN_7444') ON CONFLICT DO NOTHING;
INSERT INTO stores (store_id, name, address, geom, place_id) VALUES (7445, 'A Lềnh đặc sản hà giang, Online Shop', NULL, ST_SetSRID(ST_MakePoint(106.76759409231178, 10.876369464337932), 4326), 'DACSAN_7445') ON CONFLICT DO NOTHING;
INSERT INTO stores (store_id, name, address, geom, place_id) VALUES (7446, 'Quà Huế Onlineㅤ, Online Shop', NULL, ST_SetSRID(ST_MakePoint(106.81991685099133, 10.871936745400086), 4326), 'DACSAN_7446') ON CONFLICT DO NOTHING;
INSERT INTO stores (store_id, name, address, geom, place_id) VALUES (7447, 'JoJo - Hải Sản Ngon Rẻ Nhất, Online Shop', NULL, ST_SetSRID(ST_MakePoint(106.7550827143379, 10.856945978832078), 4326), 'DACSAN_7447') ON CONFLICT DO NOTHING;
INSERT INTO stores (store_id, name, address, geom, place_id) VALUES (7448, 'TRANGFOOD.VN, Online Shop', NULL, ST_SetSRID(ST_MakePoint(106.79871607271393, 10.86128678856378), 4326), 'DACSAN_7448') ON CONFLICT DO NOTHING;
INSERT INTO stores (store_id, name, address, geom, place_id) VALUES (7449, 'HIỀN TRẦN Healthy Food, Online Shop', NULL, ST_SetSRID(ST_MakePoint(106.79619136032713, 10.873684306952224), 4326), 'DACSAN_7449') ON CONFLICT DO NOTHING;
INSERT INTO stores (store_id, name, address, geom, place_id) VALUES (7450, 'Shop Bé Yêu Cái Bè, Online Shop', NULL, ST_SetSRID(ST_MakePoint(106.77406749214785, 10.85598746833402), 4326), 'DACSAN_7450') ON CONFLICT DO NOTHING;
INSERT INTO stores (store_id, name, address, geom, place_id) VALUES (7451, 'Bfood93, Online Shop', NULL, ST_SetSRID(ST_MakePoint(106.7592836931118, 10.852539670318544), 4326), 'DACSAN_7451') ON CONFLICT DO NOTHING;
INSERT INTO stores (store_id, name, address, geom, place_id) VALUES (7452, 'Tạp hoá nhà Thuý (Thuyshome), Online Shop', NULL, ST_SetSRID(ST_MakePoint(106.7871899366295, 10.877243199439622), 4326), 'DACSAN_7452') ON CONFLICT DO NOTHING;
INSERT INTO stores (store_id, name, address, geom, place_id) VALUES (7453, 'Bánh Sữa Ba Vì Con Bò Vàng, Online Shop', NULL, ST_SetSRID(ST_MakePoint(106.80939611334743, 10.86959488669818), 4326), 'DACSAN_7453') ON CONFLICT DO NOTHING;
INSERT INTO stores (store_id, name, address, geom, place_id) VALUES (7454, 'Food ÁNH DƯƠNG, Online Shop', NULL, ST_SetSRID(ST_MakePoint(106.78755187344595, 10.855931853009215), 4326), 'DACSAN_7454') ON CONFLICT DO NOTHING;
INSERT INTO stores (store_id, name, address, geom, place_id) VALUES (7455, 'An An Tây Bắc, Online Shop', NULL, ST_SetSRID(ST_MakePoint(106.78454767848397, 10.874293987239692), 4326), 'DACSAN_7455') ON CONFLICT DO NOTHING;
INSERT INTO stores (store_id, name, address, geom, place_id) VALUES (7456, 'Ganyuan Official Shop, Online Shop', NULL, ST_SetSRID(ST_MakePoint(106.78792286349827, 10.872790308352297), 4326), 'DACSAN_7456') ON CONFLICT DO NOTHING;
INSERT INTO stores (store_id, name, address, geom, place_id) VALUES (7457, 'Lươn Khô Chiên Giòn Xứ Nghệ, Online Shop', NULL, ST_SetSRID(ST_MakePoint(106.8178332524256, 10.859415650423593), 4326), 'DACSAN_7457') ON CONFLICT DO NOTHING;
INSERT INTO stores (store_id, name, address, geom, place_id) VALUES (7458, 'Hoài Chu - Thực Phẩm Khô, Online Shop', NULL, ST_SetSRID(ST_MakePoint(106.76150641716248, 10.862240911369804), 4326), 'DACSAN_7458') ON CONFLICT DO NOTHING;
INSERT INTO stores (store_id, name, address, geom, place_id) VALUES (7459, 'Măng nứa - Chuối rừng, Online Shop', NULL, ST_SetSRID(ST_MakePoint(106.81484171671043, 10.852810876373143), 4326), 'DACSAN_7459') ON CONFLICT DO NOTHING;
INSERT INTO stores (store_id, name, address, geom, place_id) VALUES (7460, 'sakehonson, Online Shop', NULL, ST_SetSRID(ST_MakePoint(106.76978168785217, 10.878800645045171), 4326), 'DACSAN_7460') ON CONFLICT DO NOTHING;
INSERT INTO stores (store_id, name, address, geom, place_id) VALUES (7461, 'Đặc sản Nha Trang Biển Đông, Online Shop', NULL, ST_SetSRID(ST_MakePoint(106.80946661610488, 10.851476140423044), 4326), 'DACSAN_7461') ON CONFLICT DO NOTHING;
INSERT INTO stores (store_id, name, address, geom, place_id) VALUES (7462, 'Nông sản sạch BerriesFarm, Online Shop', NULL, ST_SetSRID(ST_MakePoint(106.78504068878055, 10.877619930785349), 4326), 'DACSAN_7462') ON CONFLICT DO NOTHING;
INSERT INTO stores (store_id, name, address, geom, place_id) VALUES (7463, 'Tiệm Bánh quê Miền Tây, Online Shop', NULL, ST_SetSRID(ST_MakePoint(106.79784075137175, 10.865523190143401), 4326), 'DACSAN_7463') ON CONFLICT DO NOTHING;
INSERT INTO stores (store_id, name, address, geom, place_id) VALUES (7464, 'Tiệm Nhà Gin - Đặc Sản Gia Lai, Online Shop', NULL, ST_SetSRID(ST_MakePoint(106.81880286521289, 10.87762851403323), 4326), 'DACSAN_7464') ON CONFLICT DO NOTHING;
INSERT INTO stores (store_id, name, address, geom, place_id) VALUES (7465, 'UyênThư KonTum, Online Shop', NULL, ST_SetSRID(ST_MakePoint(106.81211749094388, 10.873411666758335), 4326), 'DACSAN_7465') ON CONFLICT DO NOTHING;
INSERT INTO stores (store_id, name, address, geom, place_id) VALUES (7466, 'Mi Mi’ Shop, Online Shop', NULL, ST_SetSRID(ST_MakePoint(106.76155822626691, 10.86617867350514), 4326), 'DACSAN_7466') ON CONFLICT DO NOTHING;
INSERT INTO stores (store_id, name, address, geom, place_id) VALUES (7467, 'Lana Tea&Coffee, Online Shop', NULL, ST_SetSRID(ST_MakePoint(106.80606158699158, 10.854393941057198), 4326), 'DACSAN_7467') ON CONFLICT DO NOTHING;
INSERT INTO stores (store_id, name, address, geom, place_id) VALUES (7468, 'VỰA MỰC KIỀU NƯƠNG NGHĨA CAMAU, Online Shop', NULL, ST_SetSRID(ST_MakePoint(106.78672469666945, 10.869057111037089), 4326), 'DACSAN_7468') ON CONFLICT DO NOTHING;
INSERT INTO stores (store_id, name, address, geom, place_id) VALUES (7469, 'Đặc sản Hoa, Online Shop', NULL, ST_SetSRID(ST_MakePoint(106.75042604532192, 10.875823546552247), 4326), 'DACSAN_7469') ON CONFLICT DO NOTHING;
INSERT INTO stores (store_id, name, address, geom, place_id) VALUES (7470, 'shop152 Lâm Lâm, Online Shop', NULL, ST_SetSRID(ST_MakePoint(106.75116160535767, 10.867061858868478), 4326), 'DACSAN_7470') ON CONFLICT DO NOTHING;
INSERT INTO stores (store_id, name, address, geom, place_id) VALUES (7471, 'phuongnguy116, Online Shop', NULL, ST_SetSRID(ST_MakePoint(106.75096122798229, 10.850961299423524), 4326), 'DACSAN_7471') ON CONFLICT DO NOTHING;
INSERT INTO stores (store_id, name, address, geom, place_id) VALUES (7472, 'J&J Shop, Online Shop', NULL, ST_SetSRID(ST_MakePoint(106.76559194577436, 10.879158393387259), 4326), 'DACSAN_7472') ON CONFLICT DO NOTHING;
INSERT INTO stores (store_id, name, address, geom, place_id) VALUES (7473, 'haisanmekong, Online Shop', NULL, ST_SetSRID(ST_MakePoint(106.7797808519144, 10.871852176718269), 4326), 'DACSAN_7473') ON CONFLICT DO NOTHING;
INSERT INTO stores (store_id, name, address, geom, place_id) VALUES (7474, 'thugiadung1, Online Shop', NULL, ST_SetSRID(ST_MakePoint(106.75504342486256, 10.86951789755787), 4326), 'DACSAN_7474') ON CONFLICT DO NOTHING;
INSERT INTO stores (store_id, name, address, geom, place_id) VALUES (7475, 'shopgiarehanoi2019, Online Shop', NULL, ST_SetSRID(ST_MakePoint(106.78523820114042, 10.865319706624668), 4326), 'DACSAN_7475') ON CONFLICT DO NOTHING;
INSERT INTO stores (store_id, name, address, geom, place_id) VALUES (7476, 'TRÀ TÂN CƯƠNG HOÀNG ANH, Online Shop', NULL, ST_SetSRID(ST_MakePoint(106.79407159218475, 10.853576848587775), 4326), 'DACSAN_7476') ON CONFLICT DO NOTHING;
INSERT INTO stores (store_id, name, address, geom, place_id) VALUES (7477, 'HAT FOODS, Online Shop', NULL, ST_SetSRID(ST_MakePoint(106.80351833524921, 10.87217528083374), 4326), 'DACSAN_7477') ON CONFLICT DO NOTHING;
INSERT INTO stores (store_id, name, address, geom, place_id) VALUES (7478, 'Đặc sản Đà Nẵng , Online Shop', NULL, ST_SetSRID(ST_MakePoint(106.78463998213681, 10.872134388576665), 4326), 'DACSAN_7478') ON CONFLICT DO NOTHING;
INSERT INTO stores (store_id, name, address, geom, place_id) VALUES (7479, 'trân trân , Online Shop', NULL, ST_SetSRID(ST_MakePoint(106.78825678708762, 10.877805518985504), 4326), 'DACSAN_7479') ON CONFLICT DO NOTHING;
INSERT INTO stores (store_id, name, address, geom, place_id) VALUES (7480, 'MẮM BÀ HAI-ĐẶC SẢN MIỀN TRUNG, Online Shop', NULL, ST_SetSRID(ST_MakePoint(106.79706223200202, 10.860257115916626), 4326), 'DACSAN_7480') ON CONFLICT DO NOTHING;
INSERT INTO products (product_id, name, description, price, image_url) VALUES (70000, 'Hũ 500gr Mắm Cá Cơm O Dung Đặc Sản Huế Vị Mắm Dễ Ăn Phù Hợp Mọi Lứa Tuổi', 'Đặc sản vùng miền chất lượng', 59999, 'https://down-vn.img.susercontent.com/file/vn-11134207-81ztc-mnxodje8c0zq57') ON CONFLICT DO NOTHING;
INSERT INTO inventory (inventory_id, product_id, store_id, stock) VALUES (70000, 70000, 7000, 172) ON CONFLICT DO NOTHING;
INSERT INTO products (product_id, name, description, price, image_url) VALUES (70001, '[Hũ 1Kg] Mắm Cá Cơm O Dung Mắm Ngon Hương Vị  Đậm Đà Thơm Ngon Đặc Sản Đà Nẵng', 'Đặc sản vùng miền chất lượng', 89999, 'https://down-vn.img.susercontent.com/file/vn-11134207-81ztc-mnxocwx5f1tw02') ON CONFLICT DO NOTHING;
INSERT INTO inventory (inventory_id, product_id, store_id, stock) VALUES (70001, 70001, 7000, 100) ON CONFLICT DO NOTHING;
INSERT INTO products (product_id, name, description, price, image_url) VALUES (70002, '[Combo 2 chai] Mắm Nêm Huế Loại Ngon Pha Sẵn Chuẩn Vị Đặc Sản Huế  Mắm Huế O Dung', 'Đặc sản vùng miền chất lượng', 115000, 'https://down-vn.img.susercontent.com/file/vn-11134207-81ztc-mnwche6m1q0wf0') ON CONFLICT DO NOTHING;
INSERT INTO inventory (inventory_id, product_id, store_id, stock) VALUES (70002, 70002, 7000, 149) ON CONFLICT DO NOTHING;
INSERT INTO products (product_id, name, description, price, image_url) VALUES (70003, 'Combo 2 Bình dừa Nam Kinh đặc sản Bến Tre- combo 2 bình tặng 1 túi dế sấy cay giòn', 'Đặc sản vùng miền chất lượng', 75000, 'https://down-vn.img.susercontent.com/file/vn-11134207-7r98o-lxc4474sofrvba') ON CONFLICT DO NOTHING;
INSERT INTO inventory (inventory_id, product_id, store_id, stock) VALUES (70003, 70003, 7001, 198) ON CONFLICT DO NOTHING;
INSERT INTO products (product_id, name, description, price, image_url) VALUES (70004, 'BÁNH HỒNG ĐẶC SẢN TAM QUAN BÌNH ĐINH 500gr (có 2 vị: truyền thống, lá dứa)', 'Đặc sản vùng miền chất lượng', 67900, 'https://down-vn.img.susercontent.com/file/sg-11134253-8260o-mljlvnieojr880') ON CONFLICT DO NOTHING;
INSERT INTO inventory (inventory_id, product_id, store_id, stock) VALUES (70004, 70004, 7002, 139) ON CONFLICT DO NOTHING;
INSERT INTO products (product_id, name, description, price, image_url) VALUES (70005, 'Bánh Dừa Nướng Mè Mềm 500g Mix 3 Vị Dứa Sữa – Sầu Riêng – Truyền Thống Ngọc Thuận', 'Đặc sản vùng miền chất lượng', 63000, 'https://down-vn.img.susercontent.com/file/vn-11134207-81ztc-mnqzluv1lnnl52') ON CONFLICT DO NOTHING;
INSERT INTO inventory (inventory_id, product_id, store_id, stock) VALUES (70005, 70005, 7003, 112) ON CONFLICT DO NOTHING;
INSERT INTO products (product_id, name, description, price, image_url) VALUES (70006, 'Khoai Lang Vàng Sấy Mật Ong Giòn Tan Tự Nhiên', 'Đặc sản vùng miền chất lượng', 43565, 'https://down-vn.img.susercontent.com/file/sg-11134253-82623-mj4l0c1qtwjl6c') ON CONFLICT DO NOTHING;
INSERT INTO inventory (inventory_id, product_id, store_id, stock) VALUES (70006, 70006, 7004, 69) ON CONFLICT DO NOTHING;
INSERT INTO products (product_id, name, description, price, image_url) VALUES (70007, 'Bánh Nhãn THÀNH NAM ÍT NGỌT 280g - Đặc sản Ninh Bình Đại Long thơm ngon, bổ dưỡng, giòn tan', 'Đặc sản vùng miền chất lượng', 59999, 'https://down-vn.img.susercontent.com/file/vn-11134207-81ztc-mnmadq78ykg5b5') ON CONFLICT DO NOTHING;
INSERT INTO inventory (inventory_id, product_id, store_id, stock) VALUES (70007, 70007, 7005, 65) ON CONFLICT DO NOTHING;
INSERT INTO products (product_id, name, description, price, image_url) VALUES (70008, '1Kg Khô cá lóc đồng tháp phơi tự nhiên, ít mặn, dai thơm nhiều thịt', 'Đặc sản vùng miền chất lượng', 59200, 'https://down-vn.img.susercontent.com/file/sg-11134253-825b0-mfxap3c7kdfyc6') ON CONFLICT DO NOTHING;
INSERT INTO inventory (inventory_id, product_id, store_id, stock) VALUES (70008, 70008, 7006, 59) ON CONFLICT DO NOTHING;
INSERT INTO products (product_id, name, description, price, image_url) VALUES (70009, 'Măng Ớt Mắc Mật Lạng Sơn 1.5kg - Cay Tê, Cay Nhẹ, Thơm Ngon, Đóng Gói Cẩn Thận', 'Đặc sản vùng miền chất lượng', 15, 'https://down-vn.img.susercontent.com/file/sg-11134253-822zg-mi1hrlzl7i12a3') ON CONFLICT DO NOTHING;
INSERT INTO inventory (inventory_id, product_id, store_id, stock) VALUES (70009, 70009, 7007, 61) ON CONFLICT DO NOTHING;
INSERT INTO products (product_id, name, description, price, image_url) VALUES (70010, 'Bánh tráng dẻo tôm cay nhẹ Tây Ninh 200g/300g/500g - Đặc sản ăn liền, dẻo ngon, trộn topping tiện lợi - Tiệm tạp hoá tháng năm', 'Đặc sản vùng miền chất lượng', 1000, 'https://down-vn.img.susercontent.com/file/sg-11134253-824it-mf5tgwdei49735') ON CONFLICT DO NOTHING;
INSERT INTO inventory (inventory_id, product_id, store_id, stock) VALUES (70010, 70010, 7008, 190) ON CONFLICT DO NOTHING;
INSERT INTO products (product_id, name, description, price, image_url) VALUES (70011, '500GR Snack Khoai Tây Gói(3 loại) - Đặc sản Như Thiên', 'Đặc sản vùng miền chất lượng', 45000, 'https://down-vn.img.susercontent.com/file/sg-11134253-822x1-mi14answ1g5g7d') ON CONFLICT DO NOTHING;
INSERT INTO inventory (inventory_id, product_id, store_id, stock) VALUES (70011, 70011, 7009, 49) ON CONFLICT DO NOTHING;
INSERT INTO products (product_id, name, description, price, image_url) VALUES (70012, 'Kẹo dừa non cuộn lá dứa - Đặc sản Bến Tre', 'Đặc sản vùng miền chất lượng', 80000, 'https://down-vn.img.susercontent.com/file/sg-11134201-22100-of7jtglkw5ivbf') ON CONFLICT DO NOTHING;
INSERT INTO inventory (inventory_id, product_id, store_id, stock) VALUES (70012, 70012, 7010, 161) ON CONFLICT DO NOTHING;
INSERT INTO products (product_id, name, description, price, image_url) VALUES (70013, 'Cốm Non Tú Lệ Không Phẩm Màu - Đặc Sản Yên Bái 500g & 1kg Cốm Khô, Cốm Thơm Đa Dạng Công Dụng', 'Đặc sản vùng miền chất lượng', 69000, 'https://down-vn.img.susercontent.com/file/vn-11134207-7r98o-lvgqrkyuwt59ef') ON CONFLICT DO NOTHING;
INSERT INTO inventory (inventory_id, product_id, store_id, stock) VALUES (70013, 70013, 7011, 114) ON CONFLICT DO NOTHING;
INSERT INTO products (product_id, name, description, price, image_url) VALUES (70014, 'Khô Cá Đù Cà Mau Loại 1 – Thơm Ngon Chuẩn Vị Biển, Dai Ngọt Tự Nhiên – Đặc Sản Miền Tây Chính Gốc', 'Đặc sản vùng miền chất lượng', 60000, 'https://down-vn.img.susercontent.com/file/vn-11134207-81ztc-ml2x5lh8etc7f3') ON CONFLICT DO NOTHING;
INSERT INTO inventory (inventory_id, product_id, store_id, stock) VALUES (70014, 70014, 7012, 123) ON CONFLICT DO NOTHING;
INSERT INTO products (product_id, name, description, price, image_url) VALUES (70015, 'Ô mai thập cẩm mix nhiều vị, tặng kèm muối - hộp 500g, 9-10 loại ô mai đặc biệt', 'Đặc sản vùng miền chất lượng', 89000, 'https://down-vn.img.susercontent.com/file/vn-11134207-820l4-mh7r1re4q51q84') ON CONFLICT DO NOTHING;
INSERT INTO inventory (inventory_id, product_id, store_id, stock) VALUES (70015, 70015, 7013, 59) ON CONFLICT DO NOTHING;
INSERT INTO products (product_id, name, description, price, image_url) VALUES (70016, '900gr Đậu phộng da cá vị nước cốt dừa giòn, thơm loại ngon ăn vặt', 'Đặc sản vùng miền chất lượng', 12900, 'https://down-vn.img.susercontent.com/file/sg-11134253-825zk-mk5xlwsmpamb27') ON CONFLICT DO NOTHING;
INSERT INTO inventory (inventory_id, product_id, store_id, stock) VALUES (70016, 70016, 7014, 163) ON CONFLICT DO NOTHING;
INSERT INTO products (product_id, name, description, price, image_url) VALUES (70017, 'Bánh Dày Cốm Dừa Đặc Sản Hà Giang Hương Vị Truyền Thống 10 Bánh Nhiều Lựa Chọn Cốm Dừa Cốm Mật Cốm Matcha Cốm Ngũ Sắc', 'Đặc sản vùng miền chất lượng', 54000, 'https://down-vn.img.susercontent.com/file/sg-11134253-8260w-mjekugtbib5v8c') ON CONFLICT DO NOTHING;
INSERT INTO inventory (inventory_id, product_id, store_id, stock) VALUES (70017, 70017, 7015, 53) ON CONFLICT DO NOTHING;
INSERT INTO products (product_id, name, description, price, image_url) VALUES (70018, '[VSATTP] Mè Xửng Huế Dẻo Hộp 6 Chiếc - Mộc Truly Hue''s', 'Đặc sản vùng miền chất lượng', 84000, 'https://down-vn.img.susercontent.com/file/e470d793180a8a192e0cecf1f327956d') ON CONFLICT DO NOTHING;
INSERT INTO inventory (inventory_id, product_id, store_id, stock) VALUES (70018, 70018, 7016, 106) ON CONFLICT DO NOTHING;
INSERT INTO products (product_id, name, description, price, image_url) VALUES (70019, 'Combo 3 Chai Tương Ớt Mường Khương A Châu – Đặc Sản Tây Bắc Chuẩn Vị, Cay Thơm, Không Chất Bảo Quản', 'Đặc sản vùng miền chất lượng', 99000, 'https://down-vn.img.susercontent.com/file/vn-11134207-81ztc-mnwnh7prmyo2b3') ON CONFLICT DO NOTHING;
INSERT INTO inventory (inventory_id, product_id, store_id, stock) VALUES (70019, 70019, 7017, 85) ON CONFLICT DO NOTHING;
INSERT INTO products (product_id, name, description, price, image_url) VALUES (70020, 'Bánh Canh Khô Huế Mì Đũa NhậtMinhFood - 350gr, Hương Vị Cố Đô, Sợi Dai Từ 100% Bột Mì Nguyên Chất', 'Đặc sản vùng miền chất lượng', 22000, 'https://down-vn.img.susercontent.com/file/sg-11134253-821e4-mgo5acftnsaxef') ON CONFLICT DO NOTHING;
INSERT INTO inventory (inventory_id, product_id, store_id, stock) VALUES (70020, 70020, 7018, 52) ON CONFLICT DO NOTHING;
INSERT INTO products (product_id, name, description, price, image_url) VALUES (70021, '(3 Tặng 1) Bánh Tráng Nướng Tỏi Ớt VỊ - Đặc Sản Đà Lạt - Giòn Tan Nhiều Lớp, Cay Nhẹ Thơm Ngon', 'Đặc sản vùng miền chất lượng', 89700, 'https://down-vn.img.susercontent.com/file/vn-11134207-81ztc-mnfc3l6bsdtu5f') ON CONFLICT DO NOTHING;
INSERT INTO inventory (inventory_id, product_id, store_id, stock) VALUES (70021, 70021, 7019, 26) ON CONFLICT DO NOTHING;
INSERT INTO products (product_id, name, description, price, image_url) VALUES (70022, 'Cóc Lát Sấy Dẻo Chua Cay Đậm Đà Không Chất Bảo Quản 100g 200g 500g', 'Đặc sản vùng miền chất lượng', 22500, 'https://down-vn.img.susercontent.com/file/sg-11134253-81zwc-miqc76o6qcjl22') ON CONFLICT DO NOTHING;
INSERT INTO inventory (inventory_id, product_id, store_id, stock) VALUES (70022, 70022, 7020, 50) ON CONFLICT DO NOTHING;
INSERT INTO products (product_id, name, description, price, image_url) VALUES (70023, 'Combo 2 túi trà mãng cầu xiêm sắt sợi An Bảo đặc sản quê hương Việt Nam 100g', 'Đặc sản vùng miền chất lượng', 129000, 'https://down-vn.img.susercontent.com/file/vn-11134207-820l4-mf3i01nvyqywd7') ON CONFLICT DO NOTHING;
INSERT INTO inventory (inventory_id, product_id, store_id, stock) VALUES (70023, 70023, 7021, 22) ON CONFLICT DO NOTHING;
INSERT INTO products (product_id, name, description, price, image_url) VALUES (70024, 'Bánh Hạt Dẻ Bongsubi Đặc Sản Sapa Lào Cai - Hộp 10 Cái Đã Hút Chân Không, Nhiều Hương Vị Để Lựa Chọn', 'Đặc sản vùng miền chất lượng', 54058, 'https://down-vn.img.susercontent.com/file/vn-11134207-7ra0g-m9pzld69rbbu5a') ON CONFLICT DO NOTHING;
INSERT INTO inventory (inventory_id, product_id, store_id, stock) VALUES (70024, 70024, 7022, 51) ON CONFLICT DO NOTHING;
INSERT INTO products (product_id, name, description, price, image_url) VALUES (70025, 'Kẹo mè xửng đặc sản Huế mềm dẻo, dai, thơm, bùi béo ăn là ghiền (1 gói / combo 5 gói)', 'Đặc sản vùng miền chất lượng', 16000, 'https://down-vn.img.susercontent.com/file/sg-11134201-824j2-mejv4j0w9e6f09') ON CONFLICT DO NOTHING;
INSERT INTO inventory (inventory_id, product_id, store_id, stock) VALUES (70025, 70025, 7023, 189) ON CONFLICT DO NOTHING;
INSERT INTO products (product_id, name, description, price, image_url) VALUES (70026, 'Bánh Tóp Mỡ Cháy Tỏi Vị Tứ Xuyên - Giòn Rụm, Không Ngấy, Ăn Vặt Đậm Đà', 'Đặc sản vùng miền chất lượng', 45000, 'https://down-vn.img.susercontent.com/file/sg-11134253-822zz-mi133yo5oruw63') ON CONFLICT DO NOTHING;
INSERT INTO inventory (inventory_id, product_id, store_id, stock) VALUES (70026, 70026, 7024, 103) ON CONFLICT DO NOTHING;
INSERT INTO products (product_id, name, description, price, image_url) VALUES (70027, 'Mực Rim Me Ăn Liền - Thơm Ngon Đậm Vị - Đặc Sản Nha Trang', 'Đặc sản vùng miền chất lượng', 95000, 'https://down-vn.img.susercontent.com/file/vn-11134207-820l4-mjv1k0e60d1cee') ON CONFLICT DO NOTHING;
INSERT INTO inventory (inventory_id, product_id, store_id, stock) VALUES (70027, 70027, 7025, 128) ON CONFLICT DO NOTHING;
INSERT INTO products (product_id, name, description, price, image_url) VALUES (70028, 'Bánh phồng sữa - nước cốt dừa Nhơn Hoàng - Đặc sản Cái Bè', 'Đặc sản vùng miền chất lượng', 50000, 'https://down-vn.img.susercontent.com/file/vn-11134207-7ras8-m3nqjn75v7hx1c') ON CONFLICT DO NOTHING;
INSERT INTO inventory (inventory_id, product_id, store_id, stock) VALUES (70028, 70028, 7026, 84) ON CONFLICT DO NOTHING;
INSERT INTO products (product_id, name, description, price, image_url) VALUES (70029, '[VSATTP] Hộp Bánh Ngũ sắc Huế Mềm Tan, Thơm Ngon - Mộc Truly Hue''s', 'Đặc sản vùng miền chất lượng', 161000, 'https://down-vn.img.susercontent.com/file/9e0beb30dac4df5dc83a107ae48b4b87') ON CONFLICT DO NOTHING;
INSERT INTO inventory (inventory_id, product_id, store_id, stock) VALUES (70029, 70029, 7016, 190) ON CONFLICT DO NOTHING;
INSERT INTO products (product_id, name, description, price, image_url) VALUES (70030, '1kg Cơm Cháy Chiên Mắm Bể Giòn Rụm, Vị Mặn Cay Đặc Trưng - Ăn Vặt Hoặc Làm Quà Tặng', 'Đặc sản vùng miền chất lượng', 26000, 'https://down-vn.img.susercontent.com/file/vn-11134201-23030-hychd945mcovca') ON CONFLICT DO NOTHING;
INSERT INTO inventory (inventory_id, product_id, store_id, stock) VALUES (70030, 70030, 7027, 113) ON CONFLICT DO NOTHING;
INSERT INTO products (product_id, name, description, price, image_url) VALUES (70031, 'Ô mai Sấu giòn chua cay ngọt gói 500gr', 'Đặc sản vùng miền chất lượng', 46000, 'https://down-vn.img.susercontent.com/file/50c4efba0682b71d4252324a612c1644') ON CONFLICT DO NOTHING;
INSERT INTO inventory (inventory_id, product_id, store_id, stock) VALUES (70031, 70031, 7028, 60) ON CONFLICT DO NOTHING;
INSERT INTO products (product_id, name, description, price, image_url) VALUES (70032, 'Tóp Mỡ Da Giòn Mắm Tỏi Đậm Đà Chuẩn Nhà Làm Paco Food Hủ Lớn 500g - Ăn Vặt Giòn Rụm Dùng Ngay', 'Đặc sản vùng miền chất lượng', 83300, 'https://down-vn.img.susercontent.com/file/sg-11134253-81zug-mid83qppmbd43e') ON CONFLICT DO NOTHING;
INSERT INTO inventory (inventory_id, product_id, store_id, stock) VALUES (70032, 70032, 7029, 44) ON CONFLICT DO NOTHING;
INSERT INTO products (product_id, name, description, price, image_url) VALUES (70033, 'Bánh Dày Cốm Dừa Đặc Sản Hà Giang 10 Bánh Tặng Kèm Mật Mía Đa Dạng Tùy Chọn', 'Đặc sản vùng miền chất lượng', 54000, 'https://down-vn.img.susercontent.com/file/sg-11134253-821f6-mgsugj437j7va1') ON CONFLICT DO NOTHING;
INSERT INTO inventory (inventory_id, product_id, store_id, stock) VALUES (70033, 70033, 7030, 147) ON CONFLICT DO NOTHING;
INSERT INTO products (product_id, name, description, price, image_url) VALUES (70034, 'Chè Lam Đặc Sản Bắc Giang 1.5kg Combo 3 Vị Mật, Nếp, Gấc Hương Vị Tự Nhiên Không Chất Bảo Quản', 'Đặc sản vùng miền chất lượng', 153, 'https://down-vn.img.susercontent.com/file/vn-11134207-7r98o-ltcmn3bs4sd596') ON CONFLICT DO NOTHING;
INSERT INTO inventory (inventory_id, product_id, store_id, stock) VALUES (70034, 70034, 7031, 193) ON CONFLICT DO NOTHING;
INSERT INTO products (product_id, name, description, price, image_url) VALUES (70035, 'Bánh Kẹp Mè Cốt Dừa Nướng Cẩm Huê Giòn Tan Béo Ngậy 200gr/500gr Đặc Sản Miền Tây', 'Đặc sản vùng miền chất lượng', 25000, 'https://down-vn.img.susercontent.com/file/sg-11134253-821cw-mh6s0qhc5kp983') ON CONFLICT DO NOTHING;
INSERT INTO inventory (inventory_id, product_id, store_id, stock) VALUES (70035, 70035, 7032, 175) ON CONFLICT DO NOTHING;
INSERT INTO products (product_id, name, description, price, image_url) VALUES (70036, 'Mắm Tép Chưng Thịt PTK Lọ thủy tinh 450g (Vị truyền thống) - Đặc Sản Việt Nam - Chuẩn ISO, OCOP', 'Đặc sản vùng miền chất lượng', 219000, 'https://down-vn.img.susercontent.com/file/vn-11134207-81ztc-mn9raubiwo3s4d') ON CONFLICT DO NOTHING;
INSERT INTO inventory (inventory_id, product_id, store_id, stock) VALUES (70036, 70036, 7033, 60) ON CONFLICT DO NOTHING;
INSERT INTO products (product_id, name, description, price, image_url) VALUES (70037, '[Siêu Sale] Hủ Mắm Mực Loại 1 [500Gr] - Đặc Sản Xứ Nẫu - Hàng Chính Gốc Bình Định', 'Đặc sản vùng miền chất lượng', 60000, 'https://down-vn.img.susercontent.com/file/vn-11134207-7r98o-ltvv8uioztvx14') ON CONFLICT DO NOTHING;
INSERT INTO inventory (inventory_id, product_id, store_id, stock) VALUES (70037, 70037, 7034, 72) ON CONFLICT DO NOTHING;
INSERT INTO products (product_id, name, description, price, image_url) VALUES (70038, 'Kẹo dừa Thanh Long 300g - Đặc Sản Bến Tre', 'Đặc sản vùng miền chất lượng', 55000, 'https://down-vn.img.susercontent.com/file/vn-11134207-81ztc-mnw9j0wb3z7lde') ON CONFLICT DO NOTHING;
INSERT INTO inventory (inventory_id, product_id, store_id, stock) VALUES (70038, 70038, 7035, 176) ON CONFLICT DO NOTHING;
INSERT INTO products (product_id, name, description, price, image_url) VALUES (70039, 'Hủ 500g Mắm ruốc muối xổi nguyên chất phù hợp với nhiều món ăn đặc sản miền trung', 'Đặc sản vùng miền chất lượng', 47000, 'https://down-vn.img.susercontent.com/file/vn-11134207-81ztc-mmoirk51v4zn3e') ON CONFLICT DO NOTHING;
INSERT INTO inventory (inventory_id, product_id, store_id, stock) VALUES (70039, 70039, 7036, 73) ON CONFLICT DO NOTHING;
INSERT INTO products (product_id, name, description, price, image_url) VALUES (70040, 'Chè Tân Cương Đặc Sản', 'Đặc sản vùng miền chất lượng', 100000, 'https://down-vn.img.susercontent.com/file/vn-11134207-81ztc-mn4xmjrjiebkd1') ON CONFLICT DO NOTHING;
INSERT INTO inventory (inventory_id, product_id, store_id, stock) VALUES (70040, 70040, 7037, 21) ON CONFLICT DO NOTHING;
INSERT INTO products (product_id, name, description, price, image_url) VALUES (70041, '(SALE DATE 5/7/2026) Ruốc cá hồi KS Food 130g Nhật Bản - GYOMU JAPAN', 'Đặc sản vùng miền chất lượng', 55000, 'https://down-vn.img.susercontent.com/file/vn-11134207-81ztc-mo3drqfeczd23c') ON CONFLICT DO NOTHING;
INSERT INTO inventory (inventory_id, product_id, store_id, stock) VALUES (70041, 70041, 7038, 190) ON CONFLICT DO NOTHING;
INSERT INTO products (product_id, name, description, price, image_url) VALUES (70042, 'Mè xửng dẻo Sông Hương 400g siêu ngon đặc sản Huế', 'Đặc sản vùng miền chất lượng', 29000, 'https://down-vn.img.susercontent.com/file/vn-11134207-7r98o-lqwotva1rs902d') ON CONFLICT DO NOTHING;
INSERT INTO inventory (inventory_id, product_id, store_id, stock) VALUES (70042, 70042, 7039, 92) ON CONFLICT DO NOTHING;
INSERT INTO products (product_id, name, description, price, image_url) VALUES (70043, 'Kẹo dừa lá dứa đặc sản bến tre 1 hộp 48 viên', 'Đặc sản vùng miền chất lượng', 26999, 'https://down-vn.img.susercontent.com/file/vn-11134207-7ras8-mchgkw5alsbx79') ON CONFLICT DO NOTHING;
INSERT INTO inventory (inventory_id, product_id, store_id, stock) VALUES (70043, 70043, 7040, 53) ON CONFLICT DO NOTHING;
INSERT INTO products (product_id, name, description, price, image_url) VALUES (70044, '[1Kg] Mắm Cá Sơn Cà Mau – Đậm Vị, Không Hóa Chất, Chuẩn Nhà Làm - Mắm Ngon Truyền Thống, Ăn Kèm Ngon', 'Đặc sản vùng miền chất lượng', 42250, 'https://down-vn.img.susercontent.com/file/vn-11134207-81ztc-mnu4slh38cg007') ON CONFLICT DO NOTHING;
INSERT INTO inventory (inventory_id, product_id, store_id, stock) VALUES (70044, 70044, 7041, 137) ON CONFLICT DO NOTHING;
INSERT INTO products (product_id, name, description, price, image_url) VALUES (70045, 'Đặc Sản Miến Dong Lai Châu Đặc Sản Tây Bắc', 'Đặc sản vùng miền chất lượng', 83200, 'https://down-vn.img.susercontent.com/file/vn-11134207-820l4-mgrdmc3xjrpp69') ON CONFLICT DO NOTHING;
INSERT INTO inventory (inventory_id, product_id, store_id, stock) VALUES (70045, 70045, 7042, 185) ON CONFLICT DO NOTHING;
INSERT INTO products (product_id, name, description, price, image_url) VALUES (70046, 'Khô cá thu đỏ tuổi thơ 100g, được ướp vị mặn ngọt vừa ăn', 'Đặc sản vùng miền chất lượng', 20000, 'https://down-vn.img.susercontent.com/file/vn-11134207-820l4-mgonajbs9clr56') ON CONFLICT DO NOTHING;
INSERT INTO inventory (inventory_id, product_id, store_id, stock) VALUES (70046, 70046, 7043, 29) ON CONFLICT DO NOTHING;
INSERT INTO products (product_id, name, description, price, image_url) VALUES (70047, 'Khô cá đỏ ép tròn, chả cá đỏ, cá thu đỏ vị ngọt - 250g/500g/1kg', 'Đặc sản vùng miền chất lượng', 48000, 'https://down-vn.img.susercontent.com/file/sg-11134253-8257y-mftc5vorlpn0d6') ON CONFLICT DO NOTHING;
INSERT INTO inventory (inventory_id, product_id, store_id, stock) VALUES (70047, 70047, 7044, 63) ON CONFLICT DO NOTHING;
INSERT INTO products (product_id, name, description, price, image_url) VALUES (70048, 'Kẹo dừa Thanh Long - Đặc Sản Bến Tre', 'Đặc sản vùng miền chất lượng', 65000, 'https://down-vn.img.susercontent.com/file/vn-11134207-81ztc-mnw9j0wb3z7lde') ON CONFLICT DO NOTHING;
INSERT INTO inventory (inventory_id, product_id, store_id, stock) VALUES (70048, 70048, 7035, 181) ON CONFLICT DO NOTHING;
INSERT INTO products (product_id, name, description, price, image_url) VALUES (70049, 'đặc sản AMA CÔNG', 'Đặc sản vùng miền chất lượng', 169000, 'https://down-vn.img.susercontent.com/file/vn-11134207-81ztc-mnuoxdm8cf7n05') ON CONFLICT DO NOTHING;
INSERT INTO inventory (inventory_id, product_id, store_id, stock) VALUES (70049, 70049, 7045, 66) ON CONFLICT DO NOTHING;
INSERT INTO products (product_id, name, description, price, image_url) VALUES (70050, '[Laifarm] Táo sấy dẻo Thái Thuận TRF (túi 410g) - Đặc sản Ninh Thuận - Cuẩn OCOP 3 sao', 'Đặc sản vùng miền chất lượng', 217391, 'https://down-vn.img.susercontent.com/file/vn-11134207-81ztc-mn42n9mr9af4ac') ON CONFLICT DO NOTHING;
INSERT INTO inventory (inventory_id, product_id, store_id, stock) VALUES (70050, 70050, 7046, 64) ON CONFLICT DO NOTHING;
INSERT INTO products (product_id, name, description, price, image_url) VALUES (70051, '[Combo 10-20 cái] Bánh ít lá gai - Đặc sản Bình Định thơm ngon nhân dừa đậu xanh ăn là ghiền', 'Đặc sản vùng miền chất lượng', 55000, 'https://down-vn.img.susercontent.com/file/vn-11134201-820l4-mei2q9madf5v99') ON CONFLICT DO NOTHING;
INSERT INTO inventory (inventory_id, product_id, store_id, stock) VALUES (70051, 70051, 7047, 184) ON CONFLICT DO NOTHING;
INSERT INTO products (product_id, name, description, price, image_url) VALUES (70052, 'B5Muối Sặc Nhuyễn (Muối Nhuyễn Siêu Cay )- Chay Mặn đều dùng được, ăn bao ghiền - Muối ớt Tây Ninh- Đặc Sản Tây Ninh', 'Đặc sản vùng miền chất lượng', 49000, 'https://down-vn.img.susercontent.com/file/vn-11134207-81ztc-mnse0jhlf1tt7d') ON CONFLICT DO NOTHING;
INSERT INTO inventory (inventory_id, product_id, store_id, stock) VALUES (70052, 70052, 7048, 186) ON CONFLICT DO NOTHING;
INSERT INTO products (product_id, name, description, price, image_url) VALUES (70053, '[1Kg] Khô Cá Phi Cà Mau – Đặc Sản Miền Tây, Thịt Ngọt, Ít Mặn, Phơi Tự Nhiên - Nướng, Chiên, Hấp', 'Đặc sản vùng miền chất lượng', 39000, 'https://down-vn.img.susercontent.com/file/vn-11134207-81ztc-mntsmvl0qubm57') ON CONFLICT DO NOTHING;
INSERT INTO inventory (inventory_id, product_id, store_id, stock) VALUES (70053, 70053, 7041, 114) ON CONFLICT DO NOTHING;
INSERT INTO products (product_id, name, description, price, image_url) VALUES (70054, 'Bánh gạo Đài Loan 280g – Mua 2 tặng 1, giá xưởng trực tiếp', 'Đặc sản vùng miền chất lượng', 129000, 'https://down-vn.img.susercontent.com/file/vn-11134207-81ztc-mnv6jldalkau70') ON CONFLICT DO NOTHING;
INSERT INTO inventory (inventory_id, product_id, store_id, stock) VALUES (70054, 70054, 7049, 137) ON CONFLICT DO NOTHING;
INSERT INTO products (product_id, name, description, price, image_url) VALUES (70055, 'Vải Thiều Ngâm Nước Đường Đặc Sản THANH HÀ Lon 565gr', 'Đặc sản vùng miền chất lượng', 30380, 'https://down-vn.img.susercontent.com/file/vn-11134207-7r98o-ln5uwkkvzqooc7') ON CONFLICT DO NOTHING;
INSERT INTO inventory (inventory_id, product_id, store_id, stock) VALUES (70055, 70055, 7050, 48) ON CONFLICT DO NOTHING;
INSERT INTO products (product_id, name, description, price, image_url) VALUES (70056, 'Hạt hướng dương tẩm vị chiên giòn Huenuts 35g – Snack giòn tan, tiện lợi', 'Đặc sản vùng miền chất lượng', 9800, 'https://down-vn.img.susercontent.com/file/vn-11134207-7ras8-m6232m2r5fsm9a') ON CONFLICT DO NOTHING;
INSERT INTO inventory (inventory_id, product_id, store_id, stock) VALUES (70056, 70056, 7051, 159) ON CONFLICT DO NOTHING;
INSERT INTO products (product_id, name, description, price, image_url) VALUES (70057, '[MUA 1 TẶNG 2] Bánh Hạt Dinh Dưỡng Yumvita - 200gr Kết hợp 5 loại hạt và trái cây đến từ Đắk Lắk', 'Đặc sản vùng miền chất lượng', 79000, 'https://down-vn.img.susercontent.com/file/vn-11134207-81ztc-mnvml0oe6f440a') ON CONFLICT DO NOTHING;
INSERT INTO inventory (inventory_id, product_id, store_id, stock) VALUES (70057, 70057, 7052, 79) ON CONFLICT DO NOTHING;
INSERT INTO products (product_id, name, description, price, image_url) VALUES (70058, 'Combo đồ ăn vặt giá sỉ, khô gà, thịt sấy vị khô bò, thịt sấy vị khô heo, khô mực, da heo, cơm cháy', 'Đặc sản vùng miền chất lượng', 179000, 'https://down-vn.img.susercontent.com/file/vn-11134207-7ras8-mb5b7a4xk5hz43') ON CONFLICT DO NOTHING;
INSERT INTO inventory (inventory_id, product_id, store_id, stock) VALUES (70058, 70058, 7053, 146) ON CONFLICT DO NOTHING;
INSERT INTO products (product_id, name, description, price, image_url) VALUES (70059, '[COMBO 8 SẢN PHẨM] Bánh Ép Huế vị BBQ, Gà, Tép - Đặc sản Huế Chính Gốc, Thơm, Giòn Rụm, Hue One Food', 'Đặc sản vùng miền chất lượng', 131999, 'https://down-vn.img.susercontent.com/file/vn-11134207-820l4-mjjp6yhux69wa6') ON CONFLICT DO NOTHING;
INSERT INTO inventory (inventory_id, product_id, store_id, stock) VALUES (70059, 70059, 7054, 48) ON CONFLICT DO NOTHING;
INSERT INTO products (product_id, name, description, price, image_url) VALUES (70060, 'Bánh ép Hue One Food vị hải sản tôm thịt hộp nhỏ 40g thơm ngon giòn rụm', 'Đặc sản vùng miền chất lượng', 79350, 'https://down-vn.img.susercontent.com/file/vn-11134207-7ras8-m418zmb6cs0f44') ON CONFLICT DO NOTHING;
INSERT INTO inventory (inventory_id, product_id, store_id, stock) VALUES (70060, 70060, 7054, 67) ON CONFLICT DO NOTHING;
INSERT INTO products (product_id, name, description, price, image_url) VALUES (70061, 'Bánh ép Hue One Food Vị Hải Sản Tôm Thịt hộp lớn 65g thơm ngon giòn rụm Đặc Sản Cố Đô', 'Đặc sản vùng miền chất lượng', 120750, 'https://down-vn.img.susercontent.com/file/vn-11134207-7ra0g-maapfwrj1gmj72') ON CONFLICT DO NOTHING;
INSERT INTO inventory (inventory_id, product_id, store_id, stock) VALUES (70061, 70061, 7054, 36) ON CONFLICT DO NOTHING;
INSERT INTO products (product_id, name, description, price, image_url) VALUES (70062, 'Bánh ép Huế vị BBQ, Tép - Gói 40g - Thơm ngon giòn rụm - Đặc sản Kinh Đô', 'Đặc sản vùng miền chất lượng', 20000, 'https://down-vn.img.susercontent.com/file/vn-11134207-81ztc-mlspziidyccv1e') ON CONFLICT DO NOTHING;
INSERT INTO inventory (inventory_id, product_id, store_id, stock) VALUES (70062, 70062, 7055, 42) ON CONFLICT DO NOTHING;
INSERT INTO products (product_id, name, description, price, image_url) VALUES (70063, 'DÂU TÂY SẤY GIÒN TREND 2024 GIÒN, XỐP, NGỌT NHẸ, CHUA TỰ NHIÊN, THƠM DÂU - ĐẶC SẢN THẢO ĐÀ LẠT', 'Đặc sản vùng miền chất lượng', 35360, 'https://down-vn.img.susercontent.com/file/vn-11134201-7r98o-lvo6weobw2n83c') ON CONFLICT DO NOTHING;
INSERT INTO inventory (inventory_id, product_id, store_id, stock) VALUES (70063, 70063, 7056, 132) ON CONFLICT DO NOTHING;
INSERT INTO products (product_id, name, description, price, image_url) VALUES (70064, 'BÁNH TRÁNG KHOAI LANG ĐẶC SẢN TAM QUAN - SIZE 25 CM - HÀNG LOẠI 1', 'Đặc sản vùng miền chất lượng', 32000, 'https://down-vn.img.susercontent.com/file/vn-11134207-7ras8-m1ezots1yl9871') ON CONFLICT DO NOTHING;
INSERT INTO inventory (inventory_id, product_id, store_id, stock) VALUES (70064, 70064, 7057, 191) ON CONFLICT DO NOTHING;
INSERT INTO products (product_id, name, description, price, image_url) VALUES (70065, 'Thịt Trâu Gác Bếp Mường Then (ĐẶC BIỆT THƠM) Khô Thịt Trâu Sấy Chuẩn Vị Tây Bắc ✅ Kèm Chẩm Chéo ✅', 'Đặc sản vùng miền chất lượng', 16660, 'https://down-vn.img.susercontent.com/file/vn-11134207-820l4-mixx4wsk0ohvd5') ON CONFLICT DO NOTHING;
INSERT INTO inventory (inventory_id, product_id, store_id, stock) VALUES (70065, 70065, 7058, 106) ON CONFLICT DO NOTHING;
INSERT INTO products (product_id, name, description, price, image_url) VALUES (70066, 'Kẹo dừa non cuộn mini vị lá dứa/ truyền thống- Đặc sản Bến Tre', 'Đặc sản vùng miền chất lượng', 39200, 'https://down-vn.img.susercontent.com/file/vn-11134207-820l4-mhn5u8cl3020ae') ON CONFLICT DO NOTHING;
INSERT INTO inventory (inventory_id, product_id, store_id, stock) VALUES (70066, 70066, 7059, 99) ON CONFLICT DO NOTHING;
INSERT INTO products (product_id, name, description, price, image_url) VALUES (70067, '500Gr KHOAI LANG VÀNG SẤY MẬT ONG - ĐẶC SẢN  CHIN ĐÀ LẠT', 'Đặc sản vùng miền chất lượng', 53000, 'https://down-vn.img.susercontent.com/file/vn-11134207-7ra0g-m7ubl6bgy37q80') ON CONFLICT DO NOTHING;
INSERT INTO inventory (inventory_id, product_id, store_id, stock) VALUES (70067, 70067, 7060, 53) ON CONFLICT DO NOTHING;
INSERT INTO products (product_id, name, description, price, image_url) VALUES (70068, 'Chè lam cốm lá nếp đặc sản Chú Lâm Phù Sa vị ngọt nhẹ dễ ăn đóng gói 500g sang trọng', 'Đặc sản vùng miền chất lượng', 32000, 'https://down-vn.img.susercontent.com/file/vn-11134207-820l4-mivep0u3q8e921') ON CONFLICT DO NOTHING;
INSERT INTO inventory (inventory_id, product_id, store_id, stock) VALUES (70068, 70068, 7061, 47) ON CONFLICT DO NOTHING;
INSERT INTO products (product_id, name, description, price, image_url) VALUES (70069, '(Vị Chua Ngọt) Kẹo khóm Tân Phước - Đặc sản Tiền Giang - Thơm ngon chuẩn vị truyền thống', 'Đặc sản vùng miền chất lượng', 48877, 'https://down-vn.img.susercontent.com/file/vn-11134207-7ra0g-m9wo369s7qqif6') ON CONFLICT DO NOTHING;
INSERT INTO inventory (inventory_id, product_id, store_id, stock) VALUES (70069, 70069, 7062, 176) ON CONFLICT DO NOTHING;
INSERT INTO products (product_id, name, description, price, image_url) VALUES (70070, 'Bánh Ép Huế vị BBQ gói 40g - Đặc sản Huế thơm ngon giòn rụm, mê mẫn lòng người, Ăn Là Ghiền!', 'Đặc sản vùng miền chất lượng', 49500, 'https://down-vn.img.susercontent.com/file/vn-11134207-7ras8-m44gila2voo0c5') ON CONFLICT DO NOTHING;
INSERT INTO inventory (inventory_id, product_id, store_id, stock) VALUES (70070, 70070, 7054, 196) ON CONFLICT DO NOTHING;
INSERT INTO products (product_id, name, description, price, image_url) VALUES (70071, 'Ô Mai Sấu Giòn Cay Lon 500gr', 'Đặc sản vùng miền chất lượng', 22000, 'https://down-vn.img.susercontent.com/file/16a8ca0bd788c2ebcb0abdc8fd34b67b') ON CONFLICT DO NOTHING;
INSERT INTO inventory (inventory_id, product_id, store_id, stock) VALUES (70071, 70071, 7024, 73) ON CONFLICT DO NOTHING;
INSERT INTO products (product_id, name, description, price, image_url) VALUES (70072, 'Ô mai mận cơm xào dẻo chua ngọt hũ 200g/500g/1kg đặc sản Hưng Yên - Minh Châu Shop', 'Đặc sản vùng miền chất lượng', 7000, 'https://down-vn.img.susercontent.com/file/vn-11134207-81ztc-mnusn7y77y830f') ON CONFLICT DO NOTHING;
INSERT INTO inventory (inventory_id, product_id, store_id, stock) VALUES (70072, 70072, 7063, 168) ON CONFLICT DO NOTHING;
INSERT INTO products (product_id, name, description, price, image_url) VALUES (70073, 'Bánh dừa non - Đặc sản Đà Nẵng ngon HANIGO', 'Đặc sản vùng miền chất lượng', 35000, 'https://down-vn.img.susercontent.com/file/vn-11134207-7r98o-lz5vcueh7olpe8') ON CONFLICT DO NOTHING;
INSERT INTO inventory (inventory_id, product_id, store_id, stock) VALUES (70073, 70073, 7064, 69) ON CONFLICT DO NOTHING;
INSERT INTO products (product_id, name, description, price, image_url) VALUES (70074, '[Ăn ghiền luôn] Sakê sấy mộc Nam Huy -Giòn xốp ngọt tự nhiên ,không đường-  Đặc sản Đồng Tháp - Túi 70g - Kingsmart', 'Đặc sản vùng miền chất lượng', 25000, 'https://down-vn.img.susercontent.com/file/vn-11134207-81ztc-mo3u9kwn7rwo57') ON CONFLICT DO NOTHING;
INSERT INTO inventory (inventory_id, product_id, store_id, stock) VALUES (70074, 70074, 7065, 37) ON CONFLICT DO NOTHING;
INSERT INTO products (product_id, name, description, price, image_url) VALUES (70075, 'Khoai Gieo Hải Ninh 500g - 1KG - Không Chất Tạo Ngọt - Tốt Cho Hệ Tiêu Hóa - Đặc Sản Quảng Bình', 'Đặc sản vùng miền chất lượng', 38700, 'https://down-vn.img.susercontent.com/file/vn-11134207-81ztc-mngq54fwt7nqaf') ON CONFLICT DO NOTHING;
INSERT INTO inventory (inventory_id, product_id, store_id, stock) VALUES (70075, 70075, 7066, 75) ON CONFLICT DO NOTHING;
INSERT INTO products (product_id, name, description, price, image_url) VALUES (70076, 'Bì Da Đòn 75g - Đặc Sản Lai vung', 'Đặc sản vùng miền chất lượng', 10000, 'https://down-vn.img.susercontent.com/file/vn-11134207-7ra0g-m9ze42fobj9g2b') ON CONFLICT DO NOTHING;
INSERT INTO inventory (inventory_id, product_id, store_id, stock) VALUES (70076, 70076, 7067, 42) ON CONFLICT DO NOTHING;
INSERT INTO products (product_id, name, description, price, image_url) VALUES (70077, '500G/300Gram Cá Cơm Rim Tỏi Ớt Ăn Liền. Đặc Sản Nha Trang', 'Đặc sản vùng miền chất lượng', 92000, 'https://down-vn.img.susercontent.com/file/vn-11134207-7ra0g-m8zlmm9hx9imeb') ON CONFLICT DO NOTHING;
INSERT INTO inventory (inventory_id, product_id, store_id, stock) VALUES (70077, 70077, 7068, 158) ON CONFLICT DO NOTHING;
INSERT INTO products (product_id, name, description, price, image_url) VALUES (70078, 'Chuối Ép Sấy Dẻo (Sấy trong lò khép kín có giấy phép VSATP) Đặc Sản Cà Mau', 'Đặc sản vùng miền chất lượng', 38000, 'https://down-vn.img.susercontent.com/file/vn-11134207-820l4-mjpeols2bxfod2') ON CONFLICT DO NOTHING;
INSERT INTO inventory (inventory_id, product_id, store_id, stock) VALUES (70078, 70078, 7069, 178) ON CONFLICT DO NOTHING;
INSERT INTO products (product_id, name, description, price, image_url) VALUES (70079, 'Tôm sấy giòn sốt gia vị ăn liền giòn giòn thơm thơm  Seavy Đặc sản Nha Trang hộp 200gram', 'Đặc sản vùng miền chất lượng', 105800, 'https://down-vn.img.susercontent.com/file/vn-11134207-7r98o-ltrsti1jbaiy6a') ON CONFLICT DO NOTHING;
INSERT INTO inventory (inventory_id, product_id, store_id, stock) VALUES (70079, 70079, 7070, 192) ON CONFLICT DO NOTHING;
INSERT INTO products (product_id, name, description, price, image_url) VALUES (70080, 'Bánh Ép Huế Khô Vị Tôm Thịt và Bánh Ép Huế Khô Vị Thịt Nướng Đặc Sản Thuân An Huế Hộp 40 Gam và 65 Gam', 'Đặc sản vùng miền chất lượng', 23000, 'https://down-vn.img.susercontent.com/file/vn-11134207-7r98o-ly6d45vfhf0t76') ON CONFLICT DO NOTHING;
INSERT INTO inventory (inventory_id, product_id, store_id, stock) VALUES (70080, 70080, 7071, 53) ON CONFLICT DO NOTHING;
INSERT INTO products (product_id, name, description, price, image_url) VALUES (70081, 'Hồng treo gió đà lạt - Minh Tiến Farm - Đặc sản Đà Lạt', 'Đặc sản vùng miền chất lượng', 138000, 'https://down-vn.img.susercontent.com/file/vn-11134207-7r98o-lvbgt56h5hn19a') ON CONFLICT DO NOTHING;
INSERT INTO inventory (inventory_id, product_id, store_id, stock) VALUES (70081, 70081, 7072, 121) ON CONFLICT DO NOTHING;
INSERT INTO products (product_id, name, description, price, image_url) VALUES (70082, 'Kẹo hương dâu tây đặc sản Langfarm - Thơm ngon, ít ngọt, an toàn vệ sinh, nguồn gốc rõ ràng', 'Đặc sản vùng miền chất lượng', 21000, 'https://down-vn.img.susercontent.com/file/vn-11134207-820l4-mh7d042kmd594c') ON CONFLICT DO NOTHING;
INSERT INTO inventory (inventory_id, product_id, store_id, stock) VALUES (70082, 70082, 7073, 199) ON CONFLICT DO NOTHING;
INSERT INTO products (product_id, name, description, price, image_url) VALUES (70083, 'Bánh tráng khoai lang bánh tráng đặc sản Nha Trang', 'Đặc sản vùng miền chất lượng', 20000, 'https://down-vn.img.susercontent.com/file/7378e542f83220e7547669c8f551fa82') ON CONFLICT DO NOTHING;
INSERT INTO inventory (inventory_id, product_id, store_id, stock) VALUES (70083, 70083, 7074, 112) ON CONFLICT DO NOTHING;
INSERT INTO products (product_id, name, description, price, image_url) VALUES (70084, 'Bánh Tráng Dừa Non Size 24Cm Béo Ngọt Từ Dừa Non Giòn Ngon Bánh Tráng - Út Hà Đặc Sản', 'Đặc sản vùng miền chất lượng', 48000, 'https://down-vn.img.susercontent.com/file/vn-11134207-81ztc-mlqd79pjt3wg6c') ON CONFLICT DO NOTHING;
INSERT INTO inventory (inventory_id, product_id, store_id, stock) VALUES (70084, 70084, 7075, 194) ON CONFLICT DO NOTHING;
INSERT INTO products (product_id, name, description, price, image_url) VALUES (70085, 'Bánh gio chấm mật mía ĐẶC SẢN 97 BẮC KẠN 10 bánh tam giác(đã kèm mật mía)', 'Đặc sản vùng miền chất lượng', 65000, 'https://down-vn.img.susercontent.com/file/vn-11134207-7ras8-m3kx8re5sdnl0b') ON CONFLICT DO NOTHING;
INSERT INTO inventory (inventory_id, product_id, store_id, stock) VALUES (70085, 70085, 7076, 42) ON CONFLICT DO NOTHING;
INSERT INTO products (product_id, name, description, price, image_url) VALUES (70086, 'Khoai lang sấy dẻo không đường MIDIFARM, rau củ sấy đặc sản đà lạt', 'Đặc sản vùng miền chất lượng', 54000, 'https://down-vn.img.susercontent.com/file/vn-11134207-820l4-mglnhgzpewb147') ON CONFLICT DO NOTHING;
INSERT INTO inventory (inventory_id, product_id, store_id, stock) VALUES (70086, 70086, 7077, 159) ON CONFLICT DO NOTHING;
INSERT INTO products (product_id, name, description, price, image_url) VALUES (70087, 'Mè Xửng Hạt Điều Huế - Dẻo Bùi, Thơm Ngon - Đặc Sản Huế - Đặc Sản Kinh Đô - Hộp 60g', 'Đặc sản vùng miền chất lượng', 40000, 'https://down-vn.img.susercontent.com/file/vn-11134207-81ztc-mnwbiwk1nymc3d') ON CONFLICT DO NOTHING;
INSERT INTO inventory (inventory_id, product_id, store_id, stock) VALUES (70087, 70087, 7055, 190) ON CONFLICT DO NOTHING;
INSERT INTO products (product_id, name, description, price, image_url) VALUES (70088, 'Đặc sản nem chua lá ổi Bình Định siêu ngon không chất bảo quản', 'Đặc sản vùng miền chất lượng', 18000, 'https://down-vn.img.susercontent.com/file/vn-11134207-7r98o-lxxo9wb65ja1b0') ON CONFLICT DO NOTHING;
INSERT INTO inventory (inventory_id, product_id, store_id, stock) VALUES (70088, 70088, 7078, 119) ON CONFLICT DO NOTHING;
INSERT INTO products (product_id, name, description, price, image_url) VALUES (70089, 'Bịch Pò Miếng Vừng Đặc Sản Ngọc Quỳnh, bim bim đậu bò, ăn vặt tuổi thơ, Ăn Vặt Nhà Mầm.', 'Đặc sản vùng miền chất lượng', 34000, 'https://down-vn.img.susercontent.com/file/vn-11134207-7r98o-lzbgn6u3vzxd8e') ON CONFLICT DO NOTHING;
INSERT INTO inventory (inventory_id, product_id, store_id, stock) VALUES (70089, 70089, 7079, 121) ON CONFLICT DO NOTHING;
INSERT INTO products (product_id, name, description, price, image_url) VALUES (70090, 'Bánh Tráng Dừa Non Đặc Sản Đà Nẵng loại ngon nhất,to nhất', 'Đặc sản vùng miền chất lượng', 39000, 'https://down-vn.img.susercontent.com/file/vn-11134207-7qukw-lf8eje79pm532e') ON CONFLICT DO NOTHING;
INSERT INTO inventory (inventory_id, product_id, store_id, stock) VALUES (70090, 70090, 7080, 22) ON CONFLICT DO NOTHING;
INSERT INTO products (product_id, name, description, price, image_url) VALUES (70091, 'CHÀ BÔNG MẮM ĐẶC SẢN CÁC LOẠI [Sỉ Túi 5kg]', 'Đặc sản vùng miền chất lượng', 1366200, 'https://down-vn.img.susercontent.com/file/vn-11134207-81ztc-mnwhhqyor1fk75') ON CONFLICT DO NOTHING;
INSERT INTO inventory (inventory_id, product_id, store_id, stock) VALUES (70091, 70091, 7081, 179) ON CONFLICT DO NOTHING;
INSERT INTO products (product_id, name, description, price, image_url) VALUES (70092, 'Chuối Sấy Mè Gừng Giòn Tan 1Kg [CÓ BÁN SỈ] , [Loại Đặc Biệt] Hàng ngon nhà làm', 'Đặc sản vùng miền chất lượng', 55000, 'https://down-vn.img.susercontent.com/file/sg-11134201-22100-dmn1etnpusiv51') ON CONFLICT DO NOTHING;
INSERT INTO inventory (inventory_id, product_id, store_id, stock) VALUES (70092, 70092, 7082, 64) ON CONFLICT DO NOTHING;
INSERT INTO products (product_id, name, description, price, image_url) VALUES (70093, 'Sườn Lợn Gác Bếp Bản Mộc Food – Đặc Sản Dân Tộc, An Toàn Vệ Sinh, Kèm Sốt Chẩm Chéo', 'Đặc sản vùng miền chất lượng', 260000, 'https://down-vn.img.susercontent.com/file/vn-11134207-7ras8-m5cxjetgnk031c') ON CONFLICT DO NOTHING;
INSERT INTO inventory (inventory_id, product_id, store_id, stock) VALUES (70093, 70093, 7083, 119) ON CONFLICT DO NOTHING;
INSERT INTO products (product_id, name, description, price, image_url) VALUES (70094, '[Mua 5 Tặng 1] Combo 5 Bịch 50 Cái Bánh Rế Phan Thiết Size Lớn Thơm Ngon Giòn - Đặc Sản Truyền Thống Phan Thiết Snack', 'Đặc sản vùng miền chất lượng', 160000, 'https://down-vn.img.susercontent.com/file/sg-11134201-824ip-mfqgvebt04jta9') ON CONFLICT DO NOTHING;
INSERT INTO inventory (inventory_id, product_id, store_id, stock) VALUES (70094, 70094, 7084, 125) ON CONFLICT DO NOTHING;
INSERT INTO products (product_id, name, description, price, image_url) VALUES (70095, '500gr Ba Khía Sữa Miền Tây Trộn Sẵn Tỏi Ớt Vừa Ăn Đặc Sản Miền Tây Nam Bộ', 'Đặc sản vùng miền chất lượng', 68012, 'https://down-vn.img.susercontent.com/file/6d615aad8927f296b2db8211e3a8aa99') ON CONFLICT DO NOTHING;
INSERT INTO inventory (inventory_id, product_id, store_id, stock) VALUES (70095, 70095, 7085, 196) ON CONFLICT DO NOTHING;
INSERT INTO products (product_id, name, description, price, image_url) VALUES (70096, 'Bánh Xếp Nước Cốt Dừa Loại 1 Đặc Sản Vĩnh Long ( combo 10 bịch)', 'Đặc sản vùng miền chất lượng', 50000, 'https://down-vn.img.susercontent.com/file/fb264a99cf0983a3dc064719fd59f0d4') ON CONFLICT DO NOTHING;
INSERT INTO inventory (inventory_id, product_id, store_id, stock) VALUES (70096, 70096, 7074, 20) ON CONFLICT DO NOTHING;
INSERT INTO products (product_id, name, description, price, image_url) VALUES (70097, '[COMBO MUA 10 TẶNG 2] Bánh Ép Huế vị BBQ, tép, gà, cá gói 40g - Đặc Sản Cố Đô Thơm Ngon Giòn Rụm', 'Đặc sản vùng miền chất lượng', 167500, 'https://down-vn.img.susercontent.com/file/vn-11134207-7ras8-m5tfm9l7z90745') ON CONFLICT DO NOTHING;
INSERT INTO inventory (inventory_id, product_id, store_id, stock) VALUES (70097, 70097, 7054, 80) ON CONFLICT DO NOTHING;
INSERT INTO products (product_id, name, description, price, image_url) VALUES (70098, 'Mắm chua cá cơm lẫn tép to hủ 500gr - Đặc sản Tây Ninh', 'Đặc sản vùng miền chất lượng', 79000, 'https://down-vn.img.susercontent.com/file/vn-11134207-7ras8-m1mftmlmie2n57') ON CONFLICT DO NOTHING;
INSERT INTO inventory (inventory_id, product_id, store_id, stock) VALUES (70098, 70098, 7086, 137) ON CONFLICT DO NOTHING;
INSERT INTO products (product_id, name, description, price, image_url) VALUES (70099, 'Bánh tráng dẻo ruốc tỏi ớt hành phi phơi sương đặc sản Củ Chi tráng tay 💯 %', 'Đặc sản vùng miền chất lượng', 49999, 'https://down-vn.img.susercontent.com/file/vn-11134207-7ras8-mdeu10mtemun52') ON CONFLICT DO NOTHING;
INSERT INTO inventory (inventory_id, product_id, store_id, stock) VALUES (70099, 70099, 7087, 144) ON CONFLICT DO NOTHING;
INSERT INTO products (product_id, name, description, price, image_url) VALUES (70100, 'Kho quẹt nồi đất Làng Chài Xưa 250g thơm ngon đặc biệt full topping tôm khô, cá cơm rim, thịt ba rọi, tốp mỡ mắm nhỉ', 'Đặc sản vùng miền chất lượng', 50000, 'https://down-vn.img.susercontent.com/file/vn-11134207-7ra0g-m7y0axcr6pvr3e') ON CONFLICT DO NOTHING;
INSERT INTO inventory (inventory_id, product_id, store_id, stock) VALUES (70100, 70100, 7088, 147) ON CONFLICT DO NOTHING;
INSERT INTO products (product_id, name, description, price, image_url) VALUES (70101, 'Bánh Mè Cay Mặn (500g/bịch) Đặc Sản Quảng Ngãi', 'Đặc sản vùng miền chất lượng', 69000, 'https://down-vn.img.susercontent.com/file/vn-11134207-81ztc-ml9avmrdu3v35e') ON CONFLICT DO NOTHING;
INSERT INTO inventory (inventory_id, product_id, store_id, stock) VALUES (70101, 70101, 7089, 20) ON CONFLICT DO NOTHING;
INSERT INTO products (product_id, name, description, price, image_url) VALUES (70102, 'mix môn cua + môn cọng hành + môn sấy mắm -  đặc Sản Đà Lạt, quầy Hương Yến ĐL', 'Đặc sản vùng miền chất lượng', 79000, 'https://down-vn.img.susercontent.com/file/vn-11134207-81ztc-mnw9yt4yvzluf9') ON CONFLICT DO NOTHING;
INSERT INTO inventory (inventory_id, product_id, store_id, stock) VALUES (70102, 70102, 7090, 107) ON CONFLICT DO NOTHING;
INSERT INTO products (product_id, name, description, price, image_url) VALUES (70103, 'KHOAI LANG VÀNG SẤY LÁT MẮM HÀNH TREND MỚI LẠ MIỆNG, GIÒN, NGỌT TỰ NHIÊN - ĐẶC SẢN THẢO ĐÀ LẠT', 'Đặc sản vùng miền chất lượng', 44000, 'https://down-vn.img.susercontent.com/file/vn-11134201-7r98o-lvo6yt6v8xa4b6') ON CONFLICT DO NOTHING;
INSERT INTO inventory (inventory_id, product_id, store_id, stock) VALUES (70103, 70103, 7056, 87) ON CONFLICT DO NOTHING;
INSERT INTO products (product_id, name, description, price, image_url) VALUES (70104, 'Sâu 10 Bịch Bánh Tráng Thu Ngân/Phúc Thịnh – Đủ Vị Cay Mặn Chua Ngọt – Cửa Hàng Ăn Vặt Phương Trần', 'Đặc sản vùng miền chất lượng', 28000, 'https://down-vn.img.susercontent.com/file/vn-11134211-820l4-mfpf8cyywfey5e') ON CONFLICT DO NOTHING;
INSERT INTO inventory (inventory_id, product_id, store_id, stock) VALUES (70104, 70104, 7091, 150) ON CONFLICT DO NOTHING;
INSERT INTO products (product_id, name, description, price, image_url) VALUES (70105, 'ATISO ĐỎ SẤY DẺO LOẠI ĐẶC BIỆT VỊ CHUA CHUA NGỌT NGỌT, ÔNG DÙNG BÀ KHEN, TỐT CHO SỨC KHỎE NAM GIỚI - ĐẶC SẢN THẢO ĐÀ LẠT', 'Đặc sản vùng miền chất lượng', 70000, 'https://down-vn.img.susercontent.com/file/vn-11134201-7r98o-lvo6xcf2h2aae4') ON CONFLICT DO NOTHING;
INSERT INTO inventory (inventory_id, product_id, store_id, stock) VALUES (70105, 70105, 7056, 63) ON CONFLICT DO NOTHING;
INSERT INTO products (product_id, name, description, price, image_url) VALUES (70106, 'Cốm dẹp miền Tây - Thơm ngon, mềm dẻo- Đặc sản An Giang', 'Đặc sản vùng miền chất lượng', 35000, 'https://down-vn.img.susercontent.com/file/vn-11134207-7r98o-lxdsj81gs6ah4e') ON CONFLICT DO NOTHING;
INSERT INTO inventory (inventory_id, product_id, store_id, stock) VALUES (70106, 70106, 7092, 194) ON CONFLICT DO NOTHING;
INSERT INTO products (product_id, name, description, price, image_url) VALUES (70107, 'COMBO 3 Túi Zip 100Gr  Bánh tráng Pho Mai Đặc Sản Tây Ninh - Có Hồ Sơ Công Bố Sản Phẩm Ăn vặt DONA', 'Đặc sản vùng miền chất lượng', 13000, 'https://down-vn.img.susercontent.com/file/vn-11134207-81ztc-mnreuwmth4w257') ON CONFLICT DO NOTHING;
INSERT INTO inventory (inventory_id, product_id, store_id, stock) VALUES (70107, 70107, 7093, 48) ON CONFLICT DO NOTHING;
INSERT INTO products (product_id, name, description, price, image_url) VALUES (70108, 'Kẹo dừa SÁP Bến Tre, kẹo dừa VICOSAP đặc sản Bến Tre chính gốc', 'Đặc sản vùng miền chất lượng', 62400, 'https://down-vn.img.susercontent.com/file/vn-11134207-820l4-mja4arlrllok95') ON CONFLICT DO NOTHING;
INSERT INTO inventory (inventory_id, product_id, store_id, stock) VALUES (70108, 70108, 7094, 159) ON CONFLICT DO NOTHING;
INSERT INTO products (product_id, name, description, price, image_url) VALUES (70109, 'Bánh Tráng Xoài Đặc Sản Cam Ranh- Khánh Hòa', 'Đặc sản vùng miền chất lượng', 26000, 'https://down-vn.img.susercontent.com/file/3f2aa0935e45997814163292680ece00') ON CONFLICT DO NOTHING;
INSERT INTO inventory (inventory_id, product_id, store_id, stock) VALUES (70109, 70109, 7074, 142) ON CONFLICT DO NOTHING;
INSERT INTO products (product_id, name, description, price, image_url) VALUES (70110, 'Bánh Phồng Phú Yên- đặc sản xứ nẫu- bánh sống ướp Mắm Tỏi', 'Đặc sản vùng miền chất lượng', 55000, 'https://down-vn.img.susercontent.com/file/vn-11134207-81ztc-mk7wirc8mnev4a') ON CONFLICT DO NOTHING;
INSERT INTO inventory (inventory_id, product_id, store_id, stock) VALUES (70110, 70110, 7095, 181) ON CONFLICT DO NOTHING;
INSERT INTO products (product_id, name, description, price, image_url) VALUES (70111, 'Xoài Sấy Ăn Vặt Nam Xanh, Xoài Cuộn Nếp Phồng, Nguyên Liệu Tự Nhiên, Không Chất Bảo Quản, Túi 40g', 'Đặc sản vùng miền chất lượng', 38300, 'https://down-vn.img.susercontent.com/file/vn-11134207-7ras8-m2jebqkv399uf2') ON CONFLICT DO NOTHING;
INSERT INTO inventory (inventory_id, product_id, store_id, stock) VALUES (70111, 70111, 7096, 106) ON CONFLICT DO NOTHING;
INSERT INTO products (product_id, name, description, price, image_url) VALUES (70112, 'Bánh Ép Huế Khô Vị Tôm Thịt và Bánh Ép Huế Khô Vị Thịt Nướng Đặc Sản Thuân An Huế Hộp 40 Gam và 65 Gam', 'Đặc sản vùng miền chất lượng', 22000, 'https://down-vn.img.susercontent.com/file/vn-11134207-7r98o-ly7pwekts7d9b2') ON CONFLICT DO NOTHING;
INSERT INTO inventory (inventory_id, product_id, store_id, stock) VALUES (70112, 70112, 7097, 96) ON CONFLICT DO NOTHING;
INSERT INTO products (product_id, name, description, price, image_url) VALUES (70113, 'Kẹo Dừa Non Lá Dứa Cuộn Hộp 200gr Đặc Sản Thơm Ngon Dẻo Ngọt Làm Quà Nhà Thúy Đặc Sản Đà Nẵng', 'Đặc sản vùng miền chất lượng', 60000, 'https://down-vn.img.susercontent.com/file/vn-11134207-7r98o-luhqtv91k9id13') ON CONFLICT DO NOTHING;
INSERT INTO inventory (inventory_id, product_id, store_id, stock) VALUES (70113, 70113, 7080, 62) ON CONFLICT DO NOTHING;
INSERT INTO products (product_id, name, description, price, image_url) VALUES (70114, 'Tré Bình Định (Ché), Tré Bó Rơm, Tré Tai Heo Lá Ổi, Đặc Sản Bình Định – Ông Tré Foods', 'Đặc sản vùng miền chất lượng', 26362, 'https://down-vn.img.susercontent.com/file/vn-11134207-7ra0g-m9yi798tk6dgc8') ON CONFLICT DO NOTHING;
INSERT INTO inventory (inventory_id, product_id, store_id, stock) VALUES (70114, 70114, 7098, 101) ON CONFLICT DO NOTHING;
INSERT INTO products (product_id, name, description, price, image_url) VALUES (70115, 'Thịt Chua Phú Thọ 🚀FREESHIP🚀 Loại Ống Nứa_Hãng Điệp Đào [ Thượng Hạng - Đặc Biệt  ] Đặc Sản Thịt chua Thanh Sơn Phú Thọ', 'Đặc sản vùng miền chất lượng', 75000, 'https://down-vn.img.susercontent.com/file/7070c1f0cfa682ca6015346522aa4362') ON CONFLICT DO NOTHING;
INSERT INTO inventory (inventory_id, product_id, store_id, stock) VALUES (70115, 70115, 7099, 131) ON CONFLICT DO NOTHING;
INSERT INTO products (product_id, name, description, price, image_url) VALUES (70116, '[LOẠI ĐẶC BIỆT] BÁNH TRÁNG DỪA MỸ LỒNG - ĐẶC SẢN BẾN TRE 71', 'Đặc sản vùng miền chất lượng', 64999, 'https://down-vn.img.susercontent.com/file/vn-11134207-7ras8-m4narfmphkkw2f') ON CONFLICT DO NOTHING;
INSERT INTO inventory (inventory_id, product_id, store_id, stock) VALUES (70116, 70116, 7100, 108) ON CONFLICT DO NOTHING;
INSERT INTO products (product_id, name, description, price, image_url) VALUES (70117, 'Ô mai sấu giòn, sấu giòn chua ngọt, sấu giòn chua cay sấu không có hạt 500G - Đặc Sản Hưng Yên', 'Đặc sản vùng miền chất lượng', 25000, 'https://down-vn.img.susercontent.com/file/vn-11134207-81ztc-mnttl6mi47b9a6') ON CONFLICT DO NOTHING;
INSERT INTO inventory (inventory_id, product_id, store_id, stock) VALUES (70117, 70117, 7063, 106) ON CONFLICT DO NOTHING;
INSERT INTO products (product_id, name, description, price, image_url) VALUES (70118, 'Kẹo Cu Đơ Cầu Phủ Chính Gốc Hà Tĩnh , Đặc sản  Hà Tĩnh ăn làm quà biếu', 'Đặc sản vùng miền chất lượng', 89100, 'https://down-vn.img.susercontent.com/file/vn-11134207-7r98o-lo94fz9e0p9z06') ON CONFLICT DO NOTHING;
INSERT INTO inventory (inventory_id, product_id, store_id, stock) VALUES (70118, 70118, 7101, 163) ON CONFLICT DO NOTHING;
INSERT INTO products (product_id, name, description, price, image_url) VALUES (70119, 'Cơm Cháy Chiên Mắm Hành Ớt Giòn Cay Lọai 1 - Đặc sản miền núi', 'Đặc sản vùng miền chất lượng', 10000, 'https://down-vn.img.susercontent.com/file/vn-11134207-7qukw-ler0dndrqp4ie7') ON CONFLICT DO NOTHING;
INSERT INTO inventory (inventory_id, product_id, store_id, stock) VALUES (70119, 70119, 7102, 70) ON CONFLICT DO NOTHING;
INSERT INTO products (product_id, name, description, price, image_url) VALUES (70120, 'BIM BIM KHOAI TÂY ỐNG LOẠI ĐẶC BIỆT, GIÒN, XỐP, CAY NHẸ - ĐẶC SẢN THẢO ĐÀ LẠT', 'Đặc sản vùng miền chất lượng', 30000, 'https://down-vn.img.susercontent.com/file/vn-11134201-7r98o-lvo6z11brkqz8f') ON CONFLICT DO NOTHING;
INSERT INTO inventory (inventory_id, product_id, store_id, stock) VALUES (70120, 70120, 7056, 123) ON CONFLICT DO NOTHING;
INSERT INTO products (product_id, name, description, price, image_url) VALUES (70121, 'Kẹo Dừa Bến Tre Légumes - Đặc Sản Việt Nam, Dẻo Thơm, Béo Bùi, 3 Vị Nguyên Bản, Sầu Riêng & Lá Dứa', 'Đặc sản vùng miền chất lượng', 79000, 'https://down-vn.img.susercontent.com/file/vn-11134207-7ras8-m0mweh0oejfx99') ON CONFLICT DO NOTHING;
INSERT INTO inventory (inventory_id, product_id, store_id, stock) VALUES (70121, 70121, 7103, 64) ON CONFLICT DO NOTHING;
INSERT INTO products (product_id, name, description, price, image_url) VALUES (70122, '[Hũ 400gr] Mắm Ruốc Ăn Liền Đặc Sản Mắm Huế Nguyên Chất Loại 1 Mắm Huế O Dung Chuẩn Vị Huế', 'Đặc sản vùng miền chất lượng', 69500, 'https://down-vn.img.susercontent.com/file/vn-11134207-81ztc-mnwe779vg83m13') ON CONFLICT DO NOTHING;
INSERT INTO inventory (inventory_id, product_id, store_id, stock) VALUES (70122, 70122, 7000, 120) ON CONFLICT DO NOTHING;
INSERT INTO products (product_id, name, description, price, image_url) VALUES (70123, '[Chai 500ml] Mắm Nêm Pha Sẵn Chai Xay Nhuyễn Gia Vị Vừa Ăn Tiện Lợi Đặc Sản Đà Nẵng', 'Đặc sản vùng miền chất lượng', 59000, 'https://down-vn.img.susercontent.com/file/vn-11134207-81ztc-mnwc8x4wfsw58d') ON CONFLICT DO NOTHING;
INSERT INTO inventory (inventory_id, product_id, store_id, stock) VALUES (70123, 70123, 7000, 135) ON CONFLICT DO NOTHING;
INSERT INTO products (product_id, name, description, price, image_url) VALUES (70124, '[500gr] Mắm Cá Rò (Giò) Mắm Ngon Đầu Mùa Đậm Đà Gia Vị Truyền Thống Huế Mắm Huế O Dung', 'Đặc sản vùng miền chất lượng', 47646, 'https://down-vn.img.susercontent.com/file/vn-11134207-81ztc-mnwaovc5bls3d2') ON CONFLICT DO NOTHING;
INSERT INTO inventory (inventory_id, product_id, store_id, stock) VALUES (70124, 70124, 7000, 37) ON CONFLICT DO NOTHING;
INSERT INTO products (product_id, name, description, price, image_url) VALUES (70125, '[Tặng Muối] Ô Mai Cóc sấy dẻo, cóc dẻo chua cay đặc sản Hà Nội - Ô MAI MÊ omaime', 'Đặc sản vùng miền chất lượng', 42000, 'https://down-vn.img.susercontent.com/file/vn-11134207-7ras8-mc3ar03fcjpx78') ON CONFLICT DO NOTHING;
INSERT INTO inventory (inventory_id, product_id, store_id, stock) VALUES (70125, 70125, 7013, 117) ON CONFLICT DO NOTHING;
INSERT INTO products (product_id, name, description, price, image_url) VALUES (70126, '1 XÂU ( 10 cái ) TRÉ ĐẶC SẢN HUẾ CHUA CAY', 'Đặc sản vùng miền chất lượng', 125000, 'https://down-vn.img.susercontent.com/file/vn-11134207-820l4-mg816onov56x94') ON CONFLICT DO NOTHING;
INSERT INTO inventory (inventory_id, product_id, store_id, stock) VALUES (70126, 70126, 7104, 52) ON CONFLICT DO NOTHING;
INSERT INTO products (product_id, name, description, price, image_url) VALUES (70127, 'Combo 1,5KG Mắm Tôm Chua Huế Cô Thuỷ – Tôm Nhiều Đậm Đà – Chua Cay Ngon – Đặc Sản Huế Chính Gốc', 'Đặc sản vùng miền chất lượng', 208000, 'https://down-vn.img.susercontent.com/file/vn-11134207-820l4-mf6o7xugjksqcd') ON CONFLICT DO NOTHING;
INSERT INTO inventory (inventory_id, product_id, store_id, stock) VALUES (70127, 70127, 7105, 178) ON CONFLICT DO NOTHING;
INSERT INTO products (product_id, name, description, price, image_url) VALUES (70128, 'Ghẹ Sữa Rim Giòn Xóc Gia vị - Đặc Sản Phan Thiết Giàu Canxi Đồ ăn vặt ngon250/500gram', 'Đặc sản vùng miền chất lượng', 99000, 'https://down-vn.img.susercontent.com/file/vn-11134207-820l4-mhol4dj77xfp1b') ON CONFLICT DO NOTHING;
INSERT INTO inventory (inventory_id, product_id, store_id, stock) VALUES (70128, 70128, 7068, 158) ON CONFLICT DO NOTHING;
INSERT INTO products (product_id, name, description, price, image_url) VALUES (70129, 'Kẹo Chuối Cuộn Bánh Tráng Đậu Phộng Túi Zip 500G Dẻo Ngon Vị Ngọt Hài Hòa - Út Hà Đặc Sản', 'Đặc sản vùng miền chất lượng', 65000, 'https://down-vn.img.susercontent.com/file/vn-11134207-7ras8-m2ly79kj6x8a97') ON CONFLICT DO NOTHING;
INSERT INTO inventory (inventory_id, product_id, store_id, stock) VALUES (70129, 70129, 7075, 139) ON CONFLICT DO NOTHING;
INSERT INTO products (product_id, name, description, price, image_url) VALUES (70130, 'Combo 3 gói Chuối Ép Dẻo Đặc Sản Phú Yên Yêu - Ăn Vặt Hương Vị Tuổi Thơ', 'Đặc sản vùng miền chất lượng', 90000, 'https://down-vn.img.susercontent.com/file/vn-11134207-820l4-mhii1329osn494') ON CONFLICT DO NOTHING;
INSERT INTO inventory (inventory_id, product_id, store_id, stock) VALUES (70130, 70130, 7106, 62) ON CONFLICT DO NOTHING;
INSERT INTO products (product_id, name, description, price, image_url) VALUES (70119, 'Cơm Cháy Chiên Mắm Hành Ớt Giòn Cay Lọai 1 - Đặc sản miền núi', 'Đặc sản vùng miền chất lượng', 10000, 'https://down-vn.img.susercontent.com/file/vn-11134207-7qukw-ler0dndrqp4ie7') ON CONFLICT DO NOTHING;
INSERT INTO inventory (inventory_id, product_id, store_id, stock) VALUES (70131, 70119, 7102, 187) ON CONFLICT DO NOTHING;
INSERT INTO products (product_id, name, description, price, image_url) VALUES (70131, 'Cà Chua Sấy HANY Đặc Sản Đà Lạt Hương Vị Tự Nhiên Gói 200g', 'Đặc sản vùng miền chất lượng', 78000, 'https://down-vn.img.susercontent.com/file/vn-11134207-7ra0g-m7kj9jkdkiqg58') ON CONFLICT DO NOTHING;
INSERT INTO inventory (inventory_id, product_id, store_id, stock) VALUES (70132, 70131, 7107, 191) ON CONFLICT DO NOTHING;
INSERT INTO products (product_id, name, description, price, image_url) VALUES (70132, 'Ruốc Tôm Hải Phòng - Đặc Sản Thơm Ngon, Lọ 300gram', 'Đặc sản vùng miền chất lượng', 103550, 'https://down-vn.img.susercontent.com/file/vn-11134207-7ra0g-m9avwnlk96yv6a') ON CONFLICT DO NOTHING;
INSERT INTO inventory (inventory_id, product_id, store_id, stock) VALUES (70133, 70132, 7108, 36) ON CONFLICT DO NOTHING;
INSERT INTO products (product_id, name, description, price, image_url) VALUES (70120, 'BIM BIM KHOAI TÂY ỐNG LOẠI ĐẶC BIỆT, GIÒN, XỐP, CAY NHẸ - ĐẶC SẢN THẢO ĐÀ LẠT', 'Đặc sản vùng miền chất lượng', 30000, 'https://down-vn.img.susercontent.com/file/vn-11134201-7r98o-lvo6z11brkqz8f') ON CONFLICT DO NOTHING;
INSERT INTO inventory (inventory_id, product_id, store_id, stock) VALUES (70134, 70120, 7056, 141) ON CONFLICT DO NOTHING;
INSERT INTO products (product_id, name, description, price, image_url) VALUES (70133, 'Bánh Phồng Tôm Đặc Sản Năm Căn Cà Mau (500g)', 'Đặc sản vùng miền chất lượng', 55000, 'https://down-vn.img.susercontent.com/file/vn-11134207-81ztc-mnuze69a8iyp7b') ON CONFLICT DO NOTHING;
INSERT INTO inventory (inventory_id, product_id, store_id, stock) VALUES (70135, 70133, 7109, 150) ON CONFLICT DO NOTHING;
INSERT INTO products (product_id, name, description, price, image_url) VALUES (70134, 'CỐM SỮA - ĐẶC SẢN PHAN THIẾT ( 12 CÁI  / GÓI )', 'Đặc sản vùng miền chất lượng', 38000, 'https://down-vn.img.susercontent.com/file/vn-11134207-7r98o-lwyaya2mdpsrb4') ON CONFLICT DO NOTHING;
INSERT INTO inventory (inventory_id, product_id, store_id, stock) VALUES (70136, 70134, 7110, 34) ON CONFLICT DO NOTHING;
INSERT INTO products (product_id, name, description, price, image_url) VALUES (70121, 'Kẹo Dừa Bến Tre Légumes - Đặc Sản Việt Nam, Dẻo Thơm, Béo Bùi, 3 Vị Nguyên Bản, Sầu Riêng & Lá Dứa', 'Đặc sản vùng miền chất lượng', 79000, 'https://down-vn.img.susercontent.com/file/vn-11134207-7ras8-m0mweh0oejfx99') ON CONFLICT DO NOTHING;
INSERT INTO inventory (inventory_id, product_id, store_id, stock) VALUES (70137, 70121, 7103, 143) ON CONFLICT DO NOTHING;
INSERT INTO products (product_id, name, description, price, image_url) VALUES (70135, 'Combo 30 gói Sụn Tai Heo Rim Tỏi Ớt - Đặc Sản Tứ Xuyên Thơm Ngon Đặc Biệt (Gói 16g)', 'Đặc sản vùng miền chất lượng', 79157, 'https://down-vn.img.susercontent.com/file/vn-11134207-7r98o-lsgksp1bjhz805') ON CONFLICT DO NOTHING;
INSERT INTO inventory (inventory_id, product_id, store_id, stock) VALUES (70138, 70135, 7111, 133) ON CONFLICT DO NOTHING;
INSERT INTO products (product_id, name, description, price, image_url) VALUES (70136, 'Ghẹ Sữa Rim Giònnn Phan Thiết Đồ Ăn Vặt Giàu Canxi TL. 300/500gram', 'Đặc sản vùng miền chất lượng', 110000, 'https://down-vn.img.susercontent.com/file/vn-11134207-81ztc-mnie9qzg3r45c3') ON CONFLICT DO NOTHING;
INSERT INTO inventory (inventory_id, product_id, store_id, stock) VALUES (70139, 70136, 7068, 132) ON CONFLICT DO NOTHING;
INSERT INTO products (product_id, name, description, price, image_url) VALUES (70061, 'Bánh ép Hue One Food Vị Hải Sản Tôm Thịt hộp lớn 65g thơm ngon giòn rụm Đặc Sản Cố Đô', 'Đặc sản vùng miền chất lượng', 115750, 'https://down-vn.img.susercontent.com/file/vn-11134207-7ra0g-maapfwrj1gmj72') ON CONFLICT DO NOTHING;
INSERT INTO inventory (inventory_id, product_id, store_id, stock) VALUES (70140, 70061, 7054, 98) ON CONFLICT DO NOTHING;
INSERT INTO products (product_id, name, description, price, image_url) VALUES (70137, 'Bánh Tráng Dừa Non Đặc Sản Nha Trang - Sohan Food', 'Đặc sản vùng miền chất lượng', 18000, 'https://down-vn.img.susercontent.com/file/vn-11134207-81ztc-mn9vvfxvvuo4b5') ON CONFLICT DO NOTHING;
INSERT INTO inventory (inventory_id, product_id, store_id, stock) VALUES (70141, 70137, 7112, 167) ON CONFLICT DO NOTHING;
INSERT INTO products (product_id, name, description, price, image_url) VALUES (70138, 'COMBO 05 Gói Bánh Tráng Ép Tôm Thịt, Bánh Ép Khô Huế Chính Gốc Gói 250g 10 Bánh, Đặc Sản Huế', 'Đặc sản vùng miền chất lượng', 32000, 'https://down-vn.img.susercontent.com/file/vn-11134207-7ras8-mc66guoq0k8id0') ON CONFLICT DO NOTHING;
INSERT INTO inventory (inventory_id, product_id, store_id, stock) VALUES (70142, 70138, 7113, 83) ON CONFLICT DO NOTHING;
INSERT INTO products (product_id, name, description, price, image_url) VALUES (70139, 'Chanh Dây Sấy Dẻo Nguyên Vị Tự Nhiên Chua Ngọt Tốt Cho Sức Khỏe Đặc Sản Trái Cây Sấy The Măng Đen', 'Đặc sản vùng miền chất lượng', 60000, 'https://down-vn.img.susercontent.com/file/vn-11134207-7ras8-mbqdw3764zuabc') ON CONFLICT DO NOTHING;
INSERT INTO inventory (inventory_id, product_id, store_id, stock) VALUES (70143, 70139, 7114, 199) ON CONFLICT DO NOTHING;
INSERT INTO products (product_id, name, description, price, image_url) VALUES (70140, 'Cam sấy dẻo đặc sản Langfarm - Ăn vặt nông sản, hương vị tự nhiên, dẻo ngon, ít ngọt', 'Đặc sản vùng miền chất lượng', 109000, 'https://down-vn.img.susercontent.com/file/vn-11134207-820l4-mh7bm1skw74c65') ON CONFLICT DO NOTHING;
INSERT INTO inventory (inventory_id, product_id, store_id, stock) VALUES (70144, 70140, 7073, 186) ON CONFLICT DO NOTHING;
INSERT INTO products (product_id, name, description, price, image_url) VALUES (70141, 'Mực xé sợi hấp nước dừa, Đặc Sản Ngon Lạ Đà Lạt', 'Đặc sản vùng miền chất lượng', 79980, 'https://down-vn.img.susercontent.com/file/eb7b7c8a78d7c08a3213c156d94ce8b0') ON CONFLICT DO NOTHING;
INSERT INTO inventory (inventory_id, product_id, store_id, stock) VALUES (70145, 70141, 7115, 76) ON CONFLICT DO NOTHING;
INSERT INTO products (product_id, name, description, price, image_url) VALUES (70142, 'Bánh chè lam, bánh ong, Đặc sản Quê Bác, Nghệ An- Bánh kẹo Thành Huy- thơm ngon, KL: 250gram', 'Đặc sản vùng miền chất lượng', 20000, 'https://down-vn.img.susercontent.com/file/vn-11134207-7ras8-m3j4ebeietv9aa') ON CONFLICT DO NOTHING;
INSERT INTO inventory (inventory_id, product_id, store_id, stock) VALUES (70146, 70142, 7116, 196) ON CONFLICT DO NOTHING;
INSERT INTO products (product_id, name, description, price, image_url) VALUES (70143, 'Bánh chè lam Thạch Xá - Thạch Thất - đặc sản Hà Nội mềm dẻo làm quà biếu (LOẠI 300G)', 'Đặc sản vùng miền chất lượng', 39000, 'https://down-vn.img.susercontent.com/file/vn-11134207-7r98o-lzk1i6lh1du522') ON CONFLICT DO NOTHING;
INSERT INTO inventory (inventory_id, product_id, store_id, stock) VALUES (70147, 70143, 7117, 186) ON CONFLICT DO NOTHING;
INSERT INTO products (product_id, name, description, price, image_url) VALUES (70144, 'Trái Cây Sấy Đà Lạt 500gr – Mix Ăn Vặt Healthy Giòn Ngon', 'Đặc sản vùng miền chất lượng', 50000, 'https://down-vn.img.susercontent.com/file/vn-11134207-820l4-mei27g28i7t2d7') ON CONFLICT DO NOTHING;
INSERT INTO inventory (inventory_id, product_id, store_id, stock) VALUES (70148, 70144, 7118, 104) ON CONFLICT DO NOTHING;
INSERT INTO products (product_id, name, description, price, image_url) VALUES (70145, 'Bánh Đa Mè Đen Cốt Dừa Tây Ninh Chưa Nướng Nhà Racafood Chuẩn Đặc Sản Tây Ninh', 'Đặc sản vùng miền chất lượng', 98000, 'https://down-vn.img.susercontent.com/file/vn-11134207-820l4-mftsxzraclxq1d') ON CONFLICT DO NOTHING;
INSERT INTO inventory (inventory_id, product_id, store_id, stock) VALUES (70149, 70145, 7119, 188) ON CONFLICT DO NOTHING;
INSERT INTO products (product_id, name, description, price, image_url) VALUES (70146, 'Bánh tráng mè đen, combo10 cái (Lựu Bảo)_Đặc sản Huế', 'Đặc sản vùng miền chất lượng', 38220, 'https://down-vn.img.susercontent.com/file/bb234f6c451b003cc4361a5c1a05ff31') ON CONFLICT DO NOTHING;
INSERT INTO inventory (inventory_id, product_id, store_id, stock) VALUES (70150, 70146, 7120, 156) ON CONFLICT DO NOTHING;
INSERT INTO products (product_id, name, description, price, image_url) VALUES (70147, 'Ruốc Cá Thu Cát Bà - Đặc Sản Hải Phòng, Hộp 200gr, Hương Vị Thơm Ngon, Tiện Dụng.', 'Đặc sản vùng miền chất lượng', 130000, 'https://down-vn.img.susercontent.com/file/vn-11134207-7ra0g-m8ihu5vgiouc1d') ON CONFLICT DO NOTHING;
INSERT INTO inventory (inventory_id, product_id, store_id, stock) VALUES (70151, 70147, 7108, 127) ON CONFLICT DO NOTHING;
INSERT INTO products (product_id, name, description, price, image_url) VALUES (70148, 'Dâu tây sấy giòn MIDIFARM, dâu tây sấy thăng hoa đặc sản đà lạt', 'Đặc sản vùng miền chất lượng', 48000, 'https://down-vn.img.susercontent.com/file/vn-11134207-81ztc-mn17hsrz9ede74') ON CONFLICT DO NOTHING;
INSERT INTO inventory (inventory_id, product_id, store_id, stock) VALUES (70152, 70148, 7077, 21) ON CONFLICT DO NOTHING;
INSERT INTO products (product_id, name, description, price, image_url) VALUES (70149, 'Bánh Đa Tôm Ớt Loại Cao Cấp Xuất Khẩu - Bánh Đa Mè Tôm Đặc Sản Tây Ninh', 'Đặc sản vùng miền chất lượng', 52000, 'https://down-vn.img.susercontent.com/file/vn-11134207-7r98o-lvfigvrryu04b0') ON CONFLICT DO NOTHING;
INSERT INTO inventory (inventory_id, product_id, store_id, stock) VALUES (70153, 70149, 7119, 41) ON CONFLICT DO NOTHING;
INSERT INTO products (product_id, name, description, price, image_url) VALUES (70118, 'Kẹo Cu Đơ Cầu Phủ Chính Gốc Hà Tĩnh , Đặc sản  Hà Tĩnh ăn làm quà biếu', 'Đặc sản vùng miền chất lượng', 89100, 'https://down-vn.img.susercontent.com/file/vn-11134207-7r98o-lo94fz9e0p9z06') ON CONFLICT DO NOTHING;
INSERT INTO inventory (inventory_id, product_id, store_id, stock) VALUES (70154, 70118, 7101, 22) ON CONFLICT DO NOTHING;
INSERT INTO products (product_id, name, description, price, image_url) VALUES (70150, 'Combo 10 hộp mix (5 lớn 5 nhỏ) Bánh Ép Huế vị tôm thịt - Đặc sản Huế thơm ngon giòn rụm', 'Đặc sản vùng miền chất lượng', 323500, 'https://down-vn.img.susercontent.com/file/vn-11134207-7ra0g-maaq4n02aa2r82') ON CONFLICT DO NOTHING;
INSERT INTO inventory (inventory_id, product_id, store_id, stock) VALUES (70155, 70150, 7054, 181) ON CONFLICT DO NOTHING;
INSERT INTO products (product_id, name, description, price, image_url) VALUES (70151, '600gr Ba Khía Sữa Trộn Sẵn Vừa Ăn ( Loại 1 ) Đặc Sản Châu Đốc', 'Đặc sản vùng miền chất lượng', 73900, 'https://down-vn.img.susercontent.com/file/vn-11134207-820l4-mi12vh5y6i9x26') ON CONFLICT DO NOTHING;
INSERT INTO inventory (inventory_id, product_id, store_id, stock) VALUES (70156, 70151, 7121, 137) ON CONFLICT DO NOTHING;
INSERT INTO products (product_id, name, description, price, image_url) VALUES (70152, '(ĐỘC QUYỀN TÓP MỠ) Rim Mắm Tỏi Duy Best Loại Nhất ( Tặng Kèm Sốt Ăn Vặt)', 'Đặc sản vùng miền chất lượng', 35999, 'https://down-vn.img.susercontent.com/file/vn-11134207-820l4-mi8ff1gqq3uv18') ON CONFLICT DO NOTHING;
INSERT INTO inventory (inventory_id, product_id, store_id, stock) VALUES (70157, 70152, 7122, 110) ON CONFLICT DO NOTHING;
INSERT INTO products (product_id, name, description, price, image_url) VALUES (70153, 'Bánh Tráng Chuối Nướng Giòn Rụm Thơm Ngon 3 miếng 1 bịch - Tâm An - Đặc sản Đồng Tháp', 'Đặc sản vùng miền chất lượng', 48383, 'https://down-vn.img.susercontent.com/file/vn-11134207-7r98o-ly5dohmi25kz47') ON CONFLICT DO NOTHING;
INSERT INTO inventory (inventory_id, product_id, store_id, stock) VALUES (70158, 70153, 7123, 55) ON CONFLICT DO NOTHING;
INSERT INTO products (product_id, name, description, price, image_url) VALUES (70154, 'khoai môn cọng sấy mắm hành - Đặc Sản Đà Lạt, An Đà Lạt Farm', 'Đặc sản vùng miền chất lượng', 50000, 'https://down-vn.img.susercontent.com/file/vn-11134207-81ztc-mnwngzgqk07890') ON CONFLICT DO NOTHING;
INSERT INTO inventory (inventory_id, product_id, store_id, stock) VALUES (70159, 70154, 7124, 50) ON CONFLICT DO NOTHING;
INSERT INTO products (product_id, name, description, price, image_url) VALUES (70155, 'Mực Tẩm Gia Vị - Ăn Liền - Khô Mực tẩm ướp Gia vị - Đặc Sản Nha Trang (250/500Gram)', 'Đặc sản vùng miền chất lượng', 125000, 'https://down-vn.img.susercontent.com/file/vn-11134207-7r98o-lm3cnj0hk7a72c') ON CONFLICT DO NOTHING;
INSERT INTO inventory (inventory_id, product_id, store_id, stock) VALUES (70160, 70155, 7025, 147) ON CONFLICT DO NOTHING;
INSERT INTO products (product_id, name, description, price, image_url) VALUES (70156, 'ĐỒ ĂN VẶT Bánh Tráng Quế Thơm Ngon Giòn Món Ngon Đặc Sản Vùng Miền Gói 300gr', 'Đặc sản vùng miền chất lượng', 36154, 'https://down-vn.img.susercontent.com/file/sg-11134201-7ra21-m54gp8bwh0ewc8') ON CONFLICT DO NOTHING;
INSERT INTO inventory (inventory_id, product_id, store_id, stock) VALUES (70161, 70156, 7125, 175) ON CONFLICT DO NOTHING;
INSERT INTO products (product_id, name, description, price, image_url) VALUES (70157, '[CHÍNH HÃNG] ĐẶC SẢN MẮM TÉP CHUA RIỀNG CÔ TI DANH TIẾNG, ĐẶC SẢN HUẾ', 'Đặc sản vùng miền chất lượng', 30000, 'https://down-vn.img.susercontent.com/file/vn-11134207-7ras8-mbq8zdxuzs7i21') ON CONFLICT DO NOTHING;
INSERT INTO inventory (inventory_id, product_id, store_id, stock) VALUES (70162, 70157, 7126, 82) ON CONFLICT DO NOTHING;
INSERT INTO products (product_id, name, description, price, image_url) VALUES (70158, 'Bánh Cáy Làng Nguyễn Ít Đường, Loại đặc biệt ☘️ FREESHIP ☘️Đặc sản Thái Bình Hộp 250g', 'Đặc sản vùng miền chất lượng', 39000, 'https://down-vn.img.susercontent.com/file/vn-11134207-820l4-mgm30zs887in19') ON CONFLICT DO NOTHING;
INSERT INTO inventory (inventory_id, product_id, store_id, stock) VALUES (70163, 70158, 7117, 20) ON CONFLICT DO NOTHING;
INSERT INTO products (product_id, name, description, price, image_url) VALUES (70159, 'DÂU TÂY SẤY DẺO, CHUA CHUA NGỌT NGỌT THƠM TỰ NHIÊN, ĐẶC BIỆT MỀM VÀ DẺO - ĐẶC SẢN THẢO ĐÀ LẠT', 'Đặc sản vùng miền chất lượng', 77000, 'https://down-vn.img.susercontent.com/file/vn-11134201-7r98o-lvo6x75a6s5y82') ON CONFLICT DO NOTHING;
INSERT INTO inventory (inventory_id, product_id, store_id, stock) VALUES (70164, 70159, 7056, 130) ON CONFLICT DO NOTHING;
INSERT INTO products (product_id, name, description, price, image_url) VALUES (70160, '1Kg Bánh Đá – Đặc Sản Đồng Văn - Hà Giang Trọng Lượng 1kg 1 Gói', 'Đặc sản vùng miền chất lượng', 54000, 'https://down-vn.img.susercontent.com/file/vn-11134207-7r98o-lva0ke0q84qh03') ON CONFLICT DO NOTHING;
INSERT INTO inventory (inventory_id, product_id, store_id, stock) VALUES (70165, 70160, 7127, 181) ON CONFLICT DO NOTHING;
INSERT INTO products (product_id, name, description, price, image_url) VALUES (70161, 'BỊCH 200GRAM🔥 BÁNH RẾ ĐẶC SẢN QUẢNG NGÃI🔥 MÓN ĂN VẶT LÝ TƯỞNG TỪ KHOAI🔥 BÁNH GIÒN NGON NGỌT NHẸ', 'Đặc sản vùng miền chất lượng', 27900, 'https://down-vn.img.susercontent.com/file/bd339442de3d5e2044186b7d82b8bf2d') ON CONFLICT DO NOTHING;
INSERT INTO inventory (inventory_id, product_id, store_id, stock) VALUES (70166, 70161, 7128, 63) ON CONFLICT DO NOTHING;
INSERT INTO products (product_id, name, description, price, image_url) VALUES (70162, 'CÁ CƠM NƯỚC MẮM SẤY GIÒN ĐẶC SẢN PHAN THIẾT', 'Đặc sản vùng miền chất lượng', 130000, 'https://down-vn.img.susercontent.com/file/55a5255e3fc6b992b2d5f5a7e87f9972') ON CONFLICT DO NOTHING;
INSERT INTO inventory (inventory_id, product_id, store_id, stock) VALUES (70167, 70162, 7129, 71) ON CONFLICT DO NOTHING;
INSERT INTO products (product_id, name, description, price, image_url) VALUES (70163, 'nho khô26Sản phẩm mới của năm: Đặc sản Tân Cương, siêu lớn, không cần rửa, ăn liền, trái cây sấy khô Turpan.', 'Đặc sản vùng miền chất lượng', 1217511, 'https://down-vn.img.susercontent.com/file/vn-11134201-81ztc-mnwy4vj4wvlx12') ON CONFLICT DO NOTHING;
INSERT INTO inventory (inventory_id, product_id, store_id, stock) VALUES (70168, 70163, 7130, 47) ON CONFLICT DO NOTHING;
INSERT INTO products (product_id, name, description, price, image_url) VALUES (70164, 'Thập cẩm sấy giòn đặc sản Langfarm - Ăn vặt nông sản, giòn tan trong miệng', 'Đặc sản vùng miền chất lượng', 36000, 'https://down-vn.img.susercontent.com/file/b5dc0fa9ab4883a94c8f0a85edba3496') ON CONFLICT DO NOTHING;
INSERT INTO inventory (inventory_id, product_id, store_id, stock) VALUES (70169, 70164, 7073, 87) ON CONFLICT DO NOTHING;
INSERT INTO products (product_id, name, description, price, image_url) VALUES (70165, 'Bánh cu đơ đặc sản Nghệ An loại chuẩn ngon, đặc sản ăn làm quà biếu', 'Đặc sản vùng miền chất lượng', 24000, 'https://down-vn.img.susercontent.com/file/vn-11134207-7r98o-lymglxuytmj112') ON CONFLICT DO NOTHING;
INSERT INTO inventory (inventory_id, product_id, store_id, stock) VALUES (70170, 70165, 7131, 99) ON CONFLICT DO NOTHING;
INSERT INTO products (product_id, name, description, price, image_url) VALUES (70166, 'Mè xửng giòn Thiên Hương Huế combo 5 gói đặc sản Huế hàng chuẩn công ty date mới dòn ngon đồ ăn vặt', 'Đặc sản vùng miền chất lượng', 125000, 'https://down-vn.img.susercontent.com/file/vn-11134207-7ras8-mco2pwc0csd83d') ON CONFLICT DO NOTHING;
INSERT INTO inventory (inventory_id, product_id, store_id, stock) VALUES (70171, 70166, 7132, 24) ON CONFLICT DO NOTHING;
INSERT INTO products (product_id, name, description, price, image_url) VALUES (70167, 'Kẹo thập cẩm đủ loại đặc sản Bến Tre', 'Đặc sản vùng miền chất lượng', 65000, 'https://down-vn.img.susercontent.com/file/sg-11134201-22100-483wwz2jj8iv10') ON CONFLICT DO NOTHING;
INSERT INTO inventory (inventory_id, product_id, store_id, stock) VALUES (70172, 70167, 7133, 181) ON CONFLICT DO NOTHING;
INSERT INTO products (product_id, name, description, price, image_url) VALUES (70168, 'Chè lam Quê Bác. Đặc sản Kim liên, Nam Đàn, Nghệ An', 'Đặc sản vùng miền chất lượng', 22498, 'https://down-vn.img.susercontent.com/file/vn-11134207-7r98o-lqdeqyendz5jf6') ON CONFLICT DO NOTHING;
INSERT INTO inventory (inventory_id, product_id, store_id, stock) VALUES (70173, 70168, 7134, 42) ON CONFLICT DO NOTHING;
INSERT INTO products (product_id, name, description, price, image_url) VALUES (70169, 'Thịt lợn sấy gác bếp đặc sản miền núi 1kg - 500gr (đã bao gồm gói chấm cho mỗi sản phẩm)', 'Đặc sản vùng miền chất lượng', 320000, 'https://down-vn.img.susercontent.com/file/vn-11134207-81ztc-mnx1ufyg59ms89') ON CONFLICT DO NOTHING;
INSERT INTO inventory (inventory_id, product_id, store_id, stock) VALUES (70174, 70169, 7135, 182) ON CONFLICT DO NOTHING;
INSERT INTO products (product_id, name, description, price, image_url) VALUES (70170, 'Đặc sản Ché Rơm Bình Định siêu ngon,siêu giòn', 'Đặc sản vùng miền chất lượng', 24000, 'https://down-vn.img.susercontent.com/file/c38bac55f4ea28b619bec4ff444eb5b4') ON CONFLICT DO NOTHING;
INSERT INTO inventory (inventory_id, product_id, store_id, stock) VALUES (70175, 70170, 7078, 31) ON CONFLICT DO NOTHING;
INSERT INTO products (product_id, name, description, price, image_url) VALUES (70087, 'Mè Xửng Hạt Điều Huế - Dẻo Bùi, Thơm Ngon - Đặc Sản Huế - Đặc Sản Kinh Đô - Hộp 60g', 'Đặc sản vùng miền chất lượng', 40000, 'https://down-vn.img.susercontent.com/file/vn-11134207-81ztc-mnwbiwk1nymc3d') ON CONFLICT DO NOTHING;
INSERT INTO inventory (inventory_id, product_id, store_id, stock) VALUES (70176, 70087, 7055, 170) ON CONFLICT DO NOTHING;
INSERT INTO products (product_id, name, description, price, image_url) VALUES (70171, 'Ba Rọi Mắm Tỏi đồ ăn vặt Đệ Nhất Khô Đặc Sản Phan Thiết AV29', 'Đặc sản vùng miền chất lượng', 82000, 'https://down-vn.img.susercontent.com/file/vn-11134207-7r98o-lwvoswtg64t778') ON CONFLICT DO NOTHING;
INSERT INTO inventory (inventory_id, product_id, store_id, stock) VALUES (70177, 70171, 7136, 86) ON CONFLICT DO NOTHING;
INSERT INTO products (product_id, name, description, price, image_url) VALUES (70172, 'Xoài Sấy Dẻo DLFresh – Đặc Sản Đà Lạt, Không Đường, Không Chất Bảo Quản', 'Đặc sản vùng miền chất lượng', 72000, 'https://down-vn.img.susercontent.com/file/vn-11134207-7ra0g-m9ck0sh01xf2d0') ON CONFLICT DO NOTHING;
INSERT INTO inventory (inventory_id, product_id, store_id, stock) VALUES (70178, 70172, 7137, 30) ON CONFLICT DO NOTHING;
INSERT INTO products (product_id, name, description, price, image_url) VALUES (70173, 'Mực cán tẩm gia vị 1KG Đệ Nhất Khô đồ ăn vặt ngon rẻ mực mềm to miếng dày Đặc Sản Phan Thiết AV02', 'Đặc sản vùng miền chất lượng', 111360, 'https://down-vn.img.susercontent.com/file/vn-11134207-7r98o-lwvoswtfuw9n74') ON CONFLICT DO NOTHING;
INSERT INTO inventory (inventory_id, product_id, store_id, stock) VALUES (70179, 70173, 7136, 143) ON CONFLICT DO NOTHING;
INSERT INTO products (product_id, name, description, price, image_url) VALUES (70174, 'Bánh xoài đặc sản Nha Trang', 'Đặc sản vùng miền chất lượng', 15000, 'https://down-vn.img.susercontent.com/file/vn-11134207-7r98o-lvu8kibb8b8b80') ON CONFLICT DO NOTHING;
INSERT INTO inventory (inventory_id, product_id, store_id, stock) VALUES (70180, 70174, 7138, 135) ON CONFLICT DO NOTHING;
INSERT INTO products (product_id, name, description, price, image_url) VALUES (70175, 'MỰC GHIM RIM SATE ĐẶC SẢN ĐẢO PHÚ QUÝ HŨ 200g', 'Đặc sản vùng miền chất lượng', 140000, 'https://down-vn.img.susercontent.com/file/vn-11134207-820l4-mg6dgpzu4gspd5') ON CONFLICT DO NOTHING;
INSERT INTO inventory (inventory_id, product_id, store_id, stock) VALUES (70181, 70175, 7139, 105) ON CONFLICT DO NOTHING;
INSERT INTO products (product_id, name, description, price, image_url) VALUES (70176, 'Da trâu muối chua - đặc sản Tây Bắc, 500g loại khô', 'Đặc sản vùng miền chất lượng', 95000, 'https://down-vn.img.susercontent.com/file/vn-11134207-7r98o-lxfkk2vj74rd92') ON CONFLICT DO NOTHING;
INSERT INTO inventory (inventory_id, product_id, store_id, stock) VALUES (70182, 70176, 7140, 54) ON CONFLICT DO NOTHING;
INSERT INTO products (product_id, name, description, price, image_url) VALUES (70177, 'Ghẹ sữa rim gia vị đồ ăn vặt Đệ Nhất Khô ngon giá rẻ Đặc Sản Phan Thiết', 'Đặc sản vùng miền chất lượng', 93000, 'https://down-vn.img.susercontent.com/file/vn-11134207-7r98o-lw9h8ez74nh526') ON CONFLICT DO NOTHING;
INSERT INTO inventory (inventory_id, product_id, store_id, stock) VALUES (70183, 70177, 7136, 49) ON CONFLICT DO NOTHING;
INSERT INTO products (product_id, name, description, price, image_url) VALUES (70066, 'Kẹo dừa non cuộn mini vị lá dứa/ truyền thống- Đặc sản Bến Tre', 'Đặc sản vùng miền chất lượng', 39200, 'https://down-vn.img.susercontent.com/file/vn-11134207-820l4-mhn5u8cl3020ae') ON CONFLICT DO NOTHING;
INSERT INTO inventory (inventory_id, product_id, store_id, stock) VALUES (70184, 70066, 7059, 143) ON CONFLICT DO NOTHING;
INSERT INTO products (product_id, name, description, price, image_url) VALUES (70122, '[Hũ 400gr] Mắm Ruốc Ăn Liền Đặc Sản Mắm Huế Nguyên Chất Loại 1 Mắm Huế O Dung Chuẩn Vị Huế', 'Đặc sản vùng miền chất lượng', 69500, 'https://down-vn.img.susercontent.com/file/vn-11134207-81ztc-mnwe779vg83m13') ON CONFLICT DO NOTHING;
INSERT INTO inventory (inventory_id, product_id, store_id, stock) VALUES (70185, 70122, 7000, 124) ON CONFLICT DO NOTHING;
INSERT INTO products (product_id, name, description, price, image_url) VALUES (70178, '[1kg] Mắm Tôm Riềng Chua Cay Huế O Dung Chuẩn Vị Mắm Huế Hương Vị Dễ Ăn', 'Đặc sản vùng miền chất lượng', 139000, 'https://down-vn.img.susercontent.com/file/vn-11134207-81ztc-mnwacjxemadga8') ON CONFLICT DO NOTHING;
INSERT INTO inventory (inventory_id, product_id, store_id, stock) VALUES (70186, 70178, 7000, 113) ON CONFLICT DO NOTHING;
INSERT INTO products (product_id, name, description, price, image_url) VALUES (70179, '[Hũ 1Kg] Mắm Dưa Đu Đủ Cà Pháo Thập Cẩm Gia Vị Vừa Ăn Chuẩn Vị Mắm Huế O Dung', 'Đặc sản vùng miền chất lượng', 89999, 'https://down-vn.img.susercontent.com/file/vn-11134207-81ztc-mnxoi5pzsbgob8') ON CONFLICT DO NOTHING;
INSERT INTO inventory (inventory_id, product_id, store_id, stock) VALUES (70187, 70179, 7000, 166) ON CONFLICT DO NOTHING;
INSERT INTO products (product_id, name, description, price, image_url) VALUES (70177, 'Ghẹ sữa rim gia vị đồ ăn vặt Đệ Nhất Khô ngon giá rẻ Đặc Sản Phan Thiết', 'Đặc sản vùng miền chất lượng', 93000, 'https://down-vn.img.susercontent.com/file/vn-11134207-7r98o-lw9h8ez74nh526') ON CONFLICT DO NOTHING;
INSERT INTO inventory (inventory_id, product_id, store_id, stock) VALUES (70188, 70177, 7136, 138) ON CONFLICT DO NOTHING;
INSERT INTO products (product_id, name, description, price, image_url) VALUES (70180, '(MỚI) Xoài Sấy Dẻo Muối Ớt Nguyên Miếng, Đặc Biệt Vị Chua Cay, Mềm Dẻo, Không Xơ', 'Đặc sản vùng miền chất lượng', 29500, 'https://down-vn.img.susercontent.com/file/vn-11134207-7r98o-lyoss6kcr2h9a7') ON CONFLICT DO NOTHING;
INSERT INTO inventory (inventory_id, product_id, store_id, stock) VALUES (70189, 70180, 7141, 93) ON CONFLICT DO NOTHING;
INSERT INTO products (product_id, name, description, price, image_url) VALUES (70181, 'Mực rim me đồ ăn vặt Đệ Nhất Khô ngon giá rẻ Đặc Sản Phan Thiết', 'Đặc sản vùng miền chất lượng', 111360, 'https://down-vn.img.susercontent.com/file/vn-11134207-7r98o-lwbqyntnz5qx5b') ON CONFLICT DO NOTHING;
INSERT INTO inventory (inventory_id, product_id, store_id, stock) VALUES (70190, 70181, 7136, 178) ON CONFLICT DO NOTHING;
INSERT INTO products (product_id, name, description, price, image_url) VALUES (70182, 'Bánh lát (bánh đòn, bánh đậu phộng lá chanh) đòn 500g thơm dẻo siêu ngon - đặc sản Huế', 'Đặc sản vùng miền chất lượng', 55000, 'https://down-vn.img.susercontent.com/file/8e64eaebcd0af877c2b59591351de4ba') ON CONFLICT DO NOTHING;
INSERT INTO inventory (inventory_id, product_id, store_id, stock) VALUES (70191, 70182, 7142, 93) ON CONFLICT DO NOTHING;
INSERT INTO products (product_id, name, description, price, image_url) VALUES (70183, '10 Bánh đa vừng ( loại dày nhiều vừng loại 1) Đô Lương Nghệ An ăn giòn, Bùi thơm mùi mừng, là đặc sản làng nghề xứ Nghệ.', 'Đặc sản vùng miền chất lượng', 42140, 'https://down-vn.img.susercontent.com/file/vn-11134207-7r98o-lm3duz5p3d27e1') ON CONFLICT DO NOTHING;
INSERT INTO inventory (inventory_id, product_id, store_id, stock) VALUES (70192, 70183, 7131, 93) ON CONFLICT DO NOTHING;
INSERT INTO products (product_id, name, description, price, image_url) VALUES (70184, 'NEM DÊ đặc sản Ninh Bình quả 180g nem chua thịt dê Đại Hải món ăn ngon đặc biệt đậm hương vị quê hương - Vườn Đặc Sản', 'Đặc sản vùng miền chất lượng', 129000, 'https://down-vn.img.susercontent.com/file/vn-11134201-23020-hmbgmp8s0znv62') ON CONFLICT DO NOTHING;
INSERT INTO inventory (inventory_id, product_id, store_id, stock) VALUES (70193, 70184, 7143, 162) ON CONFLICT DO NOTHING;
INSERT INTO products (product_id, name, description, price, image_url) VALUES (70185, '[ Đặc Sản Huế ] Mắm Kho Quẹt Chính Gốc Huế Thượng Hạng Bao Ngon hũ 300gr', 'Đặc sản vùng miền chất lượng', 45999, 'https://down-vn.img.susercontent.com/file/vn-11134207-7ras8-m0dzi2gjzdgtce') ON CONFLICT DO NOTHING;
INSERT INTO inventory (inventory_id, product_id, store_id, stock) VALUES (70194, 70185, 7144, 74) ON CONFLICT DO NOTHING;
INSERT INTO products (product_id, name, description, price, image_url) VALUES (70186, 'Lẻ 1 gói 250g - Đặc Sản Long An Bánh Tráng Trộn PHƯỢNG Cầu Đúc Chính Gốc LONG AN', 'Đặc sản vùng miền chất lượng', 35000, 'https://down-vn.img.susercontent.com/file/vn-11134207-7ras8-mb37mvzwbb9zc8') ON CONFLICT DO NOTHING;
INSERT INTO inventory (inventory_id, product_id, store_id, stock) VALUES (70195, 70186, 7145, 87) ON CONFLICT DO NOTHING;
INSERT INTO products (product_id, name, description, price, image_url) VALUES (70149, 'Bánh Đa Tôm Ớt Loại Cao Cấp Xuất Khẩu - Bánh Đa Mè Tôm Đặc Sản Tây Ninh', 'Đặc sản vùng miền chất lượng', 52000, 'https://down-vn.img.susercontent.com/file/vn-11134207-7r98o-lvfigvrryu04b0') ON CONFLICT DO NOTHING;
INSERT INTO inventory (inventory_id, product_id, store_id, stock) VALUES (70196, 70149, 7119, 180) ON CONFLICT DO NOTHING;
INSERT INTO products (product_id, name, description, price, image_url) VALUES (70187, 'Combo 10 gói Mực tẩm gia vị ăn liền', 'Đặc sản vùng miền chất lượng', 79000, 'https://down-vn.img.susercontent.com/file/vn-11134207-81ztc-mm17hku17xtw0a') ON CONFLICT DO NOTHING;
INSERT INTO inventory (inventory_id, product_id, store_id, stock) VALUES (70197, 70187, 7146, 60) ON CONFLICT DO NOTHING;
INSERT INTO products (product_id, name, description, price, image_url) VALUES (70188, 'Da trâu muối chua đặc sản Tây Bắc chodinhdienbien', 'Đặc sản vùng miền chất lượng', 79000, 'https://down-vn.img.susercontent.com/file/vn-11134207-81ztc-ml1070p8ts7758') ON CONFLICT DO NOTHING;
INSERT INTO inventory (inventory_id, product_id, store_id, stock) VALUES (70198, 70188, 7147, 28) ON CONFLICT DO NOTHING;
INSERT INTO products (product_id, name, description, price, image_url) VALUES (70189, 'Thịt trâu sấy gác bếp đặc sản miền núi 1kg - 500gr(Đã bao gồm gói chấm cho mỗi sản phẩm)', 'Đặc sản vùng miền chất lượng', 500000, 'https://down-vn.img.susercontent.com/file/vn-11134207-81ztc-mnx1ufxt32f5a5') ON CONFLICT DO NOTHING;
INSERT INTO inventory (inventory_id, product_id, store_id, stock) VALUES (70199, 70189, 7135, 42) ON CONFLICT DO NOTHING;
INSERT INTO products (product_id, name, description, price, image_url) VALUES (70133, 'Bánh Phồng Tôm Đặc Sản Năm Căn Cà Mau (500g)', 'Đặc sản vùng miền chất lượng', 55000, 'https://down-vn.img.susercontent.com/file/vn-11134207-81ztc-mnuze69a8iyp7b') ON CONFLICT DO NOTHING;
INSERT INTO inventory (inventory_id, product_id, store_id, stock) VALUES (70200, 70133, 7109, 123) ON CONFLICT DO NOTHING;
INSERT INTO products (product_id, name, description, price, image_url) VALUES (70164, 'Thập cẩm sấy giòn đặc sản Langfarm - Ăn vặt nông sản, giòn tan trong miệng', 'Đặc sản vùng miền chất lượng', 36000, 'https://down-vn.img.susercontent.com/file/b5dc0fa9ab4883a94c8f0a85edba3496') ON CONFLICT DO NOTHING;
INSERT INTO inventory (inventory_id, product_id, store_id, stock) VALUES (70201, 70164, 7073, 86) ON CONFLICT DO NOTHING;
INSERT INTO products (product_id, name, description, price, image_url) VALUES (70160, '1Kg Bánh Đá – Đặc Sản Đồng Văn - Hà Giang Trọng Lượng 1kg 1 Gói', 'Đặc sản vùng miền chất lượng', 54000, 'https://down-vn.img.susercontent.com/file/vn-11134207-7r98o-lva0ke0q84qh03') ON CONFLICT DO NOTHING;
INSERT INTO inventory (inventory_id, product_id, store_id, stock) VALUES (70202, 70160, 7127, 199) ON CONFLICT DO NOTHING;
INSERT INTO products (product_id, name, description, price, image_url) VALUES (70190, 'Combo 10 gói cơm cháy chiên mắm, cơm cháy mắm hành đặc sản Sài Gòn thờm ngon gòn rẻ đồ ăn vặt Mymart', 'Đặc sản vùng miền chất lượng', 39000, 'https://down-vn.img.susercontent.com/file/vn-11134207-7r98o-lxh34lb7ilzta7') ON CONFLICT DO NOTHING;
INSERT INTO inventory (inventory_id, product_id, store_id, stock) VALUES (70203, 70190, 7148, 140) ON CONFLICT DO NOTHING;
INSERT INTO products (product_id, name, description, price, image_url) VALUES (70191, 'Khô gà lá chanh 1KG Đệ Nhất Khô đồ ăn vặt ngon giá rẻ  Đặc Sản Phan Thiết', 'Đặc sản vùng miền chất lượng', 71000, 'https://down-vn.img.susercontent.com/file/vn-11134207-7r98o-lwbqynsk4zx505') ON CONFLICT DO NOTHING;
INSERT INTO inventory (inventory_id, product_id, store_id, stock) VALUES (70204, 70191, 7136, 125) ON CONFLICT DO NOTHING;
INSERT INTO products (product_id, name, description, price, image_url) VALUES (70192, 'Hồng Treo Gió DLFresh – Hồng sấy dẻo Đà Lạt tự nhiên, ngọt thanh, đặc sản làm quà cao cấp', 'Đặc sản vùng miền chất lượng', 103500, 'https://down-vn.img.susercontent.com/file/vn-11134207-81ztc-mn7f8iwi5qmg58') ON CONFLICT DO NOTHING;
INSERT INTO inventory (inventory_id, product_id, store_id, stock) VALUES (70205, 70192, 7137, 100) ON CONFLICT DO NOTHING;
INSERT INTO products (product_id, name, description, price, image_url) VALUES (70137, 'Bánh Tráng Dừa Non Đặc Sản Nha Trang - Sohan Food', 'Đặc sản vùng miền chất lượng', 18000, 'https://down-vn.img.susercontent.com/file/vn-11134207-81ztc-mn9vvfxvvuo4b5') ON CONFLICT DO NOTHING;
INSERT INTO inventory (inventory_id, product_id, store_id, stock) VALUES (70206, 70137, 7112, 63) ON CONFLICT DO NOTHING;
INSERT INTO products (product_id, name, description, price, image_url) VALUES (70166, 'Mè xửng giòn Thiên Hương Huế combo 5 gói đặc sản Huế hàng chuẩn công ty date mới dòn ngon đồ ăn vặt', 'Đặc sản vùng miền chất lượng', 125000, 'https://down-vn.img.susercontent.com/file/vn-11134207-7ras8-mco2pwc0csd83d') ON CONFLICT DO NOTHING;
INSERT INTO inventory (inventory_id, product_id, store_id, stock) VALUES (70207, 70166, 7132, 194) ON CONFLICT DO NOTHING;
INSERT INTO products (product_id, name, description, price, image_url) VALUES (70193, 'Bánh Cáy - Loại Ít Đường🍀 FREESHIP 🍀 Bánh cáy Làng Nguyễn - Đặc sản Thái Bình loại 250G', 'Đặc sản vùng miền chất lượng', 39000, 'https://down-vn.img.susercontent.com/file/vn-11134207-81ztc-ml7i7bk57vgtfc') ON CONFLICT DO NOTHING;
INSERT INTO inventory (inventory_id, product_id, store_id, stock) VALUES (70208, 70193, 7149, 31) ON CONFLICT DO NOTHING;
INSERT INTO products (product_id, name, description, price, image_url) VALUES (70194, 'Ruốc Tôm - Đặc Sản Hải Phòng, Hương Vị Thơm Ngon, Tiện Dụng, Hộp 300gr', 'Đặc sản vùng miền chất lượng', 104500, 'https://down-vn.img.susercontent.com/file/vn-11134207-7ras8-m5fk0kgo20w3af') ON CONFLICT DO NOTHING;
INSERT INTO inventory (inventory_id, product_id, store_id, stock) VALUES (70209, 70194, 7150, 69) ON CONFLICT DO NOTHING;
INSERT INTO products (product_id, name, description, price, image_url) VALUES (70195, 'Khoai môn cọng sấy mắm hành - đặc Sản Đà Lạt', 'Đặc sản vùng miền chất lượng', 38000, 'https://down-vn.img.susercontent.com/file/vn-11134207-81ztc-mnwkpvoah3wj43') ON CONFLICT DO NOTHING;
INSERT INTO inventory (inventory_id, product_id, store_id, stock) VALUES (70210, 70195, 7151, 73) ON CONFLICT DO NOTHING;
INSERT INTO products (product_id, name, description, price, image_url) VALUES (70196, 'Kẹo Mạch Nha Thiên Bút Đặc Sản Quảng Ngãi Kẹo Tuổi Thơ Thơm Ngon Hương Vị Đậm Đà Xứ Quảng', 'Đặc sản vùng miền chất lượng', 27000, 'https://down-vn.img.susercontent.com/file/vn-11134207-7ras8-mcuaopli3scf9a') ON CONFLICT DO NOTHING;
INSERT INTO inventory (inventory_id, product_id, store_id, stock) VALUES (70211, 70196, 7152, 145) ON CONFLICT DO NOTHING;
INSERT INTO products (product_id, name, description, price, image_url) VALUES (70197, 'Bánh cáy đặc sản làng Nguyễn Thái Bình thơm ngon, hàng loại 1, sản phẩm bán tại Quê Bác', 'Đặc sản vùng miền chất lượng', 20900, 'https://down-vn.img.susercontent.com/file/vn-11134207-7r98o-lzm3y0wikmu957') ON CONFLICT DO NOTHING;
INSERT INTO inventory (inventory_id, product_id, store_id, stock) VALUES (70212, 70197, 7116, 168) ON CONFLICT DO NOTHING;
INSERT INTO products (product_id, name, description, price, image_url) VALUES (70135, 'Combo 30 gói Sụn Tai Heo Rim Tỏi Ớt - Đặc Sản Tứ Xuyên Thơm Ngon Đặc Biệt (Gói 16g)', 'Đặc sản vùng miền chất lượng', 79157, 'https://down-vn.img.susercontent.com/file/vn-11134207-7r98o-lsgksp1bjhz805') ON CONFLICT DO NOTHING;
INSERT INTO inventory (inventory_id, product_id, store_id, stock) VALUES (70213, 70135, 7111, 142) ON CONFLICT DO NOTHING;
INSERT INTO products (product_id, name, description, price, image_url) VALUES (70198, '450g kẹo me cay đặc sản đà lạt', 'Đặc sản vùng miền chất lượng', 18000, 'https://down-vn.img.susercontent.com/file/c9f026e612f950b39dfef40f67e858f5') ON CONFLICT DO NOTHING;
INSERT INTO inventory (inventory_id, product_id, store_id, stock) VALUES (70214, 70198, 7027, 120) ON CONFLICT DO NOTHING;
INSERT INTO products (product_id, name, description, price, image_url) VALUES (70199, '[Hoả tốc không bị nát] Chao Dừa Đặc Sản Tân Long An 750g Ăn Là Ghiền', 'Đặc sản vùng miền chất lượng', 59000, 'https://down-vn.img.susercontent.com/file/vn-11134207-7ras8-m2ckd2e3ukz8ff') ON CONFLICT DO NOTHING;
INSERT INTO inventory (inventory_id, product_id, store_id, stock) VALUES (70215, 70199, 7153, 46) ON CONFLICT DO NOTHING;
INSERT INTO products (product_id, name, description, price, image_url) VALUES (70200, '[Ăn là Ghiền] Mít sấy mộc nguyên miếng Giòn Xốp Vị Ngọt Tự Nhiên- Thương hiệu Nam Huy - Đặc sản Đồng Tháp -Kingsmart', 'Đặc sản vùng miền chất lượng', 16500, 'https://down-vn.img.susercontent.com/file/vn-11134207-81ztc-mm1dzjsk0rnl8e') ON CONFLICT DO NOTHING;
INSERT INTO inventory (inventory_id, product_id, store_id, stock) VALUES (70216, 70200, 7065, 183) ON CONFLICT DO NOTHING;
INSERT INTO products (product_id, name, description, price, image_url) VALUES (70201, 'Cơm cháy đáy nồi siêu chà bông túi 500g-530g', 'Đặc sản vùng miền chất lượng', 105000, 'https://down-vn.img.susercontent.com/file/vn-11134207-7r98o-luybkl3ougbpbf') ON CONFLICT DO NOTHING;
INSERT INTO inventory (inventory_id, product_id, store_id, stock) VALUES (70217, 70201, 7154, 29) ON CONFLICT DO NOTHING;
INSERT INTO products (product_id, name, description, price, image_url) VALUES (70202, 'Ruốc tôm Hạ Long Seafood 300gr - 500gr loại 1 thơm ngon  - Đặc sản Hạ Long, Quảng Ninh', 'Đặc sản vùng miền chất lượng', 105000, 'https://down-vn.img.susercontent.com/file/vn-11134207-7qukw-lhrv6dcslmm9d8') ON CONFLICT DO NOTHING;
INSERT INTO inventory (inventory_id, product_id, store_id, stock) VALUES (70218, 70202, 7155, 135) ON CONFLICT DO NOTHING;
INSERT INTO products (product_id, name, description, price, image_url) VALUES (70174, 'Bánh xoài đặc sản Nha Trang', 'Đặc sản vùng miền chất lượng', 15000, 'https://down-vn.img.susercontent.com/file/vn-11134207-7r98o-lvu8kibb8b8b80') ON CONFLICT DO NOTHING;
INSERT INTO inventory (inventory_id, product_id, store_id, stock) VALUES (70219, 70174, 7138, 88) ON CONFLICT DO NOTHING;
INSERT INTO products (product_id, name, description, price, image_url) VALUES (70172, 'Xoài Sấy Dẻo DLFresh – Đặc Sản Đà Lạt, Không Đường, Không Chất Bảo Quản', 'Đặc sản vùng miền chất lượng', 72000, 'https://down-vn.img.susercontent.com/file/vn-11134207-7ra0g-m9ck0sh01xf2d0') ON CONFLICT DO NOTHING;
INSERT INTO inventory (inventory_id, product_id, store_id, stock) VALUES (70220, 70172, 7137, 166) ON CONFLICT DO NOTHING;
INSERT INTO products (product_id, name, description, price, image_url) VALUES (70203, 'Bánh Cáy Làng Nguyễn - Bánh Cáy Đình Mạnh Đặc Sản Thái Bình Bánh Vuông 450g', 'Đặc sản vùng miền chất lượng', 45000, 'https://down-vn.img.susercontent.com/file/3122d52dd1d04d8314558307f7fdd9b1') ON CONFLICT DO NOTHING;
INSERT INTO inventory (inventory_id, product_id, store_id, stock) VALUES (70221, 70203, 7156, 193) ON CONFLICT DO NOTHING;
INSERT INTO products (product_id, name, description, price, image_url) VALUES (70204, '(LOẠI ĐẶC BIỆT 1kg) Khoai gieo đặc sản Quảng Bình - Bao bì 1kg', 'Đặc sản vùng miền chất lượng', 156900, 'https://down-vn.img.susercontent.com/file/sg-11134201-7qvf5-li8lhhr441knab') ON CONFLICT DO NOTHING;
INSERT INTO inventory (inventory_id, product_id, store_id, stock) VALUES (70222, 70204, 7157, 103) ON CONFLICT DO NOTHING;
INSERT INTO products (product_id, name, description, price, image_url) VALUES (70152, '(ĐỘC QUYỀN TÓP MỠ) Rim Mắm Tỏi Duy Best Loại Nhất ( Tặng Kèm Sốt Ăn Vặt)', 'Đặc sản vùng miền chất lượng', 35999, 'https://down-vn.img.susercontent.com/file/vn-11134207-820l4-mi8ff1gqq3uv18') ON CONFLICT DO NOTHING;
INSERT INTO inventory (inventory_id, product_id, store_id, stock) VALUES (70223, 70152, 7122, 114) ON CONFLICT DO NOTHING;
INSERT INTO products (product_id, name, description, price, image_url) VALUES (70205, 'Bánh Xốp Kem Sầu Riêng-Đặc Sản Xứ Dừa Bến Tre', 'Đặc sản vùng miền chất lượng', 49000, 'https://down-vn.img.susercontent.com/file/vn-11134207-820l4-mgwftju69897b7') ON CONFLICT DO NOTHING;
INSERT INTO inventory (inventory_id, product_id, store_id, stock) VALUES (70224, 70205, 7158, 94) ON CONFLICT DO NOTHING;
INSERT INTO products (product_id, name, description, price, image_url) VALUES (70087, 'Mè Xửng Hạt Điều Huế - Dẻo Bùi, Thơm Ngon - Đặc Sản Huế - Đặc Sản Kinh Đô - Hộp 60g', 'Đặc sản vùng miền chất lượng', 40000, 'https://down-vn.img.susercontent.com/file/vn-11134207-81ztc-mnwbiwk1nymc3d') ON CONFLICT DO NOTHING;
INSERT INTO inventory (inventory_id, product_id, store_id, stock) VALUES (70225, 70087, 7055, 170) ON CONFLICT DO NOTHING;
INSERT INTO products (product_id, name, description, price, image_url) VALUES (70206, 'Cơm cháy NẾP SIÊU RUỐC - Đặc sản Ninh Bình Vàng Đại Long - Nhiều trọng lượng', 'Đặc sản vùng miền chất lượng', 43999, 'https://down-vn.img.susercontent.com/file/vn-11134207-7ras8-m2svngebzmpmfc') ON CONFLICT DO NOTHING;
INSERT INTO inventory (inventory_id, product_id, store_id, stock) VALUES (70226, 70206, 7005, 173) ON CONFLICT DO NOTHING;
INSERT INTO products (product_id, name, description, price, image_url) VALUES (70207, 'Bánh Tráng Mắm Ruốc Tép Khô - 5 Miếng Hình Tam Giác | Đặc Sản Đà Lạt', 'Đặc sản vùng miền chất lượng', 25000, 'https://down-vn.img.susercontent.com/file/vn-11134207-7ras8-m0ntrxtdbv67a0') ON CONFLICT DO NOTHING;
INSERT INTO inventory (inventory_id, product_id, store_id, stock) VALUES (70227, 70207, 7159, 193) ON CONFLICT DO NOTHING;
INSERT INTO products (product_id, name, description, price, image_url) VALUES (70208, 'Ô Mai MIX VỊ Colorful Plum Gói 408g - Ô Mai Weisiel Mix Trái Cây SIÊU NGON - Ô Mai Tết 2026 Ruvask.', 'Đặc sản vùng miền chất lượng', 55000, 'https://down-vn.img.susercontent.com/file/vn-11134207-820l4-mgozs19wfk7gf3') ON CONFLICT DO NOTHING;
INSERT INTO inventory (inventory_id, product_id, store_id, stock) VALUES (70228, 70208, 7160, 91) ON CONFLICT DO NOTHING;
INSERT INTO products (product_id, name, description, price, image_url) VALUES (70209, '[Túi 250g] Cơm cháy chà bông Nếp Hương, cơm cháy siêu ruốc Đại Long Ninh Bình Vàng cao cấp đặc biệt ngon - Vườn Đặc Sản', 'Đặc sản vùng miền chất lượng', 45000, 'https://down-vn.img.susercontent.com/file/vn-11134207-7ras8-m0cmex4aevot87') ON CONFLICT DO NOTHING;
INSERT INTO inventory (inventory_id, product_id, store_id, stock) VALUES (70229, 70209, 7143, 168) ON CONFLICT DO NOTHING;
INSERT INTO products (product_id, name, description, price, image_url) VALUES (70210, 'Thịt trâu sấy - Thịt lợn sấy gác bếp 1kg 500gr ( đã bao gồm gói chấm riêng cho từng sản phẩm) đặc sản miền núi tây bắc', 'Đặc sản vùng miền chất lượng', 320000, 'https://down-vn.img.susercontent.com/file/vn-11134207-81ztc-mnx1ufxt32f5a5') ON CONFLICT DO NOTHING;
INSERT INTO inventory (inventory_id, product_id, store_id, stock) VALUES (70230, 70210, 7135, 101) ON CONFLICT DO NOTHING;
INSERT INTO products (product_id, name, description, price, image_url) VALUES (70211, '250g Khóm khô sấy mộc không đường, đặc sản Tắc Cậu', 'Đặc sản vùng miền chất lượng', 75000, 'https://down-vn.img.susercontent.com/file/vn-11134207-81ztc-mnwf0p7qq4nabb') ON CONFLICT DO NOTHING;
INSERT INTO inventory (inventory_id, product_id, store_id, stock) VALUES (70231, 70211, 7161, 86) ON CONFLICT DO NOTHING;
INSERT INTO products (product_id, name, description, price, image_url) VALUES (70154, 'khoai môn cọng sấy mắm hành - Đặc Sản Đà Lạt, An Đà Lạt Farm', 'Đặc sản vùng miền chất lượng', 50000, 'https://down-vn.img.susercontent.com/file/vn-11134207-81ztc-mnwngzgqk07890') ON CONFLICT DO NOTHING;
INSERT INTO inventory (inventory_id, product_id, store_id, stock) VALUES (70232, 70154, 7124, 177) ON CONFLICT DO NOTHING;
INSERT INTO products (product_id, name, description, price, image_url) VALUES (70212, 'Hoa quả sấy khô thập cẩm MIDIFARM, gạo lứt rong biển, rau củ sấy đặc sản đà lạt', 'Đặc sản vùng miền chất lượng', 38000, 'https://down-vn.img.susercontent.com/file/vn-11134207-820l4-mgm15accyyoc45') ON CONFLICT DO NOTHING;
INSERT INTO inventory (inventory_id, product_id, store_id, stock) VALUES (70233, 70212, 7077, 87) ON CONFLICT DO NOTHING;
INSERT INTO products (product_id, name, description, price, image_url) VALUES (70213, '5 gói Mè xửng giòn Thiên Hương gói đỏ 160g,đặc sản Huế, date luôn mới', 'Đặc sản vùng miền chất lượng', 27900, 'https://down-vn.img.susercontent.com/file/vn-11134207-7r98o-lv4dsf727htl37') ON CONFLICT DO NOTHING;
INSERT INTO inventory (inventory_id, product_id, store_id, stock) VALUES (70234, 70213, 7162, 36) ON CONFLICT DO NOTHING;
INSERT INTO products (product_id, name, description, price, image_url) VALUES (70214, 'Mít Sấy Dẻo Nguyên Vị Tự Nhiên Ngon Ngọt Mùi Mít Tốt Cho Sức Khỏe Đặc Sản Trái Cây Sấy The Măng Đen', 'Đặc sản vùng miền chất lượng', 58000, 'https://down-vn.img.susercontent.com/file/vn-11134207-7ras8-mbqdqyksb8ge62') ON CONFLICT DO NOTHING;
INSERT INTO inventory (inventory_id, product_id, store_id, stock) VALUES (70235, 70214, 7114, 101) ON CONFLICT DO NOTHING;
INSERT INTO products (product_id, name, description, price, image_url) VALUES (70215, 'COMBO 3 hộp Dừa sáp sấy thăng hoa cao cấp VICOSAP ít đường đồ ăn vặt healthy đặc sản Trà Vinh 25g', 'Đặc sản vùng miền chất lượng', 206340, 'https://down-vn.img.susercontent.com/file/vn-11134207-81ztc-ml66b31twkcg35') ON CONFLICT DO NOTHING;
INSERT INTO inventory (inventory_id, product_id, store_id, stock) VALUES (70236, 70215, 7163, 169) ON CONFLICT DO NOTHING;
INSERT INTO products (product_id, name, description, price, image_url) VALUES (70216, 'Tré Đà Nẵng hộp 10 cái - Đặc Sản Đà Nẵng - Món ngon ăn vặt', 'Đặc sản vùng miền chất lượng', 98000, 'https://down-vn.img.susercontent.com/file/d66b3ad7eef87d9b7e404a6405788200') ON CONFLICT DO NOTHING;
INSERT INTO inventory (inventory_id, product_id, store_id, stock) VALUES (70237, 70216, 7164, 109) ON CONFLICT DO NOTHING;
INSERT INTO products (product_id, name, description, price, image_url) VALUES (70217, 'Combo Ô Mai Tự Chọn Ăn Vặt Vị Chua Cay Ngon Ngọt Hũ 200g - Ô MAI MÊ omaime', 'Đặc sản vùng miền chất lượng', 32000, 'https://down-vn.img.susercontent.com/file/vn-11134207-7ras8-mbrz87p8ke42c6') ON CONFLICT DO NOTHING;
INSERT INTO inventory (inventory_id, product_id, store_id, stock) VALUES (70238, 70217, 7013, 34) ON CONFLICT DO NOTHING;
INSERT INTO products (product_id, name, description, price, image_url) VALUES (70218, 'LẠP THỊT HỒ LÔ đặc sản Cai Lậy vị mặn ngọt vừa ăn, loại 85% nạc gói 500g và 1kg', 'Đặc sản vùng miền chất lượng', 79050, 'https://down-vn.img.susercontent.com/file/vn-11134207-7ras8-m0mf0yh9iqhb3e') ON CONFLICT DO NOTHING;
INSERT INTO inventory (inventory_id, product_id, store_id, stock) VALUES (70239, 70218, 7165, 196) ON CONFLICT DO NOTHING;
INSERT INTO products (product_id, name, description, price, image_url) VALUES (70219, 'CƠM RANG (CỐM RANG) ĐẶC SẢN QUẢNG NGÃI', 'Đặc sản vùng miền chất lượng', 17542, 'https://down-vn.img.susercontent.com/file/b88dd48b99a9ae3310b3c6ccc4750ba7') ON CONFLICT DO NOTHING;
INSERT INTO inventory (inventory_id, product_id, store_id, stock) VALUES (70240, 70219, 7166, 42) ON CONFLICT DO NOTHING;
INSERT INTO products (product_id, name, description, price, image_url) VALUES (70220, 'Kẹo sim Phú Quốc, gói 110g, kẹo dẻo sim BẢO NAM - Đặc sản Phú Quốc', 'Đặc sản vùng miền chất lượng', 40000, 'https://down-vn.img.susercontent.com/file/vn-11134207-7r98o-lq9d8ulpfduafe') ON CONFLICT DO NOTHING;
INSERT INTO inventory (inventory_id, product_id, store_id, stock) VALUES (70241, 70220, 7167, 22) ON CONFLICT DO NOTHING;
INSERT INTO products (product_id, name, description, price, image_url) VALUES (70221, 'BÁNH ĐA PHỦ CHÀ BÔNG Gia Linh PHÚ YÊN/ hộp 5 miếng**đặc sản THUÝ LIỄU/ GIA LINH', 'Đặc sản vùng miền chất lượng', 69000, 'https://down-vn.img.susercontent.com/file/vn-11134207-7r98o-lyne544uz80d61') ON CONFLICT DO NOTHING;
INSERT INTO inventory (inventory_id, product_id, store_id, stock) VALUES (70242, 70221, 7168, 34) ON CONFLICT DO NOTHING;
INSERT INTO products (product_id, name, description, price, image_url) VALUES (70222, 'Đu Đủ Sấy Dẻo Nguyên Vị Tự Nhiên Ngọt Ngọt Dai Dai Đặc Sản Trái Cây Sấy The Măng Đen', 'Đặc sản vùng miền chất lượng', 55000, 'https://down-vn.img.susercontent.com/file/vn-11134207-7ras8-mbqduwf8nomq71') ON CONFLICT DO NOTHING;
INSERT INTO inventory (inventory_id, product_id, store_id, stock) VALUES (70243, 70222, 7114, 21) ON CONFLICT DO NOTHING;
INSERT INTO products (product_id, name, description, price, image_url) VALUES (70223, 'Mắm tôm chua ngọt, đặc sản miền tây (chưa trộn đu đủ)', 'Đặc sản vùng miền chất lượng', 75300, 'https://down-vn.img.susercontent.com/file/vn-11134207-7r98o-llhkxjnmz4co42') ON CONFLICT DO NOTHING;
INSERT INTO inventory (inventory_id, product_id, store_id, stock) VALUES (70244, 70223, 7169, 50) ON CONFLICT DO NOTHING;
INSERT INTO products (product_id, name, description, price, image_url) VALUES (70224, 'Nem chua đặc sản Thanh Hóa (Túi 10 cây nem) - Vườn Đặc Sản', 'Đặc sản vùng miền chất lượng', 33000, 'https://down-vn.img.susercontent.com/file/sg-11134201-22110-cs7gy4hm8xjv83') ON CONFLICT DO NOTHING;
INSERT INTO inventory (inventory_id, product_id, store_id, stock) VALUES (70245, 70224, 7143, 168) ON CONFLICT DO NOTHING;
INSERT INTO products (product_id, name, description, price, image_url) VALUES (70225, 'Kẹo Đậu Phộng Huế ( Loại ngon)_ Đậu phộng dừa & Đậu phộng mè_Đặc sản Huế', 'Đặc sản vùng miền chất lượng', 10500, 'https://down-vn.img.susercontent.com/file/118f8f2c6ca67d1e9e02cd0ee64d769d') ON CONFLICT DO NOTHING;
INSERT INTO inventory (inventory_id, product_id, store_id, stock) VALUES (70246, 70225, 7120, 165) ON CONFLICT DO NOTHING;
INSERT INTO products (product_id, name, description, price, image_url) VALUES (70226, '500g Vải Thiều Sấy Lục Ngạn – Đặc Sản Bắc Giang, Trái Cây Sấy Dẻo Tự Nhiên, Ngon Bổ Dưỡng', 'Đặc sản vùng miền chất lượng', 63564, 'https://down-vn.img.susercontent.com/file/vn-11134207-820l4-mdzlzh0hdds3a1') ON CONFLICT DO NOTHING;
INSERT INTO inventory (inventory_id, product_id, store_id, stock) VALUES (70247, 70226, 7170, 140) ON CONFLICT DO NOTHING;
INSERT INTO products (product_id, name, description, price, image_url) VALUES (70227, '300G Vải Thiều Sấy Lục Ngạn giá tốt– Đặc Sản Bắc Giang, Trái Cây Sấy Dẻo Tự Nhiên, Ngon Bổ Dưỡng', 'Đặc sản vùng miền chất lượng', 53000, 'https://down-vn.img.susercontent.com/file/vn-11134207-820l4-mdzlzh0hdds3a1') ON CONFLICT DO NOTHING;
INSERT INTO inventory (inventory_id, product_id, store_id, stock) VALUES (70248, 70227, 7170, 128) ON CONFLICT DO NOTHING;
INSERT INTO products (product_id, name, description, price, image_url) VALUES (70228, 'Cà Phê Chồn | Rang Mộc Nguyên Chất, Hạt & Bột – Đặc Sản Cao Cấp Việt Nam', 'Đặc sản vùng miền chất lượng', 74000, 'https://down-vn.img.susercontent.com/file/vn-11134207-81ztc-mnf59ha9yl1ib2') ON CONFLICT DO NOTHING;
INSERT INTO inventory (inventory_id, product_id, store_id, stock) VALUES (70249, 70228, 7170, 140) ON CONFLICT DO NOTHING;
INSERT INTO products (product_id, name, description, price, image_url) VALUES (70187, 'Combo 10 gói Mực tẩm gia vị ăn liền', 'Đặc sản vùng miền chất lượng', 79000, 'https://down-vn.img.susercontent.com/file/vn-11134207-81ztc-mm17hku17xtw0a') ON CONFLICT DO NOTHING;
INSERT INTO inventory (inventory_id, product_id, store_id, stock) VALUES (70250, 70187, 7146, 54) ON CONFLICT DO NOTHING;
INSERT INTO products (product_id, name, description, price, image_url) VALUES (70207, 'Bánh Tráng Mắm Ruốc Tép Khô - 5 Miếng Hình Tam Giác | Đặc Sản Đà Lạt', 'Đặc sản vùng miền chất lượng', 25000, 'https://down-vn.img.susercontent.com/file/vn-11134207-7ras8-m0ntrxtdbv67a0') ON CONFLICT DO NOTHING;
INSERT INTO inventory (inventory_id, product_id, store_id, stock) VALUES (70251, 70207, 7159, 91) ON CONFLICT DO NOTHING;
INSERT INTO products (product_id, name, description, price, image_url) VALUES (70229, 'Kẹo Vừng - Vũ Thịnh 500gr - Đặc sản Nam Định', 'Đặc sản vùng miền chất lượng', 119000, 'https://down-vn.img.susercontent.com/file/vn-11134207-820l4-miba6dhe2ubo03') ON CONFLICT DO NOTHING;
INSERT INTO inventory (inventory_id, product_id, store_id, stock) VALUES (70252, 70229, 7171, 68) ON CONFLICT DO NOTHING;
INSERT INTO products (product_id, name, description, price, image_url) VALUES (70230, 'Khô Miếng Mềm Vị Bò Lon Pet 250gr ĐẶC BIỆT FREESHI', 'Đặc sản vùng miền chất lượng', 120000, 'https://down-vn.img.susercontent.com/file/165a651a053995c6da648167ec8a4765') ON CONFLICT DO NOTHING;
INSERT INTO inventory (inventory_id, product_id, store_id, stock) VALUES (70253, 70230, 7172, 87) ON CONFLICT DO NOTHING;
INSERT INTO products (product_id, name, description, price, image_url) VALUES (70231, '[1kg] BÁNH TRÁNG XIKE DẺO MUỐI TỎI NHUYỄN TÂY NINH', 'Đặc sản vùng miền chất lượng', 88000, 'https://down-vn.img.susercontent.com/file/vn-11134207-820l4-mhwu41bnen7mf4') ON CONFLICT DO NOTHING;
INSERT INTO inventory (inventory_id, product_id, store_id, stock) VALUES (70254, 70231, 7173, 42) ON CONFLICT DO NOTHING;
INSERT INTO products (product_id, name, description, price, image_url) VALUES (70202, 'Ruốc tôm Hạ Long Seafood 300gr - 500gr loại 1 thơm ngon  - Đặc sản Hạ Long, Quảng Ninh', 'Đặc sản vùng miền chất lượng', 105000, 'https://down-vn.img.susercontent.com/file/vn-11134207-7qukw-lhrv6dcslmm9d8') ON CONFLICT DO NOTHING;
INSERT INTO inventory (inventory_id, product_id, store_id, stock) VALUES (70255, 70202, 7155, 124) ON CONFLICT DO NOTHING;
INSERT INTO products (product_id, name, description, price, image_url) VALUES (70225, 'Kẹo Đậu Phộng Huế ( Loại ngon)_ Đậu phộng dừa & Đậu phộng mè_Đặc sản Huế', 'Đặc sản vùng miền chất lượng', 10500, 'https://down-vn.img.susercontent.com/file/118f8f2c6ca67d1e9e02cd0ee64d769d') ON CONFLICT DO NOTHING;
INSERT INTO inventory (inventory_id, product_id, store_id, stock) VALUES (70256, 70225, 7120, 22) ON CONFLICT DO NOTHING;
INSERT INTO products (product_id, name, description, price, image_url) VALUES (70232, '500.Gramm Khô Cá Thiều Tẩm Vị Ăn Liền - Đặc Sản Nha Trang', 'Đặc sản vùng miền chất lượng', 110000, 'https://down-vn.img.susercontent.com/file/vn-11134207-7r98o-ltw39kikofm2eb') ON CONFLICT DO NOTHING;
INSERT INTO inventory (inventory_id, product_id, store_id, stock) VALUES (70257, 70232, 7068, 123) ON CONFLICT DO NOTHING;
INSERT INTO products (product_id, name, description, price, image_url) VALUES (70215, 'COMBO 3 hộp Dừa sáp sấy thăng hoa cao cấp VICOSAP ít đường đồ ăn vặt healthy đặc sản Trà Vinh 25g', 'Đặc sản vùng miền chất lượng', 206340, 'https://down-vn.img.susercontent.com/file/vn-11134207-81ztc-ml66b31twkcg35') ON CONFLICT DO NOTHING;
INSERT INTO inventory (inventory_id, product_id, store_id, stock) VALUES (70258, 70215, 7163, 122) ON CONFLICT DO NOTHING;
INSERT INTO products (product_id, name, description, price, image_url) VALUES (70233, '[Siêu To] Bánh Phồng Sữa Nhơn Hoàng/Hoàng Dung - Đặc Sản Miền Tây Thơm Ngon', 'Đặc sản vùng miền chất lượng', 28500, 'https://down-vn.img.susercontent.com/file/vn-11134207-7ra0g-m7axcz6l3xeg6c') ON CONFLICT DO NOTHING;
INSERT INTO inventory (inventory_id, product_id, store_id, stock) VALUES (70259, 70233, 7141, 145) ON CONFLICT DO NOTHING;
INSERT INTO products (product_id, name, description, price, image_url) VALUES (70062, 'Bánh ép Huế vị BBQ, Tép - Gói 40g - Thơm ngon giòn rụm - Đặc sản Kinh Đô', 'Đặc sản vùng miền chất lượng', 20000, 'https://down-vn.img.susercontent.com/file/vn-11134207-81ztc-mlspziidyccv1e') ON CONFLICT DO NOTHING;
INSERT INTO inventory (inventory_id, product_id, store_id, stock) VALUES (70260, 70062, 7055, 186) ON CONFLICT DO NOTHING;
INSERT INTO products (product_id, name, description, price, image_url) VALUES (70234, '10 cái Bánh tráng sắn (mỳ)đặc sản Quảng Nam', 'Đặc sản vùng miền chất lượng', 22000, 'https://down-vn.img.susercontent.com/file/vn-11134207-7ras8-mbaw9y1z00rcb6') ON CONFLICT DO NOTHING;
INSERT INTO inventory (inventory_id, product_id, store_id, stock) VALUES (70261, 70234, 7174, 163) ON CONFLICT DO NOTHING;
INSERT INTO products (product_id, name, description, price, image_url) VALUES (70220, 'Kẹo sim Phú Quốc, gói 110g, kẹo dẻo sim BẢO NAM - Đặc sản Phú Quốc', 'Đặc sản vùng miền chất lượng', 40000, 'https://down-vn.img.susercontent.com/file/vn-11134207-7r98o-lq9d8ulpfduafe') ON CONFLICT DO NOTHING;
INSERT INTO inventory (inventory_id, product_id, store_id, stock) VALUES (70262, 70220, 7167, 23) ON CONFLICT DO NOTHING;
INSERT INTO products (product_id, name, description, price, image_url) VALUES (70235, 'Gói 03 Quả Nem chua Yên Mạc đặc sản Ninh Bình (Đóng gói hút chân không) - Vườn Đặc Sản', 'Đặc sản vùng miền chất lượng', 125000, 'https://down-vn.img.susercontent.com/file/sg-11134201-22100-93h52k15ntivcc') ON CONFLICT DO NOTHING;
INSERT INTO inventory (inventory_id, product_id, store_id, stock) VALUES (70263, 70235, 7143, 141) ON CONFLICT DO NOTHING;
INSERT INTO products (product_id, name, description, price, image_url) VALUES (70200, '[Ăn là Ghiền] Mít sấy mộc nguyên miếng Giòn Xốp Vị Ngọt Tự Nhiên- Thương hiệu Nam Huy - Đặc sản Đồng Tháp -Kingsmart', 'Đặc sản vùng miền chất lượng', 16500, 'https://down-vn.img.susercontent.com/file/vn-11134207-81ztc-mm1dzjsk0rnl8e') ON CONFLICT DO NOTHING;
INSERT INTO inventory (inventory_id, product_id, store_id, stock) VALUES (70264, 70200, 7065, 148) ON CONFLICT DO NOTHING;
INSERT INTO products (product_id, name, description, price, image_url) VALUES (70236, 'TẾT YÊU THƯƠNG- Kẹo Dồi Lạc- Đặc Sản Làng Nghề Cổ Đường (Loại Ngon) Phiên Bản Đặc Biệt', 'Đặc sản vùng miền chất lượng', 53350, 'https://down-vn.img.susercontent.com/file/vn-11134207-7ras8-m4ajar9hit288d') ON CONFLICT DO NOTHING;
INSERT INTO inventory (inventory_id, product_id, store_id, stock) VALUES (70265, 70236, 7175, 69) ON CONFLICT DO NOTHING;
INSERT INTO products (product_id, name, description, price, image_url) VALUES (70237, 'Đặc  sản  Bến  tre  : Kẹo dừa sữa dứa , Sầu riêng  150g Thanh bình', 'Đặc sản vùng miền chất lượng', 22000, 'https://down-vn.img.susercontent.com/file/vn-11134207-7ras8-m1qci5g74ytv83') ON CONFLICT DO NOTHING;
INSERT INTO inventory (inventory_id, product_id, store_id, stock) VALUES (70266, 70237, 7176, 102) ON CONFLICT DO NOTHING;
INSERT INTO products (product_id, name, description, price, image_url) VALUES (70238, '(10 Cái) Bánh tráng cuộn ruốc tôm Bảy Mập, đặc sản Phan Rang thơm ngon, giòn đặc biệt - An Việt Food', 'Đặc sản vùng miền chất lượng', 38000, 'https://down-vn.img.susercontent.com/file/vn-11134207-7r98o-lu6kaw6hz31bc9') ON CONFLICT DO NOTHING;
INSERT INTO inventory (inventory_id, product_id, store_id, stock) VALUES (70267, 70238, 7177, 86) ON CONFLICT DO NOTHING;
INSERT INTO products (product_id, name, description, price, image_url) VALUES (70239, '[ MUA 1 TẶNG 2 ] Combo 2 Hũ Mực Cán Tẩm Gia Vị Nguyên Miếng (tổng 300g) đặc sản Nha Trang 79Food', 'Đặc sản vùng miền chất lượng', 185000, 'https://down-vn.img.susercontent.com/file/vn-11134207-820l4-mjtcocew1mh344') ON CONFLICT DO NOTHING;
INSERT INTO inventory (inventory_id, product_id, store_id, stock) VALUES (70268, 70239, 7178, 67) ON CONFLICT DO NOTHING;
INSERT INTO products (product_id, name, description, price, image_url) VALUES (70240, 'ĐẶC SẢN BÁNH DẺO (BÁNH LĂN) HAY CÒN GỌI BÁNH DA, BÁNH GÓI QUẢNG NAM', 'Đặc sản vùng miền chất lượng', 49000, 'https://down-vn.img.susercontent.com/file/vn-11134207-7ra0g-m6tagcni0c6991') ON CONFLICT DO NOTHING;
INSERT INTO inventory (inventory_id, product_id, store_id, stock) VALUES (70269, 70240, 7179, 170) ON CONFLICT DO NOTHING;
INSERT INTO products (product_id, name, description, price, image_url) VALUES (70219, 'CƠM RANG (CỐM RANG) ĐẶC SẢN QUẢNG NGÃI', 'Đặc sản vùng miền chất lượng', 17542, 'https://down-vn.img.susercontent.com/file/b88dd48b99a9ae3310b3c6ccc4750ba7') ON CONFLICT DO NOTHING;
INSERT INTO inventory (inventory_id, product_id, store_id, stock) VALUES (70270, 70219, 7166, 138) ON CONFLICT DO NOTHING;
INSERT INTO products (product_id, name, description, price, image_url) VALUES (70241, '10 BÁNH TRÁNG MÈ ĐEN NƯỚNG SẴN MƯỜI THIẾT - ĂN LIỀN - GIÒN RỤM BẮT MIỆNG - ĐẶC SẢN BẾN TRE', 'Đặc sản vùng miền chất lượng', 60000, 'https://down-vn.img.susercontent.com/file/vn-11134207-81ztc-mmukkbe5ebr899') ON CONFLICT DO NOTHING;
INSERT INTO inventory (inventory_id, product_id, store_id, stock) VALUES (70271, 70241, 7180, 24) ON CONFLICT DO NOTHING;
INSERT INTO products (product_id, name, description, price, image_url) VALUES (70242, '[FULL TOPPING]Bánh tráng nướng mắm ruốc CHÀ BÔNG,RUỐC TÉP,HÀNH PHI - Đặc sản Phan Rang - ăn vặt - Tiệm Quê Nhà', 'Đặc sản vùng miền chất lượng', 71250, 'https://down-vn.img.susercontent.com/file/vn-11134207-7r98o-lveexxjfpf1gd0') ON CONFLICT DO NOTHING;
INSERT INTO inventory (inventory_id, product_id, store_id, stock) VALUES (70272, 70242, 7181, 114) ON CONFLICT DO NOTHING;
INSERT INTO products (product_id, name, description, price, image_url) VALUES (70243, 'Bánh Tráng Dừa Non Đặc Sản Nha Trang Béo Thơm Dừa 120 gam và 200g Sài Gòn Đặc Sản', 'Đặc sản vùng miền chất lượng', 38000, 'https://down-vn.img.susercontent.com/file/vn-11134207-7r98o-lvnhnr1zky9l55') ON CONFLICT DO NOTHING;
INSERT INTO inventory (inventory_id, product_id, store_id, stock) VALUES (70273, 70243, 7071, 35) ON CONFLICT DO NOTHING;
INSERT INTO products (product_id, name, description, price, image_url) VALUES (70244, 'Mè Xửng dẻo Sông Hương 400g - Đặc sản Huế', 'Đặc sản vùng miền chất lượng', 32000, 'https://down-vn.img.susercontent.com/file/vn-11134201-820l4-me78jgw1v2me9c') ON CONFLICT DO NOTHING;
INSERT INTO inventory (inventory_id, product_id, store_id, stock) VALUES (70274, 70244, 7182, 129) ON CONFLICT DO NOTHING;
INSERT INTO products (product_id, name, description, price, image_url) VALUES (70245, 'Xoài sấy dẻo tự nhiên 200g - Ngọt mềm không chất bảo quản', 'Đặc sản vùng miền chất lượng', 54000, 'https://down-vn.img.susercontent.com/file/vn-11134207-81ztc-mo0u42mz5amb71') ON CONFLICT DO NOTHING;
INSERT INTO inventory (inventory_id, product_id, store_id, stock) VALUES (70275, 70245, 7183, 71) ON CONFLICT DO NOTHING;
INSERT INTO products (product_id, name, description, price, image_url) VALUES (70246, '[NGON LOẠI 1] 10 Cái Bánh tráng dừa Tam Quan CHÍNH GỐC  - Đặc sản Tam Quan-Bình Định - Hoàng Thiên Foods', 'Đặc sản vùng miền chất lượng', 45000, 'https://down-vn.img.susercontent.com/file/vn-11134207-7r98o-m06vgb06yh9p06') ON CONFLICT DO NOTHING;
INSERT INTO inventory (inventory_id, product_id, store_id, stock) VALUES (70276, 70246, 7184, 117) ON CONFLICT DO NOTHING;
INSERT INTO products (product_id, name, description, price, image_url) VALUES (70247, 'Mắm tép chưng thịt hộp 500g loại đặc biệt (có 20% tôm) siêu ngon chứng nhận ISO sản xuất thủ công đảm bảo vệ sinh ATTP', 'Đặc sản vùng miền chất lượng', 119000, 'https://down-vn.img.susercontent.com/file/vn-11134207-81ztc-mlr0gf0uij9g34') ON CONFLICT DO NOTHING;
INSERT INTO inventory (inventory_id, product_id, store_id, stock) VALUES (70277, 70247, 7185, 107) ON CONFLICT DO NOTHING;
INSERT INTO products (product_id, name, description, price, image_url) VALUES (70154, 'khoai môn cọng sấy mắm hành - Đặc Sản Đà Lạt, An Đà Lạt Farm', 'Đặc sản vùng miền chất lượng', 50000, 'https://down-vn.img.susercontent.com/file/vn-11134207-81ztc-mnwngzgqk07890') ON CONFLICT DO NOTHING;
INSERT INTO inventory (inventory_id, product_id, store_id, stock) VALUES (70278, 70154, 7124, 20) ON CONFLICT DO NOTHING;
INSERT INTO products (product_id, name, description, price, image_url) VALUES (70248, 'bánh khảo dẻo đặc sản Hà thành', 'Đặc sản vùng miền chất lượng', 18999, 'https://down-vn.img.susercontent.com/file/vn-11134207-7ras8-m2z6cnosnapydf') ON CONFLICT DO NOTHING;
INSERT INTO inventory (inventory_id, product_id, store_id, stock) VALUES (70279, 70248, 7040, 180) ON CONFLICT DO NOTHING;
INSERT INTO products (product_id, name, description, price, image_url) VALUES (70249, '[TRUYỀN THỐNG] Kẹo Mạch Nha DỪA Chuẩn Bình Định Siêu Ngon - Đặc Sản Xứ Quê', 'Đặc sản vùng miền chất lượng', 20000, 'https://down-vn.img.susercontent.com/file/vn-11134207-7r98o-m0a2wwlmc973ef') ON CONFLICT DO NOTHING;
INSERT INTO inventory (inventory_id, product_id, store_id, stock) VALUES (70280, 70249, 7057, 181) ON CONFLICT DO NOTHING;
INSERT INTO products (product_id, name, description, price, image_url) VALUES (70213, '5 gói Mè xửng giòn Thiên Hương gói đỏ 160g,đặc sản Huế, date luôn mới', 'Đặc sản vùng miền chất lượng', 27900, 'https://down-vn.img.susercontent.com/file/vn-11134207-7r98o-lv4dsf727htl37') ON CONFLICT DO NOTHING;
INSERT INTO inventory (inventory_id, product_id, store_id, stock) VALUES (70281, 70213, 7162, 150) ON CONFLICT DO NOTHING;
INSERT INTO products (product_id, name, description, price, image_url) VALUES (70250, 'Cơm cháy nếp siêu ruốc 300g Ninh Bình Vàng Đại Long loại ĐẶC BIỆT ngon - Vườn Đặc Sản', 'Đặc sản vùng miền chất lượng', 65000, 'https://down-vn.img.susercontent.com/file/vn-11134207-7ra0g-m7nxcdosa4oj46') ON CONFLICT DO NOTHING;
INSERT INTO inventory (inventory_id, product_id, store_id, stock) VALUES (70282, 70250, 7143, 197) ON CONFLICT DO NOTHING;
INSERT INTO products (product_id, name, description, price, image_url) VALUES (70251, 'FREESHIP- Bánh cáy Làng nguyễn Thái Bình Ít Đường - Đặc sản Thái Bình hộp 450g', 'Đặc sản vùng miền chất lượng', 59000, 'https://down-vn.img.susercontent.com/file/vn-11134207-820l4-mgm3j91g1dsa3d') ON CONFLICT DO NOTHING;
INSERT INTO inventory (inventory_id, product_id, store_id, stock) VALUES (70283, 70251, 7149, 175) ON CONFLICT DO NOTHING;
INSERT INTO products (product_id, name, description, price, image_url) VALUES (70252, 'Ruốc Tôm, ruốc bề bề, ruốc hàu, ruốc cá hồi, cá thu, nấm, Chà Bông đặc sản Quảng Ninh HaiSanVungVinh', 'Đặc sản vùng miền chất lượng', 78000, 'https://down-vn.img.susercontent.com/file/vn-11134207-7qukw-ljoyuka5f1fm8f') ON CONFLICT DO NOTHING;
INSERT INTO inventory (inventory_id, product_id, store_id, stock) VALUES (70284, 70252, 7186, 60) ON CONFLICT DO NOTHING;
INSERT INTO products (product_id, name, description, price, image_url) VALUES (70217, 'Combo Ô Mai Tự Chọn Ăn Vặt Vị Chua Cay Ngon Ngọt Hũ 200g - Ô MAI MÊ omaime', 'Đặc sản vùng miền chất lượng', 32000, 'https://down-vn.img.susercontent.com/file/vn-11134207-7ras8-mbrz87p8ke42c6') ON CONFLICT DO NOTHING;
INSERT INTO inventory (inventory_id, product_id, store_id, stock) VALUES (70285, 70217, 7013, 136) ON CONFLICT DO NOTHING;
INSERT INTO products (product_id, name, description, price, image_url) VALUES (70253, 'Bánh Tráng Quế Đồ Ăn Vặt, Đặc Sản Pác Bó Cao Bằng Bánh Quế Thơm Ngon Giòn 300gram', 'Đặc sản vùng miền chất lượng', 47200, 'https://down-vn.img.susercontent.com/file/vn-11134207-7ras8-m2uv6953du4a35') ON CONFLICT DO NOTHING;
INSERT INTO inventory (inventory_id, product_id, store_id, stock) VALUES (70286, 70253, 7187, 70) ON CONFLICT DO NOTHING;
INSERT INTO products (product_id, name, description, price, image_url) VALUES (70254, '300g Mực Rim Sa Tế, Rim Me - Đặc Sản Nha Trang', 'Đặc sản vùng miền chất lượng', 96000, 'https://down-vn.img.susercontent.com/file/vn-11134207-7r98o-lylrjcdf3uq527') ON CONFLICT DO NOTHING;
INSERT INTO inventory (inventory_id, product_id, store_id, stock) VALUES (70287, 70254, 7025, 103) ON CONFLICT DO NOTHING;
INSERT INTO products (product_id, name, description, price, image_url) VALUES (70255, 'Mực hấp nước dừa xé sợi 1KG đồ ăn vặt ngon giá rẻ Đệ Nhất Khô Đặc Sản Phan Thiết AV01', 'Đặc sản vùng miền chất lượng', 111360, 'https://down-vn.img.susercontent.com/file/vn-11134207-7r98o-lwvoswtfz3yza0') ON CONFLICT DO NOTHING;
INSERT INTO inventory (inventory_id, product_id, store_id, stock) VALUES (70288, 70255, 7136, 84) ON CONFLICT DO NOTHING;
INSERT INTO products (product_id, name, description, price, image_url) VALUES (70256, 'Cá Thiều Nướng Ăn Liền Thuý Đặc Sản Đà Nẵng Thơm Ngon Hấp Dẫn Làm Quà', 'Đặc sản vùng miền chất lượng', 62000, 'https://down-vn.img.susercontent.com/file/vn-11134207-7qukw-ljdqhisu86j005') ON CONFLICT DO NOTHING;
INSERT INTO inventory (inventory_id, product_id, store_id, stock) VALUES (70289, 70256, 7080, 136) ON CONFLICT DO NOTHING;
INSERT INTO products (product_id, name, description, price, image_url) VALUES (70257, 'Bánh Đá Đặc Sản Cao Nguyên Đá Hà Giang - Lotso Candy', 'Đặc sản vùng miền chất lượng', 55500, 'https://down-vn.img.susercontent.com/file/sg-11134201-7rdvw-lyff0eklqu762a') ON CONFLICT DO NOTHING;
INSERT INTO inventory (inventory_id, product_id, store_id, stock) VALUES (70290, 70257, 7188, 200) ON CONFLICT DO NOTHING;
INSERT INTO products (product_id, name, description, price, image_url) VALUES (70258, 'Cá chỉ vàng rim [Có hồ sơ công bố- hóa đơn VAT]', 'Đặc sản vùng miền chất lượng', 163000, 'https://down-vn.img.susercontent.com/file/vn-11134207-81ztc-mme4wrhg4pvle8') ON CONFLICT DO NOTHING;
INSERT INTO inventory (inventory_id, product_id, store_id, stock) VALUES (70291, 70258, 7189, 179) ON CONFLICT DO NOTHING;
INSERT INTO products (product_id, name, description, price, image_url) VALUES (70259, 'LẠP XƯỞNG THỊT HEO KHÔ Đặc Sản Sóc Trăng Loại Đặc Biệt ATVSTP Cây Dài Dễ Chế Biến', 'Đặc sản vùng miền chất lượng', 83600, 'https://down-vn.img.susercontent.com/file/vn-11134207-7ras8-m0mgm6hyxitrff') ON CONFLICT DO NOTHING;
INSERT INTO inventory (inventory_id, product_id, store_id, stock) VALUES (70292, 70259, 7165, 167) ON CONFLICT DO NOTHING;
INSERT INTO products (product_id, name, description, price, image_url) VALUES (70260, 'Bánh dừa sấy, 150g/hộp, đặc sản Phú Yên - Lê Hằng Gifts', 'Đặc sản vùng miền chất lượng', 155000, 'https://down-vn.img.susercontent.com/file/vn-11134207-7ras8-mb24ecejgmgxb0') ON CONFLICT DO NOTHING;
INSERT INTO inventory (inventory_id, product_id, store_id, stock) VALUES (70293, 70260, 7190, 46) ON CONFLICT DO NOTHING;
INSERT INTO products (product_id, name, description, price, image_url) VALUES (70261, '[Loại 1] Bánh Tráng Dừa Non - Đặc Sản Nha Trang Bánh Lớn, Thơm Ngon, Giòn Rụm', 'Đặc sản vùng miền chất lượng', 18900, 'https://down-vn.img.susercontent.com/file/vn-11134207-7r98o-lyozgoaz75i98c') ON CONFLICT DO NOTHING;
INSERT INTO inventory (inventory_id, product_id, store_id, stock) VALUES (70294, 70261, 7141, 43) ON CONFLICT DO NOTHING;
INSERT INTO products (product_id, name, description, price, image_url) VALUES (70262, 'Bánh Phồng Sữa Dừa Sầu Riêng Nhơn Hoàng -  Đặc Sản Miền Tây Vietfuco', 'Đặc sản vùng miền chất lượng', 30000, 'https://down-vn.img.susercontent.com/file/vn-11134207-7ras8-mbpflxn7c2c517') ON CONFLICT DO NOTHING;
INSERT INTO inventory (inventory_id, product_id, store_id, stock) VALUES (70295, 70262, 7191, 173) ON CONFLICT DO NOTHING;
INSERT INTO products (product_id, name, description, price, image_url) VALUES (70263, 'Bánh Tráng Dẻo Tôm 500g Loại Ngon💖TIGER FOOD💖 Bánh Tráng Ăn Liền Đặc Sản Tây Ninh 07 Vị độc quyền  - snack đồ ăn vặt', 'Đặc sản vùng miền chất lượng', 67800, 'https://down-vn.img.susercontent.com/file/vn-11134207-820l4-mggpqv6rt6a23c') ON CONFLICT DO NOTHING;
INSERT INTO inventory (inventory_id, product_id, store_id, stock) VALUES (70296, 70263, 7192, 129) ON CONFLICT DO NOTHING;
INSERT INTO products (product_id, name, description, price, image_url) VALUES (70264, 'Bánh cốm sữa Tài Ký-Đặc sản Trà Vinh 220g', 'Đặc sản vùng miền chất lượng', 27000, 'https://down-vn.img.susercontent.com/file/vn-11134207-7r98o-lzzsa1u9uaox5b') ON CONFLICT DO NOTHING;
INSERT INTO inventory (inventory_id, product_id, store_id, stock) VALUES (70297, 70264, 7193, 95) ON CONFLICT DO NOTHING;
INSERT INTO products (product_id, name, description, price, image_url) VALUES (70265, 'Bich 5 Chiếc Bánh Đa Khô Bò- Đặc Sản Đà Lạt Siêu Ngon- Siêu Giòn', 'Đặc sản vùng miền chất lượng', 32000, 'https://down-vn.img.susercontent.com/file/vn-11134207-7ra0g-m92gxgil9v8ud6') ON CONFLICT DO NOTHING;
INSERT INTO inventory (inventory_id, product_id, store_id, stock) VALUES (70298, 70265, 7194, 100) ON CONFLICT DO NOTHING;
INSERT INTO products (product_id, name, description, price, image_url) VALUES (70266, 'Cá Chỉ Vàng Rim Gia Vị Măn Ngọt - Đồ ăn Sẵn hấp dẫn mỏi lứa tuổi 200/300gram', 'Đặc sản vùng miền chất lượng', 66000, 'https://down-vn.img.susercontent.com/file/vn-11134207-7ras8-mbhtgfpspwnbe4') ON CONFLICT DO NOTHING;
INSERT INTO inventory (inventory_id, product_id, store_id, stock) VALUES (70299, 70266, 7068, 132) ON CONFLICT DO NOTHING;
INSERT INTO products (product_id, name, description, price, image_url) VALUES (70267, 'Cơm cháy mắm hành bếp chè thái - cơm cháy đáy nồi ngon giòn rụm - túi 200gr/500gr chai sốt gỏi thái', 'Đặc sản vùng miền chất lượng', 99000, 'https://down-vn.img.susercontent.com/file/vn-11134207-7ra0g-ma5osrrn26pv4a') ON CONFLICT DO NOTHING;
INSERT INTO inventory (inventory_id, product_id, store_id, stock) VALUES (70300, 70267, 7195, 59) ON CONFLICT DO NOTHING;
INSERT INTO products (product_id, name, description, price, image_url) VALUES (70268, 'Bánh tráng dẻo đặc sản Tây Ninh!Đồ ăn vặt!!', 'Đặc sản vùng miền chất lượng', 34650, 'https://down-vn.img.susercontent.com/file/9f946c1bedb0c1f196437f09c616868b') ON CONFLICT DO NOTHING;
INSERT INTO inventory (inventory_id, product_id, store_id, stock) VALUES (70301, 70268, 7196, 132) ON CONFLICT DO NOTHING;
INSERT INTO products (product_id, name, description, price, image_url) VALUES (70269, 'Bánh Tráng Sữa Dừa, thơm dẻo, đặc sản Bến Tre', 'Đặc sản vùng miền chất lượng', 21500, 'https://down-vn.img.susercontent.com/file/vn-11134207-81ztc-mniy3418k64he5') ON CONFLICT DO NOTHING;
INSERT INTO inventory (inventory_id, product_id, store_id, stock) VALUES (70302, 70269, 7197, 169) ON CONFLICT DO NOTHING;
INSERT INTO products (product_id, name, description, price, image_url) VALUES (70214, 'Mít Sấy Dẻo Nguyên Vị Tự Nhiên Ngon Ngọt Mùi Mít Tốt Cho Sức Khỏe Đặc Sản Trái Cây Sấy The Măng Đen', 'Đặc sản vùng miền chất lượng', 58000, 'https://down-vn.img.susercontent.com/file/vn-11134207-7ras8-mbqdqyksb8ge62') ON CONFLICT DO NOTHING;
INSERT INTO inventory (inventory_id, product_id, store_id, stock) VALUES (70303, 70214, 7114, 191) ON CONFLICT DO NOTHING;
INSERT INTO products (product_id, name, description, price, image_url) VALUES (70270, 'CÁ THIỀU QUE Tẩm Vị Ăn Liền - Khô Cá Thiều - Đặc Sản Nha Trang', 'Đặc sản vùng miền chất lượng', 91000, 'https://down-vn.img.susercontent.com/file/vn-11134207-820l4-mhq0m055tpmp2d') ON CONFLICT DO NOTHING;
INSERT INTO inventory (inventory_id, product_id, store_id, stock) VALUES (70304, 70270, 7198, 155) ON CONFLICT DO NOTHING;
INSERT INTO products (product_id, name, description, price, image_url) VALUES (70108, 'Kẹo dừa SÁP Bến Tre, kẹo dừa VICOSAP đặc sản Bến Tre chính gốc', 'Đặc sản vùng miền chất lượng', 62400, 'https://down-vn.img.susercontent.com/file/vn-11134207-820l4-mja4arlrllok95') ON CONFLICT DO NOTHING;
INSERT INTO inventory (inventory_id, product_id, store_id, stock) VALUES (70305, 70108, 7094, 96) ON CONFLICT DO NOTHING;
INSERT INTO products (product_id, name, description, price, image_url) VALUES (70271, 'Chùm ruột sấy chanh muối Lon 500gr [FREE SHIP] TỪ ĐƠN 50K, [Loại Đặc Biệt] Hàng ngon nhà làm', 'Đặc sản vùng miền chất lượng', 80000, 'https://down-vn.img.susercontent.com/file/vn-11134201-23020-p9hainuzxunvd7') ON CONFLICT DO NOTHING;
INSERT INTO inventory (inventory_id, product_id, store_id, stock) VALUES (70306, 70271, 7082, 82) ON CONFLICT DO NOTHING;
INSERT INTO products (product_id, name, description, price, image_url) VALUES (70272, 'Chuối Sấy Mè Gừng Thơm Ngon Giòn Tan, Chuối Sấy Mè Gừng Đặc Biệt, Đồ Ăn Vặt Nhà Mầm.', 'Đặc sản vùng miền chất lượng', 24000, 'https://down-vn.img.susercontent.com/file/vn-11134207-7r98o-ltb2hsuv4m8p7b') ON CONFLICT DO NOTHING;
INSERT INTO inventory (inventory_id, product_id, store_id, stock) VALUES (70307, 70272, 7079, 20) ON CONFLICT DO NOTHING;
INSERT INTO products (product_id, name, description, price, image_url) VALUES (70273, '[COMBO] 5 Hộp Bánh khô mè Bà Ly ít đường 250g – Ngọt nhẹ và giòn tan - Đặc sản Quảng Nam Đà Nẵng', 'Đặc sản vùng miền chất lượng', 53460, 'https://down-vn.img.susercontent.com/file/vn-11134207-7ra0g-m6dq256q1ghk55') ON CONFLICT DO NOTHING;
INSERT INTO inventory (inventory_id, product_id, store_id, stock) VALUES (70308, 70273, 7199, 127) ON CONFLICT DO NOTHING;
INSERT INTO products (product_id, name, description, price, image_url) VALUES (70274, 'Bánh Đa Tôm Đặc Biệt (CHƯA NƯỚNG) - Đặc Sản Tây Ninh Siêu Ngon, Bánh Đa Tôm Ớt Loại 1, Thơm Béo', 'Đặc sản vùng miền chất lượng', 39500, 'https://down-vn.img.susercontent.com/file/vn-11134207-81ztc-mn7bom0ve87ca4') ON CONFLICT DO NOTHING;
INSERT INTO inventory (inventory_id, product_id, store_id, stock) VALUES (70309, 70274, 7200, 134) ON CONFLICT DO NOTHING;
INSERT INTO products (product_id, name, description, price, image_url) VALUES (70226, '500g Vải Thiều Sấy Lục Ngạn – Đặc Sản Bắc Giang, Trái Cây Sấy Dẻo Tự Nhiên, Ngon Bổ Dưỡng', 'Đặc sản vùng miền chất lượng', 63564, 'https://down-vn.img.susercontent.com/file/vn-11134207-820l4-mdzlzh0hdds3a1') ON CONFLICT DO NOTHING;
INSERT INTO inventory (inventory_id, product_id, store_id, stock) VALUES (70310, 70226, 7170, 170) ON CONFLICT DO NOTHING;
INSERT INTO products (product_id, name, description, price, image_url) VALUES (70227, '300G Vải Thiều Sấy Lục Ngạn giá tốt– Đặc Sản Bắc Giang, Trái Cây Sấy Dẻo Tự Nhiên, Ngon Bổ Dưỡng', 'Đặc sản vùng miền chất lượng', 53000, 'https://down-vn.img.susercontent.com/file/vn-11134207-820l4-mdzlzh0hdds3a1') ON CONFLICT DO NOTHING;
INSERT INTO inventory (inventory_id, product_id, store_id, stock) VALUES (70311, 70227, 7170, 31) ON CONFLICT DO NOTHING;
INSERT INTO products (product_id, name, description, price, image_url) VALUES (70228, 'Cà Phê Chồn | Rang Mộc Nguyên Chất, Hạt & Bột – Đặc Sản Cao Cấp Việt Nam', 'Đặc sản vùng miền chất lượng', 74000, 'https://down-vn.img.susercontent.com/file/vn-11134207-81ztc-mnf59ha9yl1ib2') ON CONFLICT DO NOTHING;
INSERT INTO inventory (inventory_id, product_id, store_id, stock) VALUES (70312, 70228, 7170, 142) ON CONFLICT DO NOTHING;
INSERT INTO products (product_id, name, description, price, image_url) VALUES (70275, 'Cơm cháy gạo nếp nương - không cay (Sản phẩm đạt OCOP 3 sao) - Đặc sản Chợ Đồn', 'Đặc sản vùng miền chất lượng', 35000, 'https://down-vn.img.susercontent.com/file/vn-11134207-7r98o-lytkxg1n54jxcf') ON CONFLICT DO NOTHING;
INSERT INTO inventory (inventory_id, product_id, store_id, stock) VALUES (70313, 70275, 7201, 151) ON CONFLICT DO NOTHING;
INSERT INTO products (product_id, name, description, price, image_url) VALUES (70276, 'combo 5 miếng Cơm cháy nếp chiên chà bông Phúc Thịnh ngon giòn rụm loại lớn', 'Đặc sản vùng miền chất lượng', 22000, 'https://down-vn.img.susercontent.com/file/vn-11134207-820l4-mgkf1lhqa3uy86') ON CONFLICT DO NOTHING;
INSERT INTO inventory (inventory_id, product_id, store_id, stock) VALUES (70314, 70276, 7174, 139) ON CONFLICT DO NOTHING;
INSERT INTO products (product_id, name, description, price, image_url) VALUES (70277, 'MỰC RIM ME - 500 GRAM - ĐẶC SẢN NHA TRANG', 'Đặc sản vùng miền chất lượng', 46000, 'https://down-vn.img.susercontent.com/file/vn-11134207-7r98o-lllwrvm4ypfzf8') ON CONFLICT DO NOTHING;
INSERT INTO inventory (inventory_id, product_id, store_id, stock) VALUES (70315, 70277, 7202, 85) ON CONFLICT DO NOTHING;
INSERT INTO products (product_id, name, description, price, image_url) VALUES (70278, 'Combo 60 Gói Snack Sườn Dê Nướng Hằng Đại, Sườn Nướng Mini, Ăn Vặt Tuổi Thơ, Đồ Ăn Vặt Nhà Mầm.', 'Đặc sản vùng miền chất lượng', 22000, 'https://down-vn.img.susercontent.com/file/vn-11134207-7r98o-ltfezajtjz7x9a') ON CONFLICT DO NOTHING;
INSERT INTO inventory (inventory_id, product_id, store_id, stock) VALUES (70316, 70278, 7079, 96) ON CONFLICT DO NOTHING;
INSERT INTO products (product_id, name, description, price, image_url) VALUES (70279, 'Khoai lang mật sấy dẻo nguyên củ, không đường, hỗ trợ giảm cân, đặc sản Đà Lạt - Carrot House', 'Đặc sản vùng miền chất lượng', 90000, 'https://down-vn.img.susercontent.com/file/vn-11134207-7r98o-lzn8mng3nsf584') ON CONFLICT DO NOTHING;
INSERT INTO inventory (inventory_id, product_id, store_id, stock) VALUES (70317, 70279, 7203, 133) ON CONFLICT DO NOTHING;
INSERT INTO products (product_id, name, description, price, image_url) VALUES (70280, 'Ô mai xí muội chanh muối chua mặn ngọt Phan Huệ hộp 100g 300g 500g giảm ho rát họng đặc sản Hà Nội', 'Đặc sản vùng miền chất lượng', 32900, 'https://down-vn.img.susercontent.com/file/vn-11134207-820l4-mgricia54porf3') ON CONFLICT DO NOTHING;
INSERT INTO inventory (inventory_id, product_id, store_id, stock) VALUES (70318, 70280, 7204, 198) ON CONFLICT DO NOTHING;
INSERT INTO products (product_id, name, description, price, image_url) VALUES (70281, 'Bò miếng Hằng Đại cay cay, đồ ăn vặt giá rẻ (gói~40 miếng), Tăm cay tuổi thơ, đồ ăn vặt', 'Đặc sản vùng miền chất lượng', 22500, 'https://down-vn.img.susercontent.com/file/sg-11134253-824hu-mf1mhbbxr2197e') ON CONFLICT DO NOTHING;
INSERT INTO inventory (inventory_id, product_id, store_id, stock) VALUES (70319, 70281, 7205, 147) ON CONFLICT DO NOTHING;
INSERT INTO products (product_id, name, description, price, image_url) VALUES (70282, 'Hạt đác tươi dẻo ngon 1kg/2kg, tự nhiên không chất bảo quản', 'Đặc sản vùng miền chất lượng', 70000, 'https://down-vn.img.susercontent.com/file/sg-11134253-822wx-mi1i9godr0g5e6') ON CONFLICT DO NOTHING;
INSERT INTO inventory (inventory_id, product_id, store_id, stock) VALUES (70320, 70282, 7206, 70) ON CONFLICT DO NOTHING;
INSERT INTO products (product_id, name, description, price, image_url) VALUES (70283, 'Ngô giòn xóc mắm cay giòn ngon đậm vị 5g 250g 500g 1kg', 'Đặc sản vùng miền chất lượng', 25000, 'https://down-vn.img.susercontent.com/file/b4436f3c741497e4bfbd4ce2934d569a') ON CONFLICT DO NOTHING;
INSERT INTO inventory (inventory_id, product_id, store_id, stock) VALUES (70321, 70283, 7194, 48) ON CONFLICT DO NOTHING;
INSERT INTO products (product_id, name, description, price, image_url) VALUES (70034, 'Combo 3Vị Chè Lam1.5kg đồ ăn vặt snack ngon bổ rẻ vị mật, nếp, gấc thơm ngon Kẹo đặc sản bắc giang', 'Đặc sản vùng miền chất lượng', 315, 'https://down-vn.img.susercontent.com/file/vn-11134207-7r98o-ltczyx2u37wkf6') ON CONFLICT DO NOTHING;
INSERT INTO inventory (inventory_id, product_id, store_id, stock) VALUES (70322, 70034, 7031, 92) ON CONFLICT DO NOTHING;
INSERT INTO products (product_id, name, description, price, image_url) VALUES (70027, 'Mực Rim Sa tế - Mực Rim Sốt Me ( Rim Me ) Đặc sản Nha Trang 300/500G', 'Đặc sản vùng miền chất lượng', 95000, 'https://down-vn.img.susercontent.com/file/vn-11134207-7r98o-lyrcwus6yb3571') ON CONFLICT DO NOTHING;
INSERT INTO inventory (inventory_id, product_id, store_id, stock) VALUES (70323, 70027, 7025, 146) ON CONFLICT DO NOTHING;
INSERT INTO products (product_id, name, description, price, image_url) VALUES (70284, 'Cá cơm sông Sê San ăn liền Đặc sản Minh Hương 250g', 'Đặc sản vùng miền chất lượng', 140000, 'https://down-vn.img.susercontent.com/file/vn-11134207-81ztc-ml1od7x31szk37') ON CONFLICT DO NOTHING;
INSERT INTO inventory (inventory_id, product_id, store_id, stock) VALUES (70324, 70284, 7207, 145) ON CONFLICT DO NOTHING;
INSERT INTO products (product_id, name, description, price, image_url) VALUES (70285, 'Nho khô đặc sản Tân Cương chính hãng, loại không cần rửa, nho khô đỏ Xiangfei cao cấp, đóng hộp, trọng lượng tịnh.500g Đ', 'Đặc sản vùng miền chất lượng', 758327, 'https://down-vn.img.susercontent.com/file/vn-11134201-81ztc-mnwtvmz0wzk1d7') ON CONFLICT DO NOTHING;
INSERT INTO inventory (inventory_id, product_id, store_id, stock) VALUES (70325, 70285, 7130, 191) ON CONFLICT DO NOTHING;
INSERT INTO products (product_id, name, description, price, image_url) VALUES (70286, 'Bánh rế, bịch gồm 10 cái, Đặc sản Phan Thiết', 'Đặc sản vùng miền chất lượng', 33500, 'https://down-vn.img.susercontent.com/file/vn-11134207-7r98o-lmeuetjfbd27a6') ON CONFLICT DO NOTHING;
INSERT INTO inventory (inventory_id, product_id, store_id, stock) VALUES (70326, 70286, 7208, 54) ON CONFLICT DO NOTHING;
INSERT INTO products (product_id, name, description, price, image_url) VALUES (70287, 'Kẹo lạc hồng Tiên Yên, đặc sản Quảng Ninh, hộp giấy 200g', 'Đặc sản vùng miền chất lượng', 65000, 'https://down-vn.img.susercontent.com/file/b2fc00a5b21af84f171775cd9a2d266e') ON CONFLICT DO NOTHING;
INSERT INTO inventory (inventory_id, product_id, store_id, stock) VALUES (70327, 70287, 7209, 99) ON CONFLICT DO NOTHING;
INSERT INTO products (product_id, name, description, price, image_url) VALUES (70212, 'Hoa quả sấy khô thập cẩm MIDIFARM, gạo lứt rong biển, rau củ sấy đặc sản đà lạt', 'Đặc sản vùng miền chất lượng', 38000, 'https://down-vn.img.susercontent.com/file/vn-11134207-820l4-mgm15accyyoc45') ON CONFLICT DO NOTHING;
INSERT INTO inventory (inventory_id, product_id, store_id, stock) VALUES (70328, 70212, 7077, 51) ON CONFLICT DO NOTHING;
INSERT INTO products (product_id, name, description, price, image_url) VALUES (70288, 'Bánh Tráng Chuối Nướng - Đặc Sản Nha Trang SaviFood', 'Đặc sản vùng miền chất lượng', 36000, 'https://down-vn.img.susercontent.com/file/vn-11134207-7ra0g-m8yy3ewc4ozr25') ON CONFLICT DO NOTHING;
INSERT INTO inventory (inventory_id, product_id, store_id, stock) VALUES (70329, 70288, 7210, 85) ON CONFLICT DO NOTHING;
INSERT INTO products (product_id, name, description, price, image_url) VALUES (70289, '1 cây BÁNH LĂN ĐẶC SẢN QUẢNG NAM DATE MỚI', 'Đặc sản vùng miền chất lượng', 49000, 'https://down-vn.img.susercontent.com/file/vn-11134207-7r98o-ludbbwoxa0b55e') ON CONFLICT DO NOTHING;
INSERT INTO inventory (inventory_id, product_id, store_id, stock) VALUES (70330, 70289, 7179, 183) ON CONFLICT DO NOTHING;
INSERT INTO products (product_id, name, description, price, image_url) VALUES (70290, 'Bánh Rang Gia Truyền - Đặc sản Cát Thành - Nam Định 500gr', 'Đặc sản vùng miền chất lượng', 149000, 'https://down-vn.img.susercontent.com/file/vn-11134207-820l4-mipouffszlkx35') ON CONFLICT DO NOTHING;
INSERT INTO inventory (inventory_id, product_id, store_id, stock) VALUES (70331, 70290, 7171, 27) ON CONFLICT DO NOTHING;
INSERT INTO products (product_id, name, description, price, image_url) VALUES (70291, '[Hai Chị Em] Cá đét sấy giòn, cá đét rim 180g – Đặc sản Đà Nẵng thơm ngon, ăn liền tiện lợi', 'Đặc sản vùng miền chất lượng', 100000, 'https://down-vn.img.susercontent.com/file/vn-11134207-81ztc-mnu9thh1xy4j40') ON CONFLICT DO NOTHING;
INSERT INTO inventory (inventory_id, product_id, store_id, stock) VALUES (70332, 70291, 7211, 101) ON CONFLICT DO NOTHING;
INSERT INTO products (product_id, name, description, price, image_url) VALUES (70209, '[Túi 250g] Cơm cháy chà bông Nếp Hương, cơm cháy siêu ruốc Đại Long Ninh Bình Vàng cao cấp đặc biệt ngon - Vườn Đặc Sản', 'Đặc sản vùng miền chất lượng', 45000, 'https://down-vn.img.susercontent.com/file/vn-11134207-7ras8-m0cmex4aevot87') ON CONFLICT DO NOTHING;
INSERT INTO inventory (inventory_id, product_id, store_id, stock) VALUES (70333, 70209, 7143, 22) ON CONFLICT DO NOTHING;
INSERT INTO products (product_id, name, description, price, image_url) VALUES (70292, '[ĐẶC SẢN NAM ĐỊNH] Kẹo lạc vừng - Sìu Châu, matcha Nam Định Tiến Thành', 'Đặc sản vùng miền chất lượng', 37000, 'https://down-vn.img.susercontent.com/file/vn-11134207-7ras8-m3dm7xfbarkxc7') ON CONFLICT DO NOTHING;
INSERT INTO inventory (inventory_id, product_id, store_id, stock) VALUES (70334, 70292, 7212, 129) ON CONFLICT DO NOTHING;
INSERT INTO products (product_id, name, description, price, image_url) VALUES (70293, 'Me Trộn Muối Ớt Chua Mặn Ngọt Hạt Khô Ráo Hủ 500gr Đặc Sản Châu Đốc Trí Vân TV77', 'Đặc sản vùng miền chất lượng', 119904, 'https://down-vn.img.susercontent.com/file/vn-11134207-7ras8-m1r72d5e0ypr8c') ON CONFLICT DO NOTHING;
INSERT INTO inventory (inventory_id, product_id, store_id, stock) VALUES (70335, 70293, 7213, 194) ON CONFLICT DO NOTHING;
INSERT INTO products (product_id, name, description, price, image_url) VALUES (70294, 'rau củ quả sấy Đà Lạt sấy giòn - đặc Sản Đà Lạt', 'Đặc sản vùng miền chất lượng', 35000, 'https://down-vn.img.susercontent.com/file/vn-11134207-81ztc-mnwc3pmhgrgja7') ON CONFLICT DO NOTHING;
INSERT INTO inventory (inventory_id, product_id, store_id, stock) VALUES (70336, 70294, 7151, 194) ON CONFLICT DO NOTHING;
INSERT INTO products (product_id, name, description, price, image_url) VALUES (70295, 'Kẹo chuối gân VICOSAP nguyên chất kẹo dẻo mềm ít đường đặc sản Trà Vinh túi 500g', 'Đặc sản vùng miền chất lượng', 89110, 'https://down-vn.img.susercontent.com/file/vn-11134207-81ztc-ml66em4pt9tw1a') ON CONFLICT DO NOTHING;
INSERT INTO inventory (inventory_id, product_id, store_id, stock) VALUES (70337, 70295, 7163, 114) ON CONFLICT DO NOTHING;
INSERT INTO products (product_id, name, description, price, image_url) VALUES (70296, 'Bánh ram/ vòng- Gói lớn - Đặc sản Quảng Trị', 'Đặc sản vùng miền chất lượng', 39500, 'https://down-vn.img.susercontent.com/file/vn-11134207-7r98o-llf0znowsjpk29') ON CONFLICT DO NOTHING;
INSERT INTO inventory (inventory_id, product_id, store_id, stock) VALUES (70338, 70296, 7214, 71) ON CONFLICT DO NOTHING;
INSERT INTO products (product_id, name, description, price, image_url) VALUES (70297, '(LOẠI 1) Me Rim Muối Ớt Dẻo Ngon - Chua Cay Mặn Ngọt - Hàng Mới Mỗi Ngày', 'Đặc sản vùng miền chất lượng', 70000, 'https://down-vn.img.susercontent.com/file/vn-11134207-820l4-mettqhl5jhfm22') ON CONFLICT DO NOTHING;
INSERT INTO inventory (inventory_id, product_id, store_id, stock) VALUES (70339, 70297, 7215, 163) ON CONFLICT DO NOTHING;
INSERT INTO products (product_id, name, description, price, image_url) VALUES (70298, 'Ô mai xí muội mận khía dẻo chua ngọt Phan Huệ hộp 100g 300g 500g đặc sản Hà Nội', 'Đặc sản vùng miền chất lượng', 33000, 'https://down-vn.img.susercontent.com/file/vn-11134207-820l4-mh02bedn9afiff') ON CONFLICT DO NOTHING;
INSERT INTO inventory (inventory_id, product_id, store_id, stock) VALUES (70340, 70298, 7204, 79) ON CONFLICT DO NOTHING;
INSERT INTO products (product_id, name, description, price, image_url) VALUES (70243, 'Bánh Tráng Dừa Non Đặc Sản Nha Trang Béo Thơm Dừa 120 gam và 200g Sài Gòn Đặc Sản', 'Đặc sản vùng miền chất lượng', 38000, 'https://down-vn.img.susercontent.com/file/vn-11134207-7r98o-lvnhnr1zky9l55') ON CONFLICT DO NOTHING;
INSERT INTO inventory (inventory_id, product_id, store_id, stock) VALUES (70341, 70243, 7071, 54) ON CONFLICT DO NOTHING;
INSERT INTO products (product_id, name, description, price, image_url) VALUES (70274, 'Bánh Đa Tôm Đặc Biệt (CHƯA NƯỚNG) - Đặc Sản Tây Ninh Siêu Ngon, Bánh Đa Tôm Ớt Loại 1, Thơm Béo', 'Đặc sản vùng miền chất lượng', 39500, 'https://down-vn.img.susercontent.com/file/vn-11134207-81ztc-mn7bom0ve87ca4') ON CONFLICT DO NOTHING;
INSERT INTO inventory (inventory_id, product_id, store_id, stock) VALUES (70342, 70274, 7200, 81) ON CONFLICT DO NOTHING;
INSERT INTO products (product_id, name, description, price, image_url) VALUES (70299, 'Trái Cây Ăn Vặt Nam Xanh, Chuối Điều Cuộn, Đặc Sản Việt Nam, Nguyên Liệu Tự Nhiên, Dùng Kèm Trà', 'Đặc sản vùng miền chất lượng', 56000, 'https://down-vn.img.susercontent.com/file/vn-11134207-7ra0g-m6hw60nf1vegd9') ON CONFLICT DO NOTHING;
INSERT INTO inventory (inventory_id, product_id, store_id, stock) VALUES (70343, 70299, 7096, 119) ON CONFLICT DO NOTHING;
INSERT INTO products (product_id, name, description, price, image_url) VALUES (70300, 'Mắm Cá Linh chưng 200gr (6lon/hộp), OCOP 4 SAO  -  Đặc sản An Giang', 'Đặc sản vùng miền chất lượng', 279000, 'https://down-vn.img.susercontent.com/file/vn-11134207-820l4-mjox5bb3o3r6d5') ON CONFLICT DO NOTHING;
INSERT INTO inventory (inventory_id, product_id, store_id, stock) VALUES (70344, 70300, 7216, 132) ON CONFLICT DO NOTHING;
INSERT INTO products (product_id, name, description, price, image_url) VALUES (70301, 'Cà Pháo Kim Chi Phú Thành 500g siêu giòn, Siêu ngon 🎈 Đặc sản Huế', 'Đặc sản vùng miền chất lượng', 27283, 'https://down-vn.img.susercontent.com/file/vn-11134207-820l4-mdzxa7x466tj38') ON CONFLICT DO NOTHING;
INSERT INTO inventory (inventory_id, product_id, store_id, stock) VALUES (70345, 70301, 7217, 42) ON CONFLICT DO NOTHING;
INSERT INTO products (product_id, name, description, price, image_url) VALUES (70302, '5 cái bánh phồng tỏi ớt, đặc sản Phú Yên, giao bánh sống (ít cay), đổi trả nếu hàng bị bể nhiều khi vận chuyển', 'Đặc sản vùng miền chất lượng', 10000, 'https://down-vn.img.susercontent.com/file/vn-11134207-81ztc-mlc05dwevshu02') ON CONFLICT DO NOTHING;
INSERT INTO inventory (inventory_id, product_id, store_id, stock) VALUES (70346, 70302, 7218, 139) ON CONFLICT DO NOTHING;
INSERT INTO products (product_id, name, description, price, image_url) VALUES (70303, 'Mắm tép chưng thịt Hạ Long Seafood 300gr - 500gr loại 1 thơm ngon - Đặc sản Hạ Long, Quảng Ninh', 'Đặc sản vùng miền chất lượng', 105000, 'https://down-vn.img.susercontent.com/file/vn-11134207-7qukw-lhrv6ddcktdt38') ON CONFLICT DO NOTHING;
INSERT INTO inventory (inventory_id, product_id, store_id, stock) VALUES (70347, 70303, 7155, 148) ON CONFLICT DO NOTHING;
INSERT INTO products (product_id, name, description, price, image_url) VALUES (70304, 'Chè Lam mix vị mới đặc sản Thạch Thất - Hộp 350g 🌾FREESHIP🌾', 'Đặc sản vùng miền chất lượng', 48000, 'https://down-vn.img.susercontent.com/file/vn-11134207-7ra0g-m6qor0xjzdyf53') ON CONFLICT DO NOTHING;
INSERT INTO inventory (inventory_id, product_id, store_id, stock) VALUES (70348, 70304, 7149, 100) ON CONFLICT DO NOTHING;
INSERT INTO products (product_id, name, description, price, image_url) VALUES (70254, '300g Mực Rim Sa Tế, Rim Me - Đặc Sản Nha Trang', 'Đặc sản vùng miền chất lượng', 96000, 'https://down-vn.img.susercontent.com/file/vn-11134207-7r98o-lylrjcdf3uq527') ON CONFLICT DO NOTHING;
INSERT INTO inventory (inventory_id, product_id, store_id, stock) VALUES (70349, 70254, 7025, 65) ON CONFLICT DO NOTHING;
INSERT INTO products (product_id, name, description, price, image_url) VALUES (70305, 'Ghẹ Sữa Rim Đặc Sản Đà Nẵng Hộp 200gr Chuẩn Vị Làm Quà Nhiều Dinh Dưỡng', 'Đặc sản vùng miền chất lượng', 95000, 'https://down-vn.img.susercontent.com/file/vn-11134207-7r98o-lm09gd6itjhbc7') ON CONFLICT DO NOTHING;
INSERT INTO inventory (inventory_id, product_id, store_id, stock) VALUES (70350, 70305, 7080, 116) ON CONFLICT DO NOTHING;
INSERT INTO products (product_id, name, description, price, image_url) VALUES (70306, 'Chuối Sấy Dẻo Nguyên Vị Tự Nhiên Ngon Ngọt Ăn Vặt Tốt Cho Sức Khỏe Đặc Sản Trái Cây Sấy The Măng Đen', 'Đặc sản vùng miền chất lượng', 46000, 'https://down-vn.img.susercontent.com/file/vn-11134207-7ras8-mbqdsq9r0xqtfa') ON CONFLICT DO NOTHING;
INSERT INTO inventory (inventory_id, product_id, store_id, stock) VALUES (70351, 70306, 7114, 20) ON CONFLICT DO NOTHING;
INSERT INTO products (product_id, name, description, price, image_url) VALUES (70307, 'Da Cá Hồi Sấy Giòn Lắc Trứng Muối Đặc Biệt - DA CÁ SIÊU GIÒN NGON - Snack Da Cá', 'Đặc sản vùng miền chất lượng', 99000, 'https://down-vn.img.susercontent.com/file/vn-11134207-7ra0g-m7amg3dkw6ws80') ON CONFLICT DO NOTHING;
INSERT INTO inventory (inventory_id, product_id, store_id, stock) VALUES (70352, 70307, 7219, 159) ON CONFLICT DO NOTHING;
INSERT INTO products (product_id, name, description, price, image_url) VALUES (70308, '500gr ME RIM TRUYỀN THỐNG', 'Đặc sản vùng miền chất lượng', 63398, 'https://down-vn.img.susercontent.com/file/vn-11134207-820l4-mgx9guifxxqnef') ON CONFLICT DO NOTHING;
INSERT INTO inventory (inventory_id, product_id, store_id, stock) VALUES (70353, 70308, 7220, 145) ON CONFLICT DO NOTHING;
INSERT INTO products (product_id, name, description, price, image_url) VALUES (70309, 'Khô Cá Thiều Hộp 200gr Thúy Đặc Sản Đà Nẵng Chính Gốc Thơm Ngon Chuẩn Vị Làm Quà Biếu Tặng', 'Đặc sản vùng miền chất lượng', 109000, 'https://down-vn.img.susercontent.com/file/vn-11134207-7ra0g-ma9x08qpihd77e') ON CONFLICT DO NOTHING;
INSERT INTO inventory (inventory_id, product_id, store_id, stock) VALUES (70354, 70309, 7080, 136) ON CONFLICT DO NOTHING;
INSERT INTO products (product_id, name, description, price, image_url) VALUES (70310, 'ComBo 2 Nem Chày ( 5lạng/cái) - Đặc Sản Xứ Thanh', 'Đặc sản vùng miền chất lượng', 183000, 'https://down-vn.img.susercontent.com/file/vn-11134207-81ztc-mmp2lw160gzq88') ON CONFLICT DO NOTHING;
INSERT INTO inventory (inventory_id, product_id, store_id, stock) VALUES (70355, 70310, 7221, 49) ON CONFLICT DO NOTHING;
INSERT INTO products (product_id, name, description, price, image_url) VALUES (70010, 'Bánh tráng dẻo tôm 500g, vị cay, đặc sản bánh tráng Tây Ninh - Tiệm tạp hoá tháng năm', 'Đặc sản vùng miền chất lượng', 1000, 'https://down-vn.img.susercontent.com/file/vn-11134207-7r98o-m09klf7509zj63') ON CONFLICT DO NOTHING;
INSERT INTO inventory (inventory_id, product_id, store_id, stock) VALUES (70356, 70010, 7008, 65) ON CONFLICT DO NOTHING;
INSERT INTO products (product_id, name, description, price, image_url) VALUES (70311, '(Loại 1) Bánh Tráng Xếp Cốt Dừa Đặc Sản Vĩnh Long, Thơm Giòn Rụm,Ăn Vặt Ngon_Đặc Sản Miền Tây', 'Đặc sản vùng miền chất lượng', 54500, 'https://down-vn.img.susercontent.com/file/vn-11134201-81ztc-mn5wxnkcuu4o3d') ON CONFLICT DO NOTHING;
INSERT INTO inventory (inventory_id, product_id, store_id, stock) VALUES (70357, 70311, 7222, 133) ON CONFLICT DO NOTHING;
INSERT INTO products (product_id, name, description, price, image_url) VALUES (70312, 'Kẹo Đậu Phộng Cô Ti Gói 150g Thơm Ngon Chuẩn Vị, Đặc Sản Huế', 'Đặc sản vùng miền chất lượng', 15000, 'https://down-vn.img.susercontent.com/file/vn-11134207-7ras8-mbscbvhsp0tuab') ON CONFLICT DO NOTHING;
INSERT INTO inventory (inventory_id, product_id, store_id, stock) VALUES (70358, 70312, 7113, 24) ON CONFLICT DO NOTHING;
INSERT INTO products (product_id, name, description, price, image_url) VALUES (70313, 'Cơm cháy NẾP HƯƠNG siêu ruốc (Chà bông) 250g Đại Long Ninh Bình đặc biệt ngon sử lý tách dầu cao cấp - Vườn Đặc Sản', 'Đặc sản vùng miền chất lượng', 47000, 'https://down-vn.img.susercontent.com/file/vn-11134207-7ras8-m0yuat9xcvxb34') ON CONFLICT DO NOTHING;
INSERT INTO inventory (inventory_id, product_id, store_id, stock) VALUES (70359, 70313, 7223, 34) ON CONFLICT DO NOTHING;
INSERT INTO products (product_id, name, description, price, image_url) VALUES (70314, 'Bánh Đá Hà Giang, Bánh Đá Đặc Sản Cao Bằng Hà Giang - Ăn Vặt 492', 'Đặc sản vùng miền chất lượng', 57200, 'https://down-vn.img.susercontent.com/file/vn-11134207-7r98o-lzugnzw8ltwh5e') ON CONFLICT DO NOTHING;
INSERT INTO inventory (inventory_id, product_id, store_id, stock) VALUES (70360, 70314, 7224, 173) ON CONFLICT DO NOTHING;
INSERT INTO products (product_id, name, description, price, image_url) VALUES (70315, 'Bánh Tráng Dừa Non Nha Trang Đặc Sản Làm Quà - Món Ngon 3 Miền Sohan', 'Đặc sản vùng miền chất lượng', 20000, 'https://down-vn.img.susercontent.com/file/vn-11134207-7ra0g-m7nk9anzra298b') ON CONFLICT DO NOTHING;
INSERT INTO inventory (inventory_id, product_id, store_id, stock) VALUES (70361, 70315, 7225, 56) ON CONFLICT DO NOTHING;
INSERT INTO products (product_id, name, description, price, image_url) VALUES (70316, 'Cốm Béo Hòa Hiệp Phan Thiết COMBO 2 GÓI - Giòn Ngon Món Bánh Của Tuổi Thơ - Út Hà Đặc Sản', 'Đặc sản vùng miền chất lượng', 50000, 'https://down-vn.img.susercontent.com/file/vn-11134207-7r98o-lu8ntnhd0cnld7') ON CONFLICT DO NOTHING;
INSERT INTO inventory (inventory_id, product_id, store_id, stock) VALUES (70362, 70316, 7075, 126) ON CONFLICT DO NOTHING;
INSERT INTO products (product_id, name, description, price, image_url) VALUES (70317, 'Combo 15 túi bánh tráng trộn phơi sương gia vị đặc sản củ chi', 'Đặc sản vùng miền chất lượng', 160000, 'https://down-vn.img.susercontent.com/file/vn-11134207-81ztc-mnsio1prb75v1c') ON CONFLICT DO NOTHING;
INSERT INTO inventory (inventory_id, product_id, store_id, stock) VALUES (70363, 70317, 7226, 163) ON CONFLICT DO NOTHING;
INSERT INTO products (product_id, name, description, price, image_url) VALUES (70318, 'Bán sỉ Snack Cá hồi nướng Dưa Hấu Đỏ bịch 30 gói thơm cay ngon hấp dẫn, đồ ăn vặt giá rẻ, đồ ăn vặt hot nhất', 'Đặc sản vùng miền chất lượng', 52500, 'https://down-vn.img.susercontent.com/file/vn-11134207-7qukw-liobwdo5ge8c8f') ON CONFLICT DO NOTHING;
INSERT INTO inventory (inventory_id, product_id, store_id, stock) VALUES (70364, 70318, 7227, 110) ON CONFLICT DO NOTHING;
INSERT INTO products (product_id, name, description, price, image_url) VALUES (70319, 'DÂU TÂY SẤY GIÒN ĐẶC SẢN CHINH ĐÀ LẠT - loại chua ngọt giòn, xốp, ngọt nhẹ, chua chua, cực thơm', 'Đặc sản vùng miền chất lượng', 40470, 'https://down-vn.img.susercontent.com/file/vn-11134201-7qukw-ler297feqjre10') ON CONFLICT DO NOTHING;
INSERT INTO inventory (inventory_id, product_id, store_id, stock) VALUES (70365, 70319, 7004, 176) ON CONFLICT DO NOTHING;
INSERT INTO products (product_id, name, description, price, image_url) VALUES (70320, 'Kẹo dừa đặc sản Bình Định, dẻo ngọt nhẹ.', 'Đặc sản vùng miền chất lượng', 12000, 'https://down-vn.img.susercontent.com/file/vn-11134207-7qukw-li476m8if0981f') ON CONFLICT DO NOTHING;
INSERT INTO inventory (inventory_id, product_id, store_id, stock) VALUES (70366, 70320, 7228, 48) ON CONFLICT DO NOTHING;
INSERT INTO products (product_id, name, description, price, image_url) VALUES (70321, 'Hủ 200 Gram Cá Đét Rim Tỏi - Đặc Sản Tam Tiến Quảng Nam', 'Đặc sản vùng miền chất lượng', 70000, 'https://down-vn.img.susercontent.com/file/vn-11134207-7ras8-m54j6ko1o9vnce') ON CONFLICT DO NOTHING;
INSERT INTO inventory (inventory_id, product_id, store_id, stock) VALUES (70367, 70321, 7229, 192) ON CONFLICT DO NOTHING;
INSERT INTO products (product_id, name, description, price, image_url) VALUES (70322, 'combo 50 cái Bánh Tráng Sắn Đặc Sản Quảng Nam', 'Đặc sản vùng miền chất lượng', 125000, 'https://down-vn.img.susercontent.com/file/2b36752898f4b4dd8ccbb5b964b13b75') ON CONFLICT DO NOTHING;
INSERT INTO inventory (inventory_id, product_id, store_id, stock) VALUES (70368, 70322, 7230, 108) ON CONFLICT DO NOTHING;
INSERT INTO products (product_id, name, description, price, image_url) VALUES (70323, 'Cá Đục Nướng ( ăn liền ) là món ăn ngon của Shop Đặc Sản Biển Phan Thiết NGỌC DŨNG; Hộp 200 gram. HSD 12 tháng', 'Đặc sản vùng miền chất lượng', 120000, 'https://down-vn.img.susercontent.com/file/vn-11134207-820l4-mh7s43z1gkcp20') ON CONFLICT DO NOTHING;
INSERT INTO inventory (inventory_id, product_id, store_id, stock) VALUES (70369, 70323, 7231, 112) ON CONFLICT DO NOTHING;
INSERT INTO products (product_id, name, description, price, image_url) VALUES (70324, 'Mắm Dưa Dì Cẩn Hủ 500gr Nổi Tiếng Đà Nẵng Dưa Giòn Ngon Vị Đậm Đà - Út Hà Đặc Sản', 'Đặc sản vùng miền chất lượng', 88000, 'https://down-vn.img.susercontent.com/file/vn-11134207-7r98o-lz0m6gonarvlc4') ON CONFLICT DO NOTHING;
INSERT INTO inventory (inventory_id, product_id, store_id, stock) VALUES (70370, 70324, 7075, 34) ON CONFLICT DO NOTHING;
INSERT INTO products (product_id, name, description, price, image_url) VALUES (70325, 'Ăn Vặt Nam Xanh, Tắc Sấy Dẻo Mật Ong, Nguyên Liệu Tự Nhiên, Không Chất Bảo Quản, Ăn Vặt Healthy, Hộp 140g', 'Đặc sản vùng miền chất lượng', 64800, 'https://down-vn.img.susercontent.com/file/vn-11134207-7ras8-m2dcg9r5thv851') ON CONFLICT DO NOTHING;
INSERT INTO inventory (inventory_id, product_id, store_id, stock) VALUES (70371, 70325, 7096, 150) ON CONFLICT DO NOTHING;
INSERT INTO products (product_id, name, description, price, image_url) VALUES (70226, '500g Vải Thiều Sấy Lục Ngạn – Đặc Sản Bắc Giang, Trái Cây Sấy Dẻo Tự Nhiên, Ngon Bổ Dưỡng', 'Đặc sản vùng miền chất lượng', 63564, 'https://down-vn.img.susercontent.com/file/vn-11134207-820l4-mdzlzh0hdds3a1') ON CONFLICT DO NOTHING;
INSERT INTO inventory (inventory_id, product_id, store_id, stock) VALUES (70372, 70226, 7170, 72) ON CONFLICT DO NOTHING;
INSERT INTO products (product_id, name, description, price, image_url) VALUES (70227, '300G Vải Thiều Sấy Lục Ngạn giá tốt– Đặc Sản Bắc Giang, Trái Cây Sấy Dẻo Tự Nhiên, Ngon Bổ Dưỡng', 'Đặc sản vùng miền chất lượng', 53000, 'https://down-vn.img.susercontent.com/file/vn-11134207-820l4-mdzlzh0hdds3a1') ON CONFLICT DO NOTHING;
INSERT INTO inventory (inventory_id, product_id, store_id, stock) VALUES (70373, 70227, 7170, 138) ON CONFLICT DO NOTHING;
INSERT INTO products (product_id, name, description, price, image_url) VALUES (70228, 'Cà Phê Chồn | Rang Mộc Nguyên Chất, Hạt & Bột – Đặc Sản Cao Cấp Việt Nam', 'Đặc sản vùng miền chất lượng', 74000, 'https://down-vn.img.susercontent.com/file/vn-11134207-81ztc-mnf59ha9yl1ib2') ON CONFLICT DO NOTHING;
INSERT INTO inventory (inventory_id, product_id, store_id, stock) VALUES (70374, 70228, 7170, 135) ON CONFLICT DO NOTHING;
INSERT INTO products (product_id, name, description, price, image_url) VALUES (70326, 'Đặc sản cá chỉ vàng khô Quy Nhơn loại đặc biệt', 'Đặc sản vùng miền chất lượng', 29000, 'https://down-vn.img.susercontent.com/file/c0113414d8cc1e224203a5db9d40ce18') ON CONFLICT DO NOTHING;
INSERT INTO inventory (inventory_id, product_id, store_id, stock) VALUES (70375, 70326, 7078, 120) ON CONFLICT DO NOTHING;
INSERT INTO products (product_id, name, description, price, image_url) VALUES (70327, 'Tắc sấy dẻo Nam Xanh 140g', 'Đặc sản vùng miền chất lượng', 76000, 'https://down-vn.img.susercontent.com/file/vn-11134207-81ztc-mkat4jvs3aived') ON CONFLICT DO NOTHING;
INSERT INTO inventory (inventory_id, product_id, store_id, stock) VALUES (70376, 70327, 7232, 145) ON CONFLICT DO NOTHING;
INSERT INTO products (product_id, name, description, price, image_url) VALUES (70328, 'Bánh tráng dẻo tôm 300g, bánh tôm gạo thơm ngon, vị cay, đặc sản Tây Ninh - Ăn vặt nhà Cốm', 'Đặc sản vùng miền chất lượng', 36000, 'https://down-vn.img.susercontent.com/file/vn-11134207-820l4-mi91kxqimgp3d7') ON CONFLICT DO NOTHING;
INSERT INTO inventory (inventory_id, product_id, store_id, stock) VALUES (70377, 70328, 7233, 104) ON CONFLICT DO NOTHING;
INSERT INTO products (product_id, name, description, price, image_url) VALUES (70329, '[Đã Thèm] Xoài keo sấy dẻo muối ớt -Chua cay, không ướp đường- Khánh Trang -Đặc sản Cam Ranh -Hũ 300g -Kingsmart', 'Đặc sản vùng miền chất lượng', 87000, 'https://down-vn.img.susercontent.com/file/vn-11134207-81ztc-mn5htwgzstmq08') ON CONFLICT DO NOTHING;
INSERT INTO inventory (inventory_id, product_id, store_id, stock) VALUES (70378, 70329, 7065, 42) ON CONFLICT DO NOTHING;
INSERT INTO products (product_id, name, description, price, image_url) VALUES (70330, '500G Sấu Giòn Cay Chua Ngọt Đặc Sản, Ô Mai Sấu Chua Cay / Sấu Bao Tử Ô Mai - Mứt Tết, Tiệm ăn vặt Thuỳ Bùi', 'Đặc sản vùng miền chất lượng', 69000, 'https://down-vn.img.susercontent.com/file/vn-11134207-7r98o-lv90ea3bgxay5f') ON CONFLICT DO NOTHING;
INSERT INTO inventory (inventory_id, product_id, store_id, stock) VALUES (70379, 70330, 7234, 139) ON CONFLICT DO NOTHING;
INSERT INTO products (product_id, name, description, price, image_url) VALUES (70189, 'Thịt trâu sấy gác bếp đặc sản miền núi 1kg - 500gr(Đã bao gồm gói chấm cho mỗi sản phẩm)', 'Đặc sản vùng miền chất lượng', 500000, 'https://down-vn.img.susercontent.com/file/vn-11134207-81ztc-mnx1ufxt32f5a5') ON CONFLICT DO NOTHING;
INSERT INTO inventory (inventory_id, product_id, store_id, stock) VALUES (70380, 70189, 7135, 55) ON CONFLICT DO NOTHING;
INSERT INTO products (product_id, name, description, price, image_url) VALUES (70289, '1 cây BÁNH LĂN ĐẶC SẢN QUẢNG NAM DATE MỚI', 'Đặc sản vùng miền chất lượng', 49000, 'https://down-vn.img.susercontent.com/file/vn-11134207-7r98o-ludbbwoxa0b55e') ON CONFLICT DO NOTHING;
INSERT INTO inventory (inventory_id, product_id, store_id, stock) VALUES (70381, 70289, 7179, 46) ON CONFLICT DO NOTHING;
INSERT INTO products (product_id, name, description, price, image_url) VALUES (70331, 'Snack bánh tráng nướng phủ vị Sachi Đặc sản Minh Hương 45g', 'Đặc sản vùng miền chất lượng', 20000, 'https://down-vn.img.susercontent.com/file/vn-11134207-81ztc-mm2s4jn6r478c4') ON CONFLICT DO NOTHING;
INSERT INTO inventory (inventory_id, product_id, store_id, stock) VALUES (70382, 70331, 7207, 111) ON CONFLICT DO NOTHING;
INSERT INTO products (product_id, name, description, price, image_url) VALUES (70332, 'Mắm Tôm Chua Dì Cẩn 500g - Hương Vị Đặc Sản Đậm Đà Khó Quên, Mắm Tôm Chua Đà Nẵng', 'Đặc sản vùng miền chất lượng', 85000, 'https://down-vn.img.susercontent.com/file/vn-11134207-7ras8-m250568a6zmm98') ON CONFLICT DO NOTHING;
INSERT INTO inventory (inventory_id, product_id, store_id, stock) VALUES (70383, 70332, 7235, 131) ON CONFLICT DO NOTHING;
INSERT INTO products (product_id, name, description, price, image_url) VALUES (70333, '[Hàng Tuyển]_Đặc Sản Bình Định_Mực Rim Tỏi Ớt Siêu Ngon_250gr', 'Đặc sản vùng miền chất lượng', 161000, 'https://down-vn.img.susercontent.com/file/aff60ffdb9e4c347063ede9630937fcc') ON CONFLICT DO NOTHING;
INSERT INTO inventory (inventory_id, product_id, store_id, stock) VALUES (70384, 70333, 7236, 57) ON CONFLICT DO NOTHING;
INSERT INTO products (product_id, name, description, price, image_url) VALUES (70334, 'Cơm Cháy Sài Gòn Siêu Chà Bông - Gói 185gr +5gr - Tadico_ Đặc Sản Nha Trang', 'Đặc sản vùng miền chất lượng', 42000, 'https://down-vn.img.susercontent.com/file/vn-11134207-7ra0g-m7bbysp23htoea') ON CONFLICT DO NOTHING;
INSERT INTO inventory (inventory_id, product_id, store_id, stock) VALUES (70385, 70334, 7237, 179) ON CONFLICT DO NOTHING;
INSERT INTO products (product_id, name, description, price, image_url) VALUES (70335, 'COMBO 10 GÓI KẸO KÉO ĐẬU PHỘNG HUẾ, KẸO DỒI ĐẬU PHỘNG GÓI 75G THƠM NGON CHUẨN VỊ, ĐẶC SẢN HUẾ', 'Đặc sản vùng miền chất lượng', 35000, 'https://down-vn.img.susercontent.com/file/vn-11134207-7ras8-mdhc1lom8slh8f') ON CONFLICT DO NOTHING;
INSERT INTO inventory (inventory_id, product_id, store_id, stock) VALUES (70386, 70335, 7126, 181) ON CONFLICT DO NOTHING;
INSERT INTO products (product_id, name, description, price, image_url) VALUES (70336, 'Kẹo lạc nhà làm đặc sản Nghệ An', 'Đặc sản vùng miền chất lượng', 23000, 'https://down-vn.img.susercontent.com/file/vn-11134207-81ztc-mnppp0oeyk1y45') ON CONFLICT DO NOTHING;
INSERT INTO inventory (inventory_id, product_id, store_id, stock) VALUES (70387, 70336, 7238, 141) ON CONFLICT DO NOTHING;
INSERT INTO products (product_id, name, description, price, image_url) VALUES (70337, 'KẸO DỪA DẺO THANH BÌNH – ĐẶC SẢN BẾN TRE, THƠM NGON CHUẨN VỊ', 'Đặc sản vùng miền chất lượng', 41500, 'https://down-vn.img.susercontent.com/file/vn-11134207-81ztc-mo0thx1tjfut87') ON CONFLICT DO NOTHING;
INSERT INTO inventory (inventory_id, product_id, store_id, stock) VALUES (70388, 70337, 7239, 40) ON CONFLICT DO NOTHING;
INSERT INTO products (product_id, name, description, price, image_url) VALUES (70338, '[Bánh Bi Cà Phao] Giòn Tan, Thơm Ngậy Vị Trứng Gà - Nhà Làm Thủ Công - Đặc Sản Xứ Nghệ Food', 'Đặc sản vùng miền chất lượng', 47500, 'https://down-vn.img.susercontent.com/file/vn-11134207-81ztc-mm5kf4vzjuh0c4') ON CONFLICT DO NOTHING;
INSERT INTO inventory (inventory_id, product_id, store_id, stock) VALUES (70389, 70338, 7240, 73) ON CONFLICT DO NOTHING;
INSERT INTO products (product_id, name, description, price, image_url) VALUES (70339, 'Bánh Tráng Nướng Cuộn Mắm Ruốc Anh Bảy Mập, Bánh Tráng Cuộn Mắm Ruốc Đặc Sản Phan Rang, Tiệm ăn vặt Thuỳ Bùi', 'Đặc sản vùng miền chất lượng', 24900, 'https://down-vn.img.susercontent.com/file/sg-11134201-7rdyt-lzogl07gmrd227') ON CONFLICT DO NOTHING;
INSERT INTO inventory (inventory_id, product_id, store_id, stock) VALUES (70390, 70339, 7241, 108) ON CONFLICT DO NOTHING;
INSERT INTO products (product_id, name, description, price, image_url) VALUES (70340, 'Bánh Quế Tròn Giòn Thơm Ngon Ngọt Nhẹ 300g - Bánh Ăn Vặt Tuổi Thơ- Đồ Ăn Vặt Đặc Sản Pác Bó Cao Bằng', 'Đặc sản vùng miền chất lượng', 49000, 'https://down-vn.img.susercontent.com/file/vn-11134207-7ras8-m32amf3nv75c5b') ON CONFLICT DO NOTHING;
INSERT INTO inventory (inventory_id, product_id, store_id, stock) VALUES (70391, 70340, 7242, 114) ON CONFLICT DO NOTHING;
INSERT INTO products (product_id, name, description, price, image_url) VALUES (70341, 'NUI SEN LẮC KHÔ BÒ Lá Chanh siêu ngon loại 1 - Hộp 320GR', 'Đặc sản vùng miền chất lượng', 37999, 'https://down-vn.img.susercontent.com/file/vn-11134207-820l4-mga2dmt9qvpkef') ON CONFLICT DO NOTHING;
INSERT INTO inventory (inventory_id, product_id, store_id, stock) VALUES (70392, 70341, 7243, 100) ON CONFLICT DO NOTHING;
INSERT INTO products (product_id, name, description, price, image_url) VALUES (70323, 'Cá Đục Nướng ( ăn liền ) là món ăn ngon của Shop Đặc Sản Biển Phan Thiết NGỌC DŨNG; Hộp 200 gram. HSD 12 tháng', 'Đặc sản vùng miền chất lượng', 120000, 'https://down-vn.img.susercontent.com/file/vn-11134207-820l4-mh7s43z1gkcp20') ON CONFLICT DO NOTHING;
INSERT INTO inventory (inventory_id, product_id, store_id, stock) VALUES (70393, 70323, 7231, 92) ON CONFLICT DO NOTHING;
INSERT INTO products (product_id, name, description, price, image_url) VALUES (70342, 'Ăn vặt kẹo đậu phộng thèo lèo Sơn Hải  đặc biệt thơm ngon,giòn,xốp,béo,không cứng,cả nhà đều thích.', 'Đặc sản vùng miền chất lượng', 34200, 'https://down-vn.img.susercontent.com/file/vn-11134207-820l4-miszzzdtvlkzc3') ON CONFLICT DO NOTHING;
INSERT INTO inventory (inventory_id, product_id, store_id, stock) VALUES (70394, 70342, 7244, 150) ON CONFLICT DO NOTHING;
INSERT INTO products (product_id, name, description, price, image_url) VALUES (70310, 'ComBo 2 Nem Chày ( 5lạng/cái) - Đặc Sản Xứ Thanh', 'Đặc sản vùng miền chất lượng', 183000, 'https://down-vn.img.susercontent.com/file/vn-11134207-81ztc-mmp2lw160gzq88') ON CONFLICT DO NOTHING;
INSERT INTO inventory (inventory_id, product_id, store_id, stock) VALUES (70395, 70310, 7221, 146) ON CONFLICT DO NOTHING;
INSERT INTO products (product_id, name, description, price, image_url) VALUES (70343, 'Cơm Cháy Chà Bông TIGER FOOD 04 Vị: Siêu Chà Bông, Tóp Mỡ, Phô Mai, Trứng Muối - Giòn Rụm Đậm Vị - Đồ ăn vặt Snack', 'Đặc sản vùng miền chất lượng', 36800, 'https://down-vn.img.susercontent.com/file/vn-11134207-820l4-mih3gcokegp333') ON CONFLICT DO NOTHING;
INSERT INTO inventory (inventory_id, product_id, store_id, stock) VALUES (70396, 70343, 7192, 119) ON CONFLICT DO NOTHING;
INSERT INTO products (product_id, name, description, price, image_url) VALUES (70344, '[C13-14]Kẹo dừa sầu riêng Cocosweet - Béo ngậy, sầu riêng nguyên chất, ít ngọt - Đặc sản Bến Tre', 'Đặc sản vùng miền chất lượng', 75000, 'https://down-vn.img.susercontent.com/file/vn-11134207-7r98o-m06wj5amm2drf7') ON CONFLICT DO NOTHING;
INSERT INTO inventory (inventory_id, product_id, store_id, stock) VALUES (70397, 70344, 7245, 89) ON CONFLICT DO NOTHING;
INSERT INTO products (product_id, name, description, price, image_url) VALUES (70345, 'Bánh ép Khô Thuận An- Đặc sản Huế - Gói 10 cái, món ăn vặt siêu ngon', 'Đặc sản vùng miền chất lượng', 34299, 'https://down-vn.img.susercontent.com/file/sg-11134201-7rdxa-lyns9n0mzsj095') ON CONFLICT DO NOTHING;
INSERT INTO inventory (inventory_id, product_id, store_id, stock) VALUES (70398, 70345, 7246, 39) ON CONFLICT DO NOTHING;
INSERT INTO products (product_id, name, description, price, image_url) VALUES (70346, 'Mắm Vả HCF - Vả Xanh Vườn Huế, Chua Ngọt Đậm Đà, Dậy Riềng Ớt - Đặc sản Huế - Đặc Sản Kinh Đô', 'Đặc sản vùng miền chất lượng', 95000, 'https://down-vn.img.susercontent.com/file/vn-11134207-81ztc-mnl9uzz8updv37') ON CONFLICT DO NOTHING;
INSERT INTO inventory (inventory_id, product_id, store_id, stock) VALUES (70399, 70346, 7055, 133) ON CONFLICT DO NOTHING;
INSERT INTO products (product_id, name, description, price, image_url) VALUES (70285, 'Nho khô đặc sản Tân Cương chính hãng, loại không cần rửa, nho khô đỏ Xiangfei cao cấp, đóng hộp, trọng lượng tịnh.500g Đ', 'Đặc sản vùng miền chất lượng', 758327, 'https://down-vn.img.susercontent.com/file/vn-11134201-81ztc-mnwtvmz0wzk1d7') ON CONFLICT DO NOTHING;
INSERT INTO inventory (inventory_id, product_id, store_id, stock) VALUES (70400, 70285, 7130, 112) ON CONFLICT DO NOTHING;
INSERT INTO products (product_id, name, description, price, image_url) VALUES (70347, 'Tôm sấy giòn tẩm gia vị ăn liền Đặc sản Nha Trang Hộp 500g giòn rụm thơm ngon', 'Đặc sản vùng miền chất lượng', 262250, 'https://down-vn.img.susercontent.com/file/vn-11134207-7r98o-lpp7ynxx4g9gf6') ON CONFLICT DO NOTHING;
INSERT INTO inventory (inventory_id, product_id, store_id, stock) VALUES (70401, 70347, 7070, 151) ON CONFLICT DO NOTHING;
INSERT INTO products (product_id, name, description, price, image_url) VALUES (70348, 'Mè Xửng dẻo Sông Hương 400g siêu ngon  Đặc sản Huế', 'Đặc sản vùng miền chất lượng', 32000, 'https://down-vn.img.susercontent.com/file/vn-11134207-7r98o-lqwotva1rs902d') ON CONFLICT DO NOTHING;
INSERT INTO inventory (inventory_id, product_id, store_id, stock) VALUES (70402, 70348, 7247, 84) ON CONFLICT DO NOTHING;
INSERT INTO products (product_id, name, description, price, image_url) VALUES (70349, 'Bánh Rang Cát Thành đặc sản Nam Định', 'Đặc sản vùng miền chất lượng', 70000, 'https://down-vn.img.susercontent.com/file/vn-11134207-7r98o-ls2wyl67s0iha0') ON CONFLICT DO NOTHING;
INSERT INTO inventory (inventory_id, product_id, store_id, stock) VALUES (70403, 70349, 7248, 152) ON CONFLICT DO NOTHING;
INSERT INTO products (product_id, name, description, price, image_url) VALUES (70350, 'BỊCH 150GRAM🔥 KẸO DỪA QUẢNG NGÃI🔥 THƠM NGON MIẾNG TRÒN🔥 ĐẶC SẢN MIỀN TRUNG', 'Đặc sản vùng miền chất lượng', 27900, 'https://down-vn.img.susercontent.com/file/vn-11134207-81ztc-mk6lcwz8268556') ON CONFLICT DO NOTHING;
INSERT INTO inventory (inventory_id, product_id, store_id, stock) VALUES (70404, 70350, 7128, 63) ON CONFLICT DO NOTHING;
INSERT INTO products (product_id, name, description, price, image_url) VALUES (70300, 'Mắm Cá Linh chưng 200gr (6lon/hộp), OCOP 4 SAO  -  Đặc sản An Giang', 'Đặc sản vùng miền chất lượng', 279000, 'https://down-vn.img.susercontent.com/file/vn-11134207-820l4-mjox5bb3o3r6d5') ON CONFLICT DO NOTHING;
INSERT INTO inventory (inventory_id, product_id, store_id, stock) VALUES (70405, 70300, 7216, 189) ON CONFLICT DO NOTHING;
INSERT INTO products (product_id, name, description, price, image_url) VALUES (70351, 'Trái Cây Sấy Giòn - Đặc Sản Đà Lạt Túi Zip 500.Gram', 'Đặc sản vùng miền chất lượng', 89000, 'https://down-vn.img.susercontent.com/file/sg-11134201-22110-e7y7yc1xoejvef') ON CONFLICT DO NOTHING;
INSERT INTO inventory (inventory_id, product_id, store_id, stock) VALUES (70406, 70351, 7025, 41) ON CONFLICT DO NOTHING;
INSERT INTO products (product_id, name, description, price, image_url) VALUES (70352, 'KẸO MẠCH NHA - ĐẶC SẢN QUẢNG NGÃI THƠM NGON - LON 350GR - [FREESHIP TOÀN QUỐC]', 'Đặc sản vùng miền chất lượng', 27000, 'https://down-vn.img.susercontent.com/file/vn-11134201-7r98o-lu7ojgucdc158f') ON CONFLICT DO NOTHING;
INSERT INTO inventory (inventory_id, product_id, store_id, stock) VALUES (70407, 70352, 7249, 41) ON CONFLICT DO NOTHING;
INSERT INTO products (product_id, name, description, price, image_url) VALUES (70284, 'Cá cơm sông Sê San ăn liền Đặc sản Minh Hương 250g', 'Đặc sản vùng miền chất lượng', 140000, 'https://down-vn.img.susercontent.com/file/vn-11134207-81ztc-ml1od7x31szk37') ON CONFLICT DO NOTHING;
INSERT INTO inventory (inventory_id, product_id, store_id, stock) VALUES (70408, 70284, 7207, 101) ON CONFLICT DO NOTHING;
INSERT INTO products (product_id, name, description, price, image_url) VALUES (70353, 'Dưa mắm hủ 500gr đặc sản Châu Đốc (giao hcm)', 'Đặc sản vùng miền chất lượng', 40000, 'https://down-vn.img.susercontent.com/file/vn-11134207-7ras8-m3678d962d4cfb') ON CONFLICT DO NOTHING;
INSERT INTO inventory (inventory_id, product_id, store_id, stock) VALUES (70409, 70353, 7250, 144) ON CONFLICT DO NOTHING;
INSERT INTO products (product_id, name, description, price, image_url) VALUES (70354, 'Kẹo Cu Đơ - Hộp 5 Cái - Giòn, Dẻo, Ngọt Thanh - Hanigo Đặc Sản Đà Nẵng Ngon', 'Đặc sản vùng miền chất lượng', 88000, 'https://down-vn.img.susercontent.com/file/vn-11134207-81ztc-mnqwwaa163go97') ON CONFLICT DO NOTHING;
INSERT INTO inventory (inventory_id, product_id, store_id, stock) VALUES (70410, 70354, 7064, 128) ON CONFLICT DO NOTHING;
INSERT INTO products (product_id, name, description, price, image_url) VALUES (70355, 'Bánh Ép Huế Khô Vị Tép và Bánh Ép Huế Khô Vị Thịt Nướng Đặc Sản Thuân An Huế Gói 50 Gam', 'Đặc sản vùng miền chất lượng', 23000, 'https://down-vn.img.susercontent.com/file/vn-11134207-7r98o-lxy8c4sfk7h7cf') ON CONFLICT DO NOTHING;
INSERT INTO inventory (inventory_id, product_id, store_id, stock) VALUES (70411, 70355, 7097, 72) ON CONFLICT DO NOTHING;
INSERT INTO products (product_id, name, description, price, image_url) VALUES (70356, 'Cơm Cháy Trứng Muối Chà Bông - Giòn Rụm, Đậm Vị, Nhà Làm Thơm Ngon - Món Ăn Vặt Hấp Dẫn, Chất Lượng Cao', 'Đặc sản vùng miền chất lượng', 89999, 'https://down-vn.img.susercontent.com/file/vn-11134207-81ztc-mnvos14lsbuw0e') ON CONFLICT DO NOTHING;
INSERT INTO inventory (inventory_id, product_id, store_id, stock) VALUES (70412, 70356, 7251, 174) ON CONFLICT DO NOTHING;
INSERT INTO products (product_id, name, description, price, image_url) VALUES (70357, 'Trái Cây Sấy Đặc Sản Việt Nam 25g - Ăn Vặt Ngon Miệng, Không Lo Tăng Cân - Dried Fruit Légumes', 'Đặc sản vùng miền chất lượng', 29000, 'https://down-vn.img.susercontent.com/file/vn-11134207-7r98o-lyn8yu9a50st84') ON CONFLICT DO NOTHING;
INSERT INTO inventory (inventory_id, product_id, store_id, stock) VALUES (70413, 70357, 7103, 60) ON CONFLICT DO NOTHING;
INSERT INTO products (product_id, name, description, price, image_url) VALUES (70358, 'Mực Rim Me, Đặc Sản Hải Phòng, Hộp 250gr, Hương Vị Đậm Đà, Kay Nhẹ', 'Đặc sản vùng miền chất lượng', 115000, 'https://down-vn.img.susercontent.com/file/vn-11134207-7ra0g-m8ihutsfhcuc03') ON CONFLICT DO NOTHING;
INSERT INTO inventory (inventory_id, product_id, store_id, stock) VALUES (70414, 70358, 7108, 101) ON CONFLICT DO NOTHING;
INSERT INTO products (product_id, name, description, price, image_url) VALUES (70359, 'Muối ruốc hành phi 200G  đặc biệt 💖TIGER FOOD💖 muối tôm nhuyễn hành phi đặc sản Tây Ninh ăn kèm bánh tráng phơi sương', 'Đặc sản vùng miền chất lượng', 42800, 'https://down-vn.img.susercontent.com/file/sg-11134201-22110-r1z2xvktkekv27') ON CONFLICT DO NOTHING;
INSERT INTO inventory (inventory_id, product_id, store_id, stock) VALUES (70415, 70359, 7192, 169) ON CONFLICT DO NOTHING;
INSERT INTO products (product_id, name, description, price, image_url) VALUES (70360, 'Houttuynia Cordata tươi, rễ mềm sẵn sàng ăn, món lạnh ngon miệng, món ăn phụ cay đóng hộp, đặc sản Vân Nam, Quý Châu, Tứ', 'Đặc sản vùng miền chất lượng', 115830, 'https://down-vn.img.susercontent.com/file/vn-11134201-820l4-mia1q7mhpo8x92') ON CONFLICT DO NOTHING;
INSERT INTO inventory (inventory_id, product_id, store_id, stock) VALUES (70416, 70360, 7252, 28) ON CONFLICT DO NOTHING;
INSERT INTO products (product_id, name, description, price, image_url) VALUES (70361, '🍠 Khoai Lang Mật Sấy Dẻo Miếng – Không Đường – Ăn Vặt Healthy – Đặc Sản Đà Lạt | Moony Farm', 'Đặc sản vùng miền chất lượng', 51000, 'https://down-vn.img.susercontent.com/file/vn-11134207-7ra0g-m8hbwpej6d8nc9') ON CONFLICT DO NOTHING;
INSERT INTO inventory (inventory_id, product_id, store_id, stock) VALUES (70417, 70361, 7253, 59) ON CONFLICT DO NOTHING;
INSERT INTO products (product_id, name, description, price, image_url) VALUES (70306, 'Chuối Sấy Dẻo Nguyên Vị Tự Nhiên Ngon Ngọt Ăn Vặt Tốt Cho Sức Khỏe Đặc Sản Trái Cây Sấy The Măng Đen', 'Đặc sản vùng miền chất lượng', 46000, 'https://down-vn.img.susercontent.com/file/vn-11134207-7ras8-mbqdsq9r0xqtfa') ON CONFLICT DO NOTHING;
INSERT INTO inventory (inventory_id, product_id, store_id, stock) VALUES (70418, 70306, 7114, 164) ON CONFLICT DO NOTHING;
INSERT INTO products (product_id, name, description, price, image_url) VALUES (70362, 'Mắm Tép Chua Huế, Đặc Sản Mắm Tép Chua Huế Hiệu Cô Ti Hộp Lớn 500g Thơm Ngon Chuẩn Vị, Đặc Sản Huế', 'Đặc sản vùng miền chất lượng', 30000, 'https://down-vn.img.susercontent.com/file/vn-11134207-7ras8-mbth2dyydfv2f3') ON CONFLICT DO NOTHING;
INSERT INTO inventory (inventory_id, product_id, store_id, stock) VALUES (70419, 70362, 7113, 43) ON CONFLICT DO NOTHING;
INSERT INTO products (product_id, name, description, price, image_url) VALUES (70363, 'Mè Xửng Thiên Hương chính hãng dẻo loại đặc biệt ngon Đặc Sản Huế', 'Đặc sản vùng miền chất lượng', 35000, 'https://down-vn.img.susercontent.com/file/vn-11134207-7r98o-lxg4c77fhryx37') ON CONFLICT DO NOTHING;
INSERT INTO inventory (inventory_id, product_id, store_id, stock) VALUES (70420, 70363, 7097, 41) ON CONFLICT DO NOTHING;
INSERT INTO products (product_id, name, description, price, image_url) VALUES (70364, 'KHOAI LANG SẤY DẺO KHÔNG ĐƯỜNG TỰ NHIÊN, HÚT CHÂN KHÔNG TIỆN LỢI MANG THEO', 'Đặc sản vùng miền chất lượng', 48690, 'https://down-vn.img.susercontent.com/file/vn-11134207-820l4-mgx5xyryqnm74a') ON CONFLICT DO NOTHING;
INSERT INTO inventory (inventory_id, product_id, store_id, stock) VALUES (70421, 70364, 7254, 176) ON CONFLICT DO NOTHING;
INSERT INTO products (product_id, name, description, price, image_url) VALUES (70365, '🌰[Hút Chân Không]🌰BÁNH HẠT DẺ - ĐẶC SẢN SAPA 🌈(HÀNG CÓ SẴN)🌈', 'Đặc sản vùng miền chất lượng', 65480, 'https://down-vn.img.susercontent.com/file/84d04a688ea6df892cbd0d4bb82d04a5') ON CONFLICT DO NOTHING;
INSERT INTO inventory (inventory_id, product_id, store_id, stock) VALUES (70422, 70365, 7255, 158) ON CONFLICT DO NOTHING;
INSERT INTO products (product_id, name, description, price, image_url) VALUES (70235, 'Gói 03 Quả Nem chua Yên Mạc đặc sản Ninh Bình (Đóng gói hút chân không) - Vườn Đặc Sản', 'Đặc sản vùng miền chất lượng', 125000, 'https://down-vn.img.susercontent.com/file/sg-11134201-22100-93h52k15ntivcc') ON CONFLICT DO NOTHING;
INSERT INTO inventory (inventory_id, product_id, store_id, stock) VALUES (70423, 70235, 7143, 139) ON CONFLICT DO NOTHING;
INSERT INTO products (product_id, name, description, price, image_url) VALUES (70366, 'Combo 3hũ kẹo Sìu Châu- đặc sản Nam Định', 'Đặc sản vùng miền chất lượng', 55000, 'https://down-vn.img.susercontent.com/file/vn-11134207-81ztc-mme3gii7i80402') ON CONFLICT DO NOTHING;
INSERT INTO inventory (inventory_id, product_id, store_id, stock) VALUES (70424, 70366, 7256, 67) ON CONFLICT DO NOTHING;
INSERT INTO products (product_id, name, description, price, image_url) VALUES (70367, 'XOÀI SẤY DẺO MUỐI ỚT HÀNG VNXK VỊ NGỌT VỪA, HƠI CHUA, CAY NHẸ - ĐẶC SẢN THẢO ĐÀ LẠT', 'Đặc sản vùng miền chất lượng', 35042, 'https://down-vn.img.susercontent.com/file/vn-11134201-7r98o-lvo6zdxiwa1d2a') ON CONFLICT DO NOTHING;
INSERT INTO inventory (inventory_id, product_id, store_id, stock) VALUES (70425, 70367, 7056, 186) ON CONFLICT DO NOTHING;
INSERT INTO products (product_id, name, description, price, image_url) VALUES (70368, 'COMBO 5 GÓI BÁNH RẾ ĐẶC SẢN PHAN THIẾT', 'Đặc sản vùng miền chất lượng', 100000, 'https://down-vn.img.susercontent.com/file/vn-11134207-7r98o-lpavbetnzln255') ON CONFLICT DO NOTHING;
INSERT INTO inventory (inventory_id, product_id, store_id, stock) VALUES (70426, 70368, 7257, 74) ON CONFLICT DO NOTHING;
INSERT INTO products (product_id, name, description, price, image_url) VALUES (70369, 'CỐM BÉO - ĐẶC SẢN PHAN THIẾT', 'Đặc sản vùng miền chất lượng', 24000, 'https://down-vn.img.susercontent.com/file/vn-11134207-7r98o-lsnqxzlh3ef867') ON CONFLICT DO NOTHING;
INSERT INTO inventory (inventory_id, product_id, store_id, stock) VALUES (70427, 70369, 7110, 112) ON CONFLICT DO NOTHING;
INSERT INTO products (product_id, name, description, price, image_url) VALUES (70370, '500gr Mơ chanh muối - ngon lạ - đặc sản Chin''s Đà Lạt', 'Đặc sản vùng miền chất lượng', 67000, 'https://down-vn.img.susercontent.com/file/vn-11134207-7qukw-lgn516z7kfuaed') ON CONFLICT DO NOTHING;
INSERT INTO inventory (inventory_id, product_id, store_id, stock) VALUES (70428, 70370, 7004, 44) ON CONFLICT DO NOTHING;
INSERT INTO products (product_id, name, description, price, image_url) VALUES (70371, '[Siêu Ghiền] Kẹo dừa giòn vị sữa dừa - Giòn rụm, Béo Thơm-  Đặc sản xứ dừa Bến Tre - Túi 100g - KingsMart', 'Đặc sản vùng miền chất lượng', 29000, 'https://down-vn.img.susercontent.com/file/vn-11134207-81ztc-mlxfcbfonbwl59') ON CONFLICT DO NOTHING;
INSERT INTO inventory (inventory_id, product_id, store_id, stock) VALUES (70429, 70371, 7065, 168) ON CONFLICT DO NOTHING;
INSERT INTO products (product_id, name, description, price, image_url) VALUES (70372, '[SIÊU NGON] Đặc sản Huế bánh ép khô đậu phộng ngon giòn 10 cái/bọc Đặc sản Huế chính gốc Huế', 'Đặc sản vùng miền chất lượng', 25900, 'https://down-vn.img.susercontent.com/file/vn-11134207-7r98o-ltng6bf1yiveb1') ON CONFLICT DO NOTHING;
INSERT INTO inventory (inventory_id, product_id, store_id, stock) VALUES (70430, 70372, 7258, 136) ON CONFLICT DO NOTHING;
INSERT INTO products (product_id, name, description, price, image_url) VALUES (70373, '[COMBO 2] BÁNH PHỒNG CHUỐI + MÈ ĐEN NƯỚNG SẴN MƯỜI THIẾT –  BÁNH LOẠI 1- TIẾT KIỆM HƠN – ĂN LIỀN - ĐẶC SẢN BẾN TRE', 'Đặc sản vùng miền chất lượng', 55000, 'https://down-vn.img.susercontent.com/file/vn-11134207-81ztc-mmukou9ru13a97') ON CONFLICT DO NOTHING;
INSERT INTO inventory (inventory_id, product_id, store_id, stock) VALUES (70431, 70373, 7180, 79) ON CONFLICT DO NOTHING;
INSERT INTO products (product_id, name, description, price, image_url) VALUES (70374, 'Da cá trứng muối phô mai đồ ăn vặt ngon giá rẻ Đệ Nhất Khô Đặc Sản Phan Thiết', 'Đặc sản vùng miền chất lượng', 86000, 'https://down-vn.img.susercontent.com/file/vn-11134207-7r98o-lwvoswtg0ijf3f') ON CONFLICT DO NOTHING;
INSERT INTO inventory (inventory_id, product_id, store_id, stock) VALUES (70432, 70374, 7136, 105) ON CONFLICT DO NOTHING;
INSERT INTO products (product_id, name, description, price, image_url) VALUES (70375, 'Thập Cẩm Sấy HANY Đặc Sản Đà Lạt Đa Dạng Hương Vị, An Toàn, Tiện Lợi Hộp 200g', 'Đặc sản vùng miền chất lượng', 75000, 'https://down-vn.img.susercontent.com/file/vn-11134207-7ra0g-m7r9f392v0kx57') ON CONFLICT DO NOTHING;
INSERT INTO inventory (inventory_id, product_id, store_id, stock) VALUES (70433, 70375, 7107, 138) ON CONFLICT DO NOTHING;
INSERT INTO products (product_id, name, description, price, image_url) VALUES (70376, 'Mãng Cầu Sấy Dẻo Muối Ớt Hoàng Minh Foods đặc sản Đà Lạt đồ ăn vặt nông sản, dẻo thơm, chua cay nhẹ', 'Đặc sản vùng miền chất lượng', 129000, 'https://down-vn.img.susercontent.com/file/vn-11134207-7ras8-m2uic0smimlsb8') ON CONFLICT DO NOTHING;
INSERT INTO inventory (inventory_id, product_id, store_id, stock) VALUES (70434, 70376, 7259, 79) ON CONFLICT DO NOTHING;
INSERT INTO products (product_id, name, description, price, image_url) VALUES (70059, '[COMBO 8 SẢN PHẨM] Bánh Ép Huế vị BBQ, Gà, Tép - Đặc sản Huế Chính Gốc, Thơm, Giòn Rụm, Hue One Food', 'Đặc sản vùng miền chất lượng', 131999, 'https://down-vn.img.susercontent.com/file/vn-11134207-820l4-mjjp6yhux69wa6') ON CONFLICT DO NOTHING;
INSERT INTO inventory (inventory_id, product_id, store_id, stock) VALUES (70435, 70059, 7054, 164) ON CONFLICT DO NOTHING;
INSERT INTO products (product_id, name, description, price, image_url) VALUES (70060, 'Bánh ép Hue One Food vị hải sản tôm thịt hộp nhỏ 40g thơm ngon giòn rụm', 'Đặc sản vùng miền chất lượng', 79350, 'https://down-vn.img.susercontent.com/file/vn-11134207-7ras8-m418zmb6cs0f44') ON CONFLICT DO NOTHING;
INSERT INTO inventory (inventory_id, product_id, store_id, stock) VALUES (70436, 70060, 7054, 91) ON CONFLICT DO NOTHING;
INSERT INTO products (product_id, name, description, price, image_url) VALUES (70061, 'Bánh ép Hue One Food Vị Hải Sản Tôm Thịt hộp lớn 65g thơm ngon giòn rụm Đặc Sản Cố Đô', 'Đặc sản vùng miền chất lượng', 120750, 'https://down-vn.img.susercontent.com/file/vn-11134207-7ra0g-maapfwrj1gmj72') ON CONFLICT DO NOTHING;
INSERT INTO inventory (inventory_id, product_id, store_id, stock) VALUES (70437, 70061, 7054, 25) ON CONFLICT DO NOTHING;
INSERT INTO products (product_id, name, description, price, image_url) VALUES (70377, 'Kẹo mềm trái cây healthy đặc sản Vân Nam(sẵn xoài và táo đỏ) C34', 'Đặc sản vùng miền chất lượng', 55000, 'https://down-vn.img.susercontent.com/file/sg-11134201-23010-f7nc3sdavulvee') ON CONFLICT DO NOTHING;
INSERT INTO inventory (inventory_id, product_id, store_id, stock) VALUES (70438, 70377, 7260, 135) ON CONFLICT DO NOTHING;
INSERT INTO products (product_id, name, description, price, image_url) VALUES (70367, 'XOÀI SẤY DẺO MUỐI ỚT HÀNG VNXK VỊ NGỌT VỪA, HƠI CHUA, CAY NHẸ - ĐẶC SẢN THẢO ĐÀ LẠT', 'Đặc sản vùng miền chất lượng', 35042, 'https://down-vn.img.susercontent.com/file/vn-11134201-7r98o-lvo6zdxiwa1d2a') ON CONFLICT DO NOTHING;
INSERT INTO inventory (inventory_id, product_id, store_id, stock) VALUES (70439, 70367, 7056, 94) ON CONFLICT DO NOTHING;
INSERT INTO products (product_id, name, description, price, image_url) VALUES (70338, '[Bánh Bi Cà Phao] Giòn Tan, Thơm Ngậy Vị Trứng Gà - Nhà Làm Thủ Công - Đặc Sản Xứ Nghệ Food', 'Đặc sản vùng miền chất lượng', 47500, 'https://down-vn.img.susercontent.com/file/vn-11134207-81ztc-mm5kf4vzjuh0c4') ON CONFLICT DO NOTHING;
INSERT INTO inventory (inventory_id, product_id, store_id, stock) VALUES (70440, 70338, 7240, 162) ON CONFLICT DO NOTHING;
INSERT INTO products (product_id, name, description, price, image_url) VALUES (70378, 'Me muối Huế gói 500g (Me ngào đường + gói muối)', 'Đặc sản vùng miền chất lượng', 57556, 'https://down-vn.img.susercontent.com/file/vn-11134207-7ras8-mc7r99jj03i45d') ON CONFLICT DO NOTHING;
INSERT INTO inventory (inventory_id, product_id, store_id, stock) VALUES (70441, 70378, 7261, 150) ON CONFLICT DO NOTHING;
INSERT INTO products (product_id, name, description, price, image_url) VALUES (70379, 'KẸO THẬP CẨM SỮA ( kẹo thạch đá quy)- ĐẶC SẢN Chin’s ĐÀ LẠT', 'Đặc sản vùng miền chất lượng', 49000, 'https://down-vn.img.susercontent.com/file/vn-11134207-7ra0g-m7x49sdse5jb63') ON CONFLICT DO NOTHING;
INSERT INTO inventory (inventory_id, product_id, store_id, stock) VALUES (70442, 70379, 7060, 120) ON CONFLICT DO NOTHING;
INSERT INTO products (product_id, name, description, price, image_url) VALUES (70380, 'Mắm nêm pha sẵn bảy lan đặc sản phan thiết', 'Đặc sản vùng miền chất lượng', 39000, 'https://down-vn.img.susercontent.com/file/vn-11134207-820l4-mfjchwgjyhho1a') ON CONFLICT DO NOTHING;
INSERT INTO inventory (inventory_id, product_id, store_id, stock) VALUES (70443, 70380, 7262, 75) ON CONFLICT DO NOTHING;
INSERT INTO products (product_id, name, description, price, image_url) VALUES (70299, 'Trái Cây Ăn Vặt Nam Xanh, Chuối Điều Cuộn, Đặc Sản Việt Nam, Nguyên Liệu Tự Nhiên, Dùng Kèm Trà', 'Đặc sản vùng miền chất lượng', 56000, 'https://down-vn.img.susercontent.com/file/vn-11134207-7ra0g-m6hw60nf1vegd9') ON CONFLICT DO NOTHING;
INSERT INTO inventory (inventory_id, product_id, store_id, stock) VALUES (70444, 70299, 7096, 50) ON CONFLICT DO NOTHING;
INSERT INTO products (product_id, name, description, price, image_url) VALUES (70364, 'KHOAI LANG SẤY DẺO KHÔNG ĐƯỜNG TỰ NHIÊN, HÚT CHÂN KHÔNG TIỆN LỢI MANG THEO', 'Đặc sản vùng miền chất lượng', 48690, 'https://down-vn.img.susercontent.com/file/vn-11134207-820l4-mgx5xyryqnm74a') ON CONFLICT DO NOTHING;
INSERT INTO inventory (inventory_id, product_id, store_id, stock) VALUES (70445, 70364, 7254, 77) ON CONFLICT DO NOTHING;
INSERT INTO products (product_id, name, description, price, image_url) VALUES (70357, 'Trái Cây Sấy Đặc Sản Việt Nam 25g - Ăn Vặt Ngon Miệng, Không Lo Tăng Cân - Dried Fruit Légumes', 'Đặc sản vùng miền chất lượng', 29000, 'https://down-vn.img.susercontent.com/file/vn-11134207-7r98o-lyn8yu9a50st84') ON CONFLICT DO NOTHING;
INSERT INTO inventory (inventory_id, product_id, store_id, stock) VALUES (70446, 70357, 7103, 98) ON CONFLICT DO NOTHING;
INSERT INTO products (product_id, name, description, price, image_url) VALUES (70381, 'Cơm Cháy Đáy Nồi Siêu Chà Bông, Thơm Ngon Cơm Cháy Sài Gòn Chà Bông Bịch 500Gr SP001871', 'Đặc sản vùng miền chất lượng', 115000, 'https://down-vn.img.susercontent.com/file/vn-11134207-7r98o-lpt679wym7nb4c') ON CONFLICT DO NOTHING;
INSERT INTO inventory (inventory_id, product_id, store_id, stock) VALUES (70447, 70381, 7263, 22) ON CONFLICT DO NOTHING;
INSERT INTO products (product_id, name, description, price, image_url) VALUES (70382, 'Bánh Pò Quẩy Hộp - Đặc Sản Hải Phòng , món ăn tuổi thơ', 'Đặc sản vùng miền chất lượng', 33000, 'https://down-vn.img.susercontent.com/file/vn-11134207-7r98o-lsjfsmu700ckbb') ON CONFLICT DO NOTHING;
INSERT INTO inventory (inventory_id, product_id, store_id, stock) VALUES (70448, 70382, 7264, 136) ON CONFLICT DO NOTHING;
INSERT INTO products (product_id, name, description, price, image_url) VALUES (70347, 'Tôm sấy giòn tẩm gia vị ăn liền Đặc sản Nha Trang Hộp 500g giòn rụm thơm ngon', 'Đặc sản vùng miền chất lượng', 262250, 'https://down-vn.img.susercontent.com/file/vn-11134207-7r98o-lpp7ynxx4g9gf6') ON CONFLICT DO NOTHING;
INSERT INTO inventory (inventory_id, product_id, store_id, stock) VALUES (70449, 70347, 7070, 47) ON CONFLICT DO NOTHING;
INSERT INTO products (product_id, name, description, price, image_url) VALUES (70383, 'COMBO 5 Gói Kẹo Đậu Phộng Cô Ti Gói 150g Thơm Ngon Chuẩn Vị, Đặc Sản Huế', 'Đặc sản vùng miền chất lượng', 70000, 'https://down-vn.img.susercontent.com/file/vn-11134207-7ras8-mbscf21r244y33') ON CONFLICT DO NOTHING;
INSERT INTO inventory (inventory_id, product_id, store_id, stock) VALUES (70450, 70383, 7113, 43) ON CONFLICT DO NOTHING;
INSERT INTO products (product_id, name, description, price, image_url) VALUES (70324, 'Mắm Dưa Dì Cẩn Hủ 500gr Nổi Tiếng Đà Nẵng Dưa Giòn Ngon Vị Đậm Đà - Út Hà Đặc Sản', 'Đặc sản vùng miền chất lượng', 88000, 'https://down-vn.img.susercontent.com/file/vn-11134207-7r98o-lz0m6gonarvlc4') ON CONFLICT DO NOTHING;
INSERT INTO inventory (inventory_id, product_id, store_id, stock) VALUES (70451, 70324, 7075, 118) ON CONFLICT DO NOTHING;
INSERT INTO products (product_id, name, description, price, image_url) VALUES (70384, '250G - BÁNH TRÁNG TÂY NINH TRỘN SẴN ĐỦ VỊ (hành phi, xike, phô mai...) - ĂN VẶT NGON LẮC LƯ', 'Đặc sản vùng miền chất lượng', 29000, 'https://down-vn.img.susercontent.com/file/vn-11134207-7ra0g-m81rdzr2uxke2c') ON CONFLICT DO NOTHING;
INSERT INTO inventory (inventory_id, product_id, store_id, stock) VALUES (70452, 70384, 7265, 33) ON CONFLICT DO NOTHING;
INSERT INTO products (product_id, name, description, price, image_url) VALUES (70358, 'Mực Rim Me, Đặc Sản Hải Phòng, Hộp 250gr, Hương Vị Đậm Đà, Kay Nhẹ', 'Đặc sản vùng miền chất lượng', 115000, 'https://down-vn.img.susercontent.com/file/vn-11134207-7ra0g-m8ihutsfhcuc03') ON CONFLICT DO NOTHING;
INSERT INTO inventory (inventory_id, product_id, store_id, stock) VALUES (70453, 70358, 7108, 138) ON CONFLICT DO NOTHING;
INSERT INTO products (product_id, name, description, price, image_url) VALUES (70385, '(Độc Quyền) (50-GRAM)Tóp Mỡ Rim Mắm Tỏi Duy Best Loại Nhất ( Tặng Kèm Sốt Ăn Vặt)', 'Đặc sản vùng miền chất lượng', 28999, 'https://down-vn.img.susercontent.com/file/vn-11134207-820l4-mi8ff1gqq3uv18') ON CONFLICT DO NOTHING;
INSERT INTO inventory (inventory_id, product_id, store_id, stock) VALUES (70454, 70385, 7122, 121) ON CONFLICT DO NOTHING;
INSERT INTO products (product_id, name, description, price, image_url) VALUES (70235, 'Gói 03 Quả Nem chua Yên Mạc đặc sản Ninh Bình (Đóng gói hút chân không) - Vườn Đặc Sản', 'Đặc sản vùng miền chất lượng', 125000, 'https://down-vn.img.susercontent.com/file/sg-11134201-22100-93h52k15ntivcc') ON CONFLICT DO NOTHING;
INSERT INTO inventory (inventory_id, product_id, store_id, stock) VALUES (70455, 70235, 7143, 137) ON CONFLICT DO NOTHING;
INSERT INTO products (product_id, name, description, price, image_url) VALUES (70386, 'Bánh Ép Huế Khô Vị Thịt Nướng Đặc Sản Thuân An Huế Gói 40 Gam', 'Đặc sản vùng miền chất lượng', 22000, 'https://down-vn.img.susercontent.com/file/vn-11134207-7r98o-lxuuk24zr4d700') ON CONFLICT DO NOTHING;
INSERT INTO inventory (inventory_id, product_id, store_id, stock) VALUES (70456, 70386, 7071, 76) ON CONFLICT DO NOTHING;
INSERT INTO products (product_id, name, description, price, image_url) VALUES (70387, 'Ô mai cóc chua ngọt cay Phan Huệ 100g 300g 500g, vị chua ngọt cay, đặc sản Hà Nội', 'Đặc sản vùng miền chất lượng', 29900, 'https://down-vn.img.susercontent.com/file/vn-11134207-820l4-mgn7t5rb7dood4') ON CONFLICT DO NOTHING;
INSERT INTO inventory (inventory_id, product_id, store_id, stock) VALUES (70457, 70387, 7204, 62) ON CONFLICT DO NOTHING;
INSERT INTO products (product_id, name, description, price, image_url) VALUES (70370, '500gr Mơ chanh muối - ngon lạ - đặc sản Chin''s Đà Lạt', 'Đặc sản vùng miền chất lượng', 67000, 'https://down-vn.img.susercontent.com/file/vn-11134207-7qukw-lgn516z7kfuaed') ON CONFLICT DO NOTHING;
INSERT INTO inventory (inventory_id, product_id, store_id, stock) VALUES (70458, 70370, 7004, 95) ON CONFLICT DO NOTHING;
INSERT INTO products (product_id, name, description, price, image_url) VALUES (70245, 'Xoài sấy dẻo tự nhiên 200g - Ngọt mềm không chất bảo quản', 'Đặc sản vùng miền chất lượng', 54000, 'https://down-vn.img.susercontent.com/file/vn-11134207-81ztc-mo0u42mz5amb71') ON CONFLICT DO NOTHING;
INSERT INTO inventory (inventory_id, product_id, store_id, stock) VALUES (70459, 70245, 7183, 86) ON CONFLICT DO NOTHING;
INSERT INTO products (product_id, name, description, price, image_url) VALUES (70368, 'COMBO 5 GÓI BÁNH RẾ ĐẶC SẢN PHAN THIẾT', 'Đặc sản vùng miền chất lượng', 100000, 'https://down-vn.img.susercontent.com/file/vn-11134207-7r98o-lpavbetnzln255') ON CONFLICT DO NOTHING;
INSERT INTO inventory (inventory_id, product_id, store_id, stock) VALUES (70460, 70368, 7257, 98) ON CONFLICT DO NOTHING;
INSERT INTO products (product_id, name, description, price, image_url) VALUES (70388, 'Kẹo chuối tươi Thanh Long đặc sản Bến Tre 480g', 'Đặc sản vùng miền chất lượng', 58000, 'https://down-vn.img.susercontent.com/file/vn-11134207-820l4-mf7xye5h10y62b') ON CONFLICT DO NOTHING;
INSERT INTO inventory (inventory_id, product_id, store_id, stock) VALUES (70461, 70388, 7266, 61) ON CONFLICT DO NOTHING;
INSERT INTO products (product_id, name, description, price, image_url) VALUES (70389, 'Kẹo Chuối Tươi Bánh Phồng Thơm Ngon -Đặc Sản Bến Tre', 'Đặc sản vùng miền chất lượng', 75000, 'https://down-vn.img.susercontent.com/file/vn-11134207-81ztc-mntmxrgwui9u6b') ON CONFLICT DO NOTHING;
INSERT INTO inventory (inventory_id, product_id, store_id, stock) VALUES (70462, 70389, 7267, 54) ON CONFLICT DO NOTHING;
INSERT INTO products (product_id, name, description, price, image_url) VALUES (70390, 'Bánh Tráng Sữa Dừa - Đặc Sản Bến Tre Thơm Béo Vị Cốt Dừa', 'Đặc sản vùng miền chất lượng', 27800, 'https://down-vn.img.susercontent.com/file/vn-11134207-7ras8-mdnge2ss9lbj3d') ON CONFLICT DO NOTHING;
INSERT INTO inventory (inventory_id, product_id, store_id, stock) VALUES (70463, 70390, 7268, 155) ON CONFLICT DO NOTHING;
INSERT INTO products (product_id, name, description, price, image_url) VALUES (70391, 'Cơm cháy lắc khô gà Hộp 500gr [FREE SHIP] TỪ ĐƠN 50K, [Loại Đặc Biệt] Hàng ngon nhà làm', 'Đặc sản vùng miền chất lượng', 62000, 'https://down-vn.img.susercontent.com/file/c2f3b377b29f2bade43011a3de430541') ON CONFLICT DO NOTHING;
INSERT INTO inventory (inventory_id, product_id, store_id, stock) VALUES (70464, 70391, 7082, 128) ON CONFLICT DO NOTHING;
INSERT INTO products (product_id, name, description, price, image_url) VALUES (70392, 'Kẹo Dừa Non Túi 500gr Đặc Sản làm Quà Ngon Nhà Thúy Đặc Sản Đà Nẵng', 'Đặc sản vùng miền chất lượng', 150000, 'https://down-vn.img.susercontent.com/file/vn-11134207-7r98o-luhs3fcdn485f6') ON CONFLICT DO NOTHING;
INSERT INTO inventory (inventory_id, product_id, store_id, stock) VALUES (70465, 70392, 7080, 97) ON CONFLICT DO NOTHING;
INSERT INTO products (product_id, name, description, price, image_url) VALUES (70393, 'Combo 2 hộp BÁNH CÁY LÀNG NGUYỄN THÁI BÌNH GÓI NHỎ TIỆN LỢI LOẠI (ĐẶC BIỆT) 420g', 'Đặc sản vùng miền chất lượng', 69999, 'https://down-vn.img.susercontent.com/file/vn-11134207-7ra0g-m9wwbbzo2w4a71') ON CONFLICT DO NOTHING;
INSERT INTO inventory (inventory_id, product_id, store_id, stock) VALUES (70466, 70393, 7269, 171) ON CONFLICT DO NOTHING;
INSERT INTO products (product_id, name, description, price, image_url) VALUES (70394, 'Kẹo sìu châu Minh Dương Food 400g 290g đặc sản kẹo lạc vừng đậu phộng thơm ngon ngọt nhẹ ít đường', 'Đặc sản vùng miền chất lượng', 89100, 'https://down-vn.img.susercontent.com/file/vn-11134207-81ztc-mnk7ab7ffax0b9') ON CONFLICT DO NOTHING;
INSERT INTO inventory (inventory_id, product_id, store_id, stock) VALUES (70467, 70394, 7270, 147) ON CONFLICT DO NOTHING;
INSERT INTO products (product_id, name, description, price, image_url) VALUES (70395, 'Bánh tráng muối 3 vị KHÔ BÒ, KHÔ GÀ, CHÀ BÔNG - Đặc sản Kiên Giang', 'Đặc sản vùng miền chất lượng', 17000, 'https://down-vn.img.susercontent.com/file/vn-11134207-7ra0g-m8r5i821a0jod7') ON CONFLICT DO NOTHING;
INSERT INTO inventory (inventory_id, product_id, store_id, stock) VALUES (70468, 70395, 7271, 89) ON CONFLICT DO NOTHING;
INSERT INTO products (product_id, name, description, price, image_url) VALUES (70396, 'Combo Mới 5 Loại Khô Cá, Khô Mực 500g Gồm: 100g Khô Mực & 400g Khô Cá 4 Loại Thức Ăn, Ăn Vặt Khô Mực', 'Đặc sản vùng miền chất lượng', 179000, 'https://down-vn.img.susercontent.com/file/vn-11134207-820l4-mga7lqba84qz0b') ON CONFLICT DO NOTHING;
INSERT INTO inventory (inventory_id, product_id, store_id, stock) VALUES (70469, 70396, 7272, 67) ON CONFLICT DO NOTHING;
INSERT INTO products (product_id, name, description, price, image_url) VALUES (70354, 'Kẹo Cu Đơ - Hộp 5 Cái - Giòn, Dẻo, Ngọt Thanh - Hanigo Đặc Sản Đà Nẵng Ngon', 'Đặc sản vùng miền chất lượng', 88000, 'https://down-vn.img.susercontent.com/file/vn-11134207-81ztc-mnqwwaa163go97') ON CONFLICT DO NOTHING;
INSERT INTO inventory (inventory_id, product_id, store_id, stock) VALUES (70470, 70354, 7064, 146) ON CONFLICT DO NOTHING;
INSERT INTO products (product_id, name, description, price, image_url) VALUES (70344, '[C13-14]Kẹo dừa sầu riêng Cocosweet - Béo ngậy, sầu riêng nguyên chất, ít ngọt - Đặc sản Bến Tre', 'Đặc sản vùng miền chất lượng', 75000, 'https://down-vn.img.susercontent.com/file/vn-11134207-7r98o-m06wj5amm2drf7') ON CONFLICT DO NOTHING;
INSERT INTO inventory (inventory_id, product_id, store_id, stock) VALUES (70471, 70344, 7245, 130) ON CONFLICT DO NOTHING;
INSERT INTO products (product_id, name, description, price, image_url) VALUES (70397, 'Bánh chả lá chanh Đinh Thìn, bán tại cửa hàng Nếp Hương - 150g-300g - đặc sản Hà Nội', 'Đặc sản vùng miền chất lượng', 32000, 'https://down-vn.img.susercontent.com/file/vn-11134207-7ra0g-m99nsjnygg3r1f') ON CONFLICT DO NOTHING;
INSERT INTO inventory (inventory_id, product_id, store_id, stock) VALUES (70472, 70397, 7273, 193) ON CONFLICT DO NOTHING;
INSERT INTO products (product_id, name, description, price, image_url) VALUES (70398, '500GR CAY VỪA NEM CHUA TỎI ỚT ĐẶC SẢN NHA TRANG KHÁNH HÒA -  1 ĐÒN BÁN LẺ', 'Đặc sản vùng miền chất lượng', 139000, 'https://down-vn.img.susercontent.com/file/vn-11134201-23020-f4hsyjpbivnvb0') ON CONFLICT DO NOTHING;
INSERT INTO inventory (inventory_id, product_id, store_id, stock) VALUES (70473, 70398, 7274, 55) ON CONFLICT DO NOTHING;
INSERT INTO products (product_id, name, description, price, image_url) VALUES (70276, 'combo 5 miếng Cơm cháy nếp chiên chà bông Phúc Thịnh ngon giòn rụm loại lớn', 'Đặc sản vùng miền chất lượng', 22000, 'https://down-vn.img.susercontent.com/file/vn-11134207-820l4-mgkf1lhqa3uy86') ON CONFLICT DO NOTHING;
INSERT INTO inventory (inventory_id, product_id, store_id, stock) VALUES (70474, 70276, 7174, 137) ON CONFLICT DO NOTHING;
INSERT INTO products (product_id, name, description, price, image_url) VALUES (70399, 'Mắm dưa gang Bà Màng Huế thơm cay chuẩn vị - hủ 450g - Đặc sản Huế', 'Đặc sản vùng miền chất lượng', 50000, 'https://down-vn.img.susercontent.com/file/sg-11134201-23010-huoit5s0x6lv8d') ON CONFLICT DO NOTHING;
INSERT INTO inventory (inventory_id, product_id, store_id, stock) VALUES (70475, 70399, 7142, 27) ON CONFLICT DO NOTHING;
INSERT INTO products (product_id, name, description, price, image_url) VALUES (70400, 'Lương Khô SBT Energy Dice Vị Mè Đen (Gói 285g)', 'Đặc sản vùng miền chất lượng', 43000, 'https://down-vn.img.susercontent.com/file/vn-11134207-7r98o-lx974ue3mva17f') ON CONFLICT DO NOTHING;
INSERT INTO inventory (inventory_id, product_id, store_id, stock) VALUES (70476, 70400, 7275, 57) ON CONFLICT DO NOTHING;
INSERT INTO products (product_id, name, description, price, image_url) VALUES (70401, 'XOÀI SẤY DẺO TỰ NHIÊN/ MUỐI ỚT CHUA NGỌT LOẠI ĐẶC BIỆT NATURE FOOD', 'Đặc sản vùng miền chất lượng', 65000, 'https://down-vn.img.susercontent.com/file/vn-11134207-7qukw-lkhtoeq8d9jw13') ON CONFLICT DO NOTHING;
INSERT INTO inventory (inventory_id, product_id, store_id, stock) VALUES (70477, 70401, 7276, 71) ON CONFLICT DO NOTHING;
INSERT INTO products (product_id, name, description, price, image_url) VALUES (70332, 'Mắm Tôm Chua Dì Cẩn 500g - Hương Vị Đặc Sản Đậm Đà Khó Quên, Mắm Tôm Chua Đà Nẵng', 'Đặc sản vùng miền chất lượng', 85000, 'https://down-vn.img.susercontent.com/file/vn-11134207-7ras8-m250568a6zmm98') ON CONFLICT DO NOTHING;
INSERT INTO inventory (inventory_id, product_id, store_id, stock) VALUES (70478, 70332, 7235, 80) ON CONFLICT DO NOTHING;
INSERT INTO products (product_id, name, description, price, image_url) VALUES (70402, 'Me Lào sấy kèm muối tôm  500GRAM - Loại 1 không sâu  [FREE SHIP] TỪ ĐƠN 50K, [Loại Đặc Biệt] Hàng ngon nhà làm', 'Đặc sản vùng miền chất lượng', 75000, 'https://down-vn.img.susercontent.com/file/d5fdac9a2f1677d407b288ab856e97af') ON CONFLICT DO NOTHING;
INSERT INTO inventory (inventory_id, product_id, store_id, stock) VALUES (70479, 70402, 7082, 199) ON CONFLICT DO NOTHING;
INSERT INTO products (product_id, name, description, price, image_url) VALUES (70403, 'Combo 3 Bánh Sắn Ớt Tỏi Đặc Sản Phú Yên Xưa - Snack Ngon ăn Vặt', 'Đặc sản vùng miền chất lượng', 105000, 'https://down-vn.img.susercontent.com/file/vn-11134207-820l4-mhildsrl6bcx55') ON CONFLICT DO NOTHING;
INSERT INTO inventory (inventory_id, product_id, store_id, stock) VALUES (70480, 70403, 7106, 44) ON CONFLICT DO NOTHING;
INSERT INTO products (product_id, name, description, price, image_url) VALUES (70373, '[COMBO 2] BÁNH PHỒNG CHUỐI + MÈ ĐEN NƯỚNG SẴN MƯỜI THIẾT –  BÁNH LOẠI 1- TIẾT KIỆM HƠN – ĂN LIỀN - ĐẶC SẢN BẾN TRE', 'Đặc sản vùng miền chất lượng', 55000, 'https://down-vn.img.susercontent.com/file/vn-11134207-81ztc-mmukou9ru13a97') ON CONFLICT DO NOTHING;
INSERT INTO inventory (inventory_id, product_id, store_id, stock) VALUES (70481, 70373, 7180, 95) ON CONFLICT DO NOTHING;
INSERT INTO products (product_id, name, description, price, image_url) VALUES (70404, 'Bánh Tráng Dẻo Tôm Không Cay Phơi Sương 500gr - Đặc sản Củ Chi.', 'Đặc sản vùng miền chất lượng', 49000, 'https://down-vn.img.susercontent.com/file/vn-11134207-81ztc-mnu3v7oxggecc7') ON CONFLICT DO NOTHING;
INSERT INTO inventory (inventory_id, product_id, store_id, stock) VALUES (70482, 70404, 7277, 103) ON CONFLICT DO NOTHING;
INSERT INTO products (product_id, name, description, price, image_url) VALUES (70405, '500gr Mơ chanh muối - ngon lạ - đặc sản Chin''s Đà Lạt', 'Đặc sản vùng miền chất lượng', 64000, 'https://down-vn.img.susercontent.com/file/vn-11134207-7ra0g-m7xf7wxr79dwe5') ON CONFLICT DO NOTHING;
INSERT INTO inventory (inventory_id, product_id, store_id, stock) VALUES (70483, 70405, 7060, 79) ON CONFLICT DO NOTHING;
INSERT INTO products (product_id, name, description, price, image_url) VALUES (70406, 'Kẹo Hạt Điều Bánh Đa Lê Trang đặc sản Tây Ninh 1 Bịch (2 miếng)', 'Đặc sản vùng miền chất lượng', 47000, 'https://down-vn.img.susercontent.com/file/vn-11134207-7r98o-lzt4rgozupu5d0') ON CONFLICT DO NOTHING;
INSERT INTO inventory (inventory_id, product_id, store_id, stock) VALUES (70484, 70406, 7278, 122) ON CONFLICT DO NOTHING;
INSERT INTO products (product_id, name, description, price, image_url) VALUES (70407, '[OCOP 5 SAO] Kẹo dừa sáp VICOSAP nguyên chất đủ vị kẹo mềm dẻo ít ngọt đặc sản Trà Vinh 100g', 'Đặc sản vùng miền chất lượng', 52250, 'https://down-vn.img.susercontent.com/file/vn-11134207-81ztc-ml65jvedo45p5d') ON CONFLICT DO NOTHING;
INSERT INTO inventory (inventory_id, product_id, store_id, stock) VALUES (70485, 70407, 7163, 181) ON CONFLICT DO NOTHING;
INSERT INTO products (product_id, name, description, price, image_url) VALUES (70408, 'Khoai Lang Sấy Mật Ong Đà Lạt - Khoai vàng mật ong giòn rụm - Ăn vặt Heathy tươi sạch - 100% ĐÀ LẠT', 'Đặc sản vùng miền chất lượng', 30000, 'https://down-vn.img.susercontent.com/file/vn-11134207-820l4-mitkcrzaq6810a') ON CONFLICT DO NOTHING;
INSERT INTO inventory (inventory_id, product_id, store_id, stock) VALUES (70486, 70408, 7279, 106) ON CONFLICT DO NOTHING;
INSERT INTO products (product_id, name, description, price, image_url) VALUES (70335, 'COMBO 10 GÓI KẸO KÉO ĐẬU PHỘNG HUẾ, KẸO DỒI ĐẬU PHỘNG GÓI 75G THƠM NGON CHUẨN VỊ, ĐẶC SẢN HUẾ', 'Đặc sản vùng miền chất lượng', 35000, 'https://down-vn.img.susercontent.com/file/vn-11134207-7ras8-mdhc1lom8slh8f') ON CONFLICT DO NOTHING;
INSERT INTO inventory (inventory_id, product_id, store_id, stock) VALUES (70487, 70335, 7126, 86) ON CONFLICT DO NOTHING;
INSERT INTO products (product_id, name, description, price, image_url) VALUES (70409, '500g Chuối Xiêm ép sấy dẻo được phơi khô,vị ngọt tự nhiên từ chuối,dùng ăn vặt,làm bánh mứt,đặc sản Cà Mau', 'Đặc sản vùng miền chất lượng', 39000, 'https://down-vn.img.susercontent.com/file/sg-11134201-820no-mnwzbwpqus5dfc') ON CONFLICT DO NOTHING;
INSERT INTO inventory (inventory_id, product_id, store_id, stock) VALUES (70488, 70409, 7280, 87) ON CONFLICT DO NOTHING;
INSERT INTO products (product_id, name, description, price, image_url) VALUES (70410, 'CỐM SỮA - ĐẶC SẢN PHAN THIẾT ( 10 cái / gói )', 'Đặc sản vùng miền chất lượng', 35000, 'https://down-vn.img.susercontent.com/file/vn-11134207-7r98o-lxdn8q1umaqj7a') ON CONFLICT DO NOTHING;
INSERT INTO inventory (inventory_id, product_id, store_id, stock) VALUES (70489, 70410, 7110, 79) ON CONFLICT DO NOTHING;
INSERT INTO products (product_id, name, description, price, image_url) VALUES (70411, '[Ăn là Nhớ] Chuối Xiêm Sấy Mộc Nguyên Trái Dẻo Ngọt Tự Nhiên  -Thương hiệu BẢY HOÀNG- Đặc Sản Cà Mau-Túi 500gr-Kingsmart', 'Đặc sản vùng miền chất lượng', 47000, 'https://down-vn.img.susercontent.com/file/vn-11134207-81ztc-mma6gh77jqiw50') ON CONFLICT DO NOTHING;
INSERT INTO inventory (inventory_id, product_id, store_id, stock) VALUES (70490, 70411, 7065, 22) ON CONFLICT DO NOTHING;
INSERT INTO products (product_id, name, description, price, image_url) VALUES (70412, 'Khô cá khoai rim mè 200g đồ ăn vặt ngon giá rẻ Đệ Nhất Khô Đặc Sản Phan Thiết AV19', 'Đặc sản vùng miền chất lượng', 102720, 'https://down-vn.img.susercontent.com/file/d841b31de85e727c0267086ddf5f3767') ON CONFLICT DO NOTHING;
INSERT INTO inventory (inventory_id, product_id, store_id, stock) VALUES (70491, 70412, 7136, 88) ON CONFLICT DO NOTHING;
INSERT INTO products (product_id, name, description, price, image_url) VALUES (70413, 'Mè Xửng Thiên Hương Chính Hãng Dẻo Loại Đặc Biệt Ngon 500 Gam Đặc Sản Huế', 'Đặc sản vùng miền chất lượng', 72000, 'https://down-vn.img.susercontent.com/file/vn-11134207-7r98o-lvnhnr1zmcu10a') ON CONFLICT DO NOTHING;
INSERT INTO inventory (inventory_id, product_id, store_id, stock) VALUES (70492, 70413, 7071, 133) ON CONFLICT DO NOTHING;
INSERT INTO products (product_id, name, description, price, image_url) VALUES (70414, 'BÁNH DỪA NƯỚNG ĐẶC SẢN ĐÀ NẴNG - hiệu Mỹ Phương food túi 150gr trọng lượng tịnh', 'Đặc sản vùng miền chất lượng', 35000, 'https://down-vn.img.susercontent.com/file/615c5a3dfd72060147cda11bfa858e6a') ON CONFLICT DO NOTHING;
INSERT INTO inventory (inventory_id, product_id, store_id, stock) VALUES (70493, 70414, 7080, 60) ON CONFLICT DO NOTHING;
INSERT INTO products (product_id, name, description, price, image_url) VALUES (70122, '[Hũ 400gr] Mắm Ruốc Ăn Liền Đặc Sản Mắm Huế Nguyên Chất Loại 1 Mắm Huế O Dung Chuẩn Vị Huế', 'Đặc sản vùng miền chất lượng', 69500, 'https://down-vn.img.susercontent.com/file/vn-11134207-81ztc-mnwe779vg83m13') ON CONFLICT DO NOTHING;
INSERT INTO inventory (inventory_id, product_id, store_id, stock) VALUES (70494, 70122, 7000, 185) ON CONFLICT DO NOTHING;
INSERT INTO products (product_id, name, description, price, image_url) VALUES (70415, '[Hũ 1kg] Mắm Cá Rò O Dung Mắm Ngon Đầu Mùa Đậm Đà Mắm Chuẩn Gia Vị Truyền Thống Huế', 'Đặc sản vùng miền chất lượng', 89999, 'https://down-vn.img.susercontent.com/file/vn-11134207-81ztc-mnwbrjab826c1f') ON CONFLICT DO NOTHING;
INSERT INTO inventory (inventory_id, product_id, store_id, stock) VALUES (70495, 70415, 7000, 81) ON CONFLICT DO NOTHING;
INSERT INTO products (product_id, name, description, price, image_url) VALUES (70002, '[Combo 2 chai] Mắm Nêm Huế Loại Ngon Pha Sẵn Chuẩn Vị Đặc Sản Huế  Mắm Huế O Dung', 'Đặc sản vùng miền chất lượng', 115000, 'https://down-vn.img.susercontent.com/file/vn-11134207-81ztc-mnwche6m1q0wf0') ON CONFLICT DO NOTHING;
INSERT INTO inventory (inventory_id, product_id, store_id, stock) VALUES (70496, 70002, 7000, 140) ON CONFLICT DO NOTHING;
INSERT INTO products (product_id, name, description, price, image_url) VALUES (70402, 'Me Lào sấy kèm muối tôm  500GRAM - Loại 1 không sâu  [FREE SHIP] TỪ ĐƠN 50K, [Loại Đặc Biệt] Hàng ngon nhà làm', 'Đặc sản vùng miền chất lượng', 75000, 'https://down-vn.img.susercontent.com/file/d5fdac9a2f1677d407b288ab856e97af') ON CONFLICT DO NOTHING;
INSERT INTO inventory (inventory_id, product_id, store_id, stock) VALUES (70497, 70402, 7082, 178) ON CONFLICT DO NOTHING;
INSERT INTO products (product_id, name, description, price, image_url) VALUES (70412, 'Khô cá khoai rim mè 200g đồ ăn vặt ngon giá rẻ Đệ Nhất Khô Đặc Sản Phan Thiết AV19', 'Đặc sản vùng miền chất lượng', 102720, 'https://down-vn.img.susercontent.com/file/d841b31de85e727c0267086ddf5f3767') ON CONFLICT DO NOTHING;
INSERT INTO inventory (inventory_id, product_id, store_id, stock) VALUES (70498, 70412, 7136, 146) ON CONFLICT DO NOTHING;
INSERT INTO products (product_id, name, description, price, image_url) VALUES (70405, '500gr Mơ chanh muối - ngon lạ - đặc sản Chin''s Đà Lạt', 'Đặc sản vùng miền chất lượng', 64000, 'https://down-vn.img.susercontent.com/file/vn-11134207-7ra0g-m7xf7wxr79dwe5') ON CONFLICT DO NOTHING;
INSERT INTO inventory (inventory_id, product_id, store_id, stock) VALUES (70499, 70405, 7060, 124) ON CONFLICT DO NOTHING;
INSERT INTO products (product_id, name, description, price, image_url) VALUES (70416, 'Bánh Đậu Phộng Đặc Sản Đà Nẵng Bịch 5 Cái Kẹo Đậu Phộng Đặc Sản Làm Quà Tiệm Của Thúy Thơm Ngon Giòn Hấp Dẫn', 'Đặc sản vùng miền chất lượng', 90000, 'https://down-vn.img.susercontent.com/file/sg-11134201-22110-c8okqtcnvhjv1c') ON CONFLICT DO NOTHING;
INSERT INTO inventory (inventory_id, product_id, store_id, stock) VALUES (70500, 70416, 7281, 88) ON CONFLICT DO NOTHING;
INSERT INTO products (product_id, name, description, price, image_url) VALUES (70417, '( Đặc sản Điện Biên) Thịt lợn khô gác bếp ngon số 1', 'Đặc sản vùng miền chất lượng', 360000, 'https://down-vn.img.susercontent.com/file/vn-11134207-7ra0g-mag9d2s6gqm9a0') ON CONFLICT DO NOTHING;
INSERT INTO inventory (inventory_id, product_id, store_id, stock) VALUES (70501, 70417, 7282, 135) ON CONFLICT DO NOTHING;
INSERT INTO products (product_id, name, description, price, image_url) VALUES (70418, 'Sốt cay Jinzai Xiaoyuzai, món ăn nhanh cá ngon, thỏa mãn sự thèm ăn, đặc sản Hồ Nam, cá biển sâu', 'Đặc sản vùng miền chất lượng', 114401, 'https://down-vn.img.susercontent.com/file/vn-11134201-820l4-miomhpn2msjs07') ON CONFLICT DO NOTHING;
INSERT INTO inventory (inventory_id, product_id, store_id, stock) VALUES (70502, 70418, 7283, 117) ON CONFLICT DO NOTHING;
INSERT INTO products (product_id, name, description, price, image_url) VALUES (70385, '(Độc Quyền) (50-GRAM)Tóp Mỡ Rim Mắm Tỏi Duy Best Loại Nhất ( Tặng Kèm Sốt Ăn Vặt)', 'Đặc sản vùng miền chất lượng', 28999, 'https://down-vn.img.susercontent.com/file/vn-11134207-820l4-mi8ff1gqq3uv18') ON CONFLICT DO NOTHING;
INSERT INTO inventory (inventory_id, product_id, store_id, stock) VALUES (70503, 70385, 7122, 45) ON CONFLICT DO NOTHING;
INSERT INTO products (product_id, name, description, price, image_url) VALUES (70401, 'XOÀI SẤY DẺO TỰ NHIÊN/ MUỐI ỚT CHUA NGỌT LOẠI ĐẶC BIỆT NATURE FOOD', 'Đặc sản vùng miền chất lượng', 65000, 'https://down-vn.img.susercontent.com/file/vn-11134207-7qukw-lkhtoeq8d9jw13') ON CONFLICT DO NOTHING;
INSERT INTO inventory (inventory_id, product_id, store_id, stock) VALUES (70504, 70401, 7276, 190) ON CONFLICT DO NOTHING;
INSERT INTO products (product_id, name, description, price, image_url) VALUES (70403, 'Combo 3 Bánh Sắn Ớt Tỏi Đặc Sản Phú Yên Xưa - Snack Ngon ăn Vặt', 'Đặc sản vùng miền chất lượng', 105000, 'https://down-vn.img.susercontent.com/file/vn-11134207-820l4-mhildsrl6bcx55') ON CONFLICT DO NOTHING;
INSERT INTO inventory (inventory_id, product_id, store_id, stock) VALUES (70505, 70403, 7106, 179) ON CONFLICT DO NOTHING;
INSERT INTO products (product_id, name, description, price, image_url) VALUES (70377, 'Kẹo mềm trái cây healthy đặc sản Vân Nam(sẵn xoài và táo đỏ) C34', 'Đặc sản vùng miền chất lượng', 55000, 'https://down-vn.img.susercontent.com/file/sg-11134201-23010-f7nc3sdavulvee') ON CONFLICT DO NOTHING;
INSERT INTO inventory (inventory_id, product_id, store_id, stock) VALUES (70506, 70377, 7260, 64) ON CONFLICT DO NOTHING;
INSERT INTO products (product_id, name, description, price, image_url) VALUES (70419, 'Bánh tráng phơi sương 500g TIGER FOOD Đặc sản Tây Ninh sử dụng được cho nhiều món ăn vặt,dẻo thơm ngon', 'Đặc sản vùng miền chất lượng', 35800, 'https://down-vn.img.susercontent.com/file/sg-11134201-22110-t3aqwcqskekvce') ON CONFLICT DO NOTHING;
INSERT INTO inventory (inventory_id, product_id, store_id, stock) VALUES (70507, 70419, 7192, 126) ON CONFLICT DO NOTHING;
INSERT INTO products (product_id, name, description, price, image_url) VALUES (70420, 'Bánh ngói hạnh nhân, Đặc sản Ngon Lạ Đà Lạt', 'Đặc sản vùng miền chất lượng', 43200, 'https://down-vn.img.susercontent.com/file/vn-11134207-820l4-mha1sflpuqrydf') ON CONFLICT DO NOTHING;
INSERT INTO inventory (inventory_id, product_id, store_id, stock) VALUES (70508, 70420, 7115, 143) ON CONFLICT DO NOTHING;
INSERT INTO products (product_id, name, description, price, image_url) VALUES (70421, 'Combo 4 Đặc sản Antesco (Mắm, Mía, Mè, Cà)', 'Đặc sản vùng miền chất lượng', 190000, 'https://down-vn.img.susercontent.com/file/vn-11134207-7qukw-lj6phcbk3cb0ad') ON CONFLICT DO NOTHING;
INSERT INTO inventory (inventory_id, product_id, store_id, stock) VALUES (70509, 70421, 7216, 94) ON CONFLICT DO NOTHING;
INSERT INTO products (product_id, name, description, price, image_url) VALUES (70422, 'BÁNH TRÁNG GIÒN SA TẾ TÉP RIM ĐÀ LẠT MẶN MẶN, CAY CAY, GIÒN NGON, MÓN ĂN VẶT MÊ LY CHO MỌI LỨA TUỔI- ĐẶC SẢN THẢO ĐÀ LẠT', 'Đặc sản vùng miền chất lượng', 45000, 'https://down-vn.img.susercontent.com/file/vn-11134201-7r98o-lvo6wp1so5vffe') ON CONFLICT DO NOTHING;
INSERT INTO inventory (inventory_id, product_id, store_id, stock) VALUES (70510, 70422, 7056, 133) ON CONFLICT DO NOTHING;
INSERT INTO products (product_id, name, description, price, image_url) VALUES (70337, 'KẸO DỪA DẺO THANH BÌNH – ĐẶC SẢN BẾN TRE, THƠM NGON CHUẨN VỊ', 'Đặc sản vùng miền chất lượng', 41500, 'https://down-vn.img.susercontent.com/file/vn-11134207-81ztc-mo0thx1tjfut87') ON CONFLICT DO NOTHING;
INSERT INTO inventory (inventory_id, product_id, store_id, stock) VALUES (70511, 70337, 7239, 86) ON CONFLICT DO NOTHING;
INSERT INTO products (product_id, name, description, price, image_url) VALUES (70423, 'Kẹo Me Cay Đặc Sản Đà Lạt - Lon 500gr', 'Đặc sản vùng miền chất lượng', 101850, 'https://down-vn.img.susercontent.com/file/sg-11134201-22100-g2xdhbg3l6iv45') ON CONFLICT DO NOTHING;
INSERT INTO inventory (inventory_id, product_id, store_id, stock) VALUES (70512, 70423, 7284, 21) ON CONFLICT DO NOTHING;
INSERT INTO products (product_id, name, description, price, image_url) VALUES (70424, 'Khô gà lá chanh Sóc Trăng loại Đặc Biệt, thơm ngon hút chân không đặc sản Trần Đề', 'Đặc sản vùng miền chất lượng', 55900, 'https://down-vn.img.susercontent.com/file/vn-11134207-7ras8-m2rwfq4g2ta2ad') ON CONFLICT DO NOTHING;
INSERT INTO inventory (inventory_id, product_id, store_id, stock) VALUES (70513, 70424, 7285, 39) ON CONFLICT DO NOTHING;
INSERT INTO products (product_id, name, description, price, image_url) VALUES (70425, 'Snack kiwi vỏ vàng, đặc sản của Thiểm Tây, snack kiwi vàng nguyên vị, snack vỏ vàng cao cấp, mứt trái cây tươi.', 'Đặc sản vùng miền chất lượng', 794566, 'https://down-vn.img.susercontent.com/file/vn-11134201-81ztc-mnwoxfa0ybr484') ON CONFLICT DO NOTHING;
INSERT INTO inventory (inventory_id, product_id, store_id, stock) VALUES (70514, 70425, 7130, 88) ON CONFLICT DO NOTHING;
INSERT INTO products (product_id, name, description, price, image_url) VALUES (70388, 'Kẹo chuối tươi Thanh Long đặc sản Bến Tre 480g', 'Đặc sản vùng miền chất lượng', 58000, 'https://down-vn.img.susercontent.com/file/vn-11134207-820l4-mf7xye5h10y62b') ON CONFLICT DO NOTHING;
INSERT INTO inventory (inventory_id, product_id, store_id, stock) VALUES (70515, 70388, 7266, 49) ON CONFLICT DO NOTHING;
INSERT INTO products (product_id, name, description, price, image_url) VALUES (70410, 'CỐM SỮA - ĐẶC SẢN PHAN THIẾT ( 10 cái / gói )', 'Đặc sản vùng miền chất lượng', 35000, 'https://down-vn.img.susercontent.com/file/vn-11134207-7r98o-lxdn8q1umaqj7a') ON CONFLICT DO NOTHING;
INSERT INTO inventory (inventory_id, product_id, store_id, stock) VALUES (70516, 70410, 7110, 60) ON CONFLICT DO NOTHING;
INSERT INTO products (product_id, name, description, price, image_url) VALUES (70334, 'Cơm Cháy Sài Gòn Siêu Chà Bông - Gói 185gr +5gr - Tadico_ Đặc Sản Nha Trang', 'Đặc sản vùng miền chất lượng', 42000, 'https://down-vn.img.susercontent.com/file/vn-11134207-7ra0g-m7bbysp23htoea') ON CONFLICT DO NOTHING;
INSERT INTO inventory (inventory_id, product_id, store_id, stock) VALUES (70517, 70334, 7237, 135) ON CONFLICT DO NOTHING;
INSERT INTO products (product_id, name, description, price, image_url) VALUES (70426, 'Khô Cá Phèn Tẩm Vị Mặn Ngọt Đặc Sản Đảo Nam Du Ăn Vặt Thức Ăn', 'Đặc sản vùng miền chất lượng', 89000, 'https://down-vn.img.susercontent.com/file/vn-11134207-820l4-mf6y3bizxqmi39') ON CONFLICT DO NOTHING;
INSERT INTO inventory (inventory_id, product_id, store_id, stock) VALUES (70518, 70426, 7286, 59) ON CONFLICT DO NOTHING;
INSERT INTO products (product_id, name, description, price, image_url) VALUES (70427, 'COMBO SIÊU RẺ] BÁNH TRÁNG NƯỚC DỪA MÈ ĐEN DALOP 65GR ĐẶC SẢN BÌNH ĐỊNH HÀNG GỐC CHUẨN, DATE LUÔN MỚI', 'Đặc sản vùng miền chất lượng', 45600, 'https://down-vn.img.susercontent.com/file/vn-11134207-81ztc-mlc960kq8xz7cf') ON CONFLICT DO NOTHING;
INSERT INTO inventory (inventory_id, product_id, store_id, stock) VALUES (70519, 70427, 7287, 94) ON CONFLICT DO NOTHING;
INSERT INTO products (product_id, name, description, price, image_url) VALUES (70428, 'COMBO 5 GÓI ĐẶC SẢN QUẨY XOẮN VỊ GỪNG THƠM NGON', 'Đặc sản vùng miền chất lượng', 19000, 'https://down-vn.img.susercontent.com/file/vn-11134207-81ztc-mkci75rqpoufa9') ON CONFLICT DO NOTHING;
INSERT INTO inventory (inventory_id, product_id, store_id, stock) VALUES (70520, 70428, 7288, 172) ON CONFLICT DO NOTHING;
INSERT INTO products (product_id, name, description, price, image_url) VALUES (70429, 'Bánh Xoài - Đặc sản Nha Trang', 'Đặc sản vùng miền chất lượng', 20000, 'https://down-vn.img.susercontent.com/file/vn-11134207-7r98o-lt52qnr6watgfb') ON CONFLICT DO NOTHING;
INSERT INTO inventory (inventory_id, product_id, store_id, stock) VALUES (70521, 70429, 7246, 164) ON CONFLICT DO NOTHING;
INSERT INTO products (product_id, name, description, price, image_url) VALUES (70430, 'Đồ ăn vặt ngon giá rẻ Đệ Nhất Khô 22 món đặc sản Phan Thiết', 'Đặc sản vùng miền chất lượng', 75000, 'https://down-vn.img.susercontent.com/file/sg-11134201-23010-b2say3olxgmvd8') ON CONFLICT DO NOTHING;
INSERT INTO inventory (inventory_id, product_id, store_id, stock) VALUES (70522, 70430, 7136, 48) ON CONFLICT DO NOTHING;
INSERT INTO products (product_id, name, description, price, image_url) VALUES (70431, 'Đặc sản thịt chua Thanh Sơn bì giòn sần sật', 'Đặc sản vùng miền chất lượng', 49000, 'https://down-vn.img.susercontent.com/file/vn-11134207-81ztc-mm79gq6896a7b0') ON CONFLICT DO NOTHING;
INSERT INTO inventory (inventory_id, product_id, store_id, stock) VALUES (70523, 70431, 7289, 123) ON CONFLICT DO NOTHING;
INSERT INTO products (product_id, name, description, price, image_url) VALUES (70432, 'Khô Gà Túi Sóc Nâu 500g', 'Đặc sản vùng miền chất lượng', 209000, 'https://down-vn.img.susercontent.com/file/vn-11134207-7ra0g-m6eyw2htrql415') ON CONFLICT DO NOTHING;
INSERT INTO inventory (inventory_id, product_id, store_id, stock) VALUES (70524, 70432, 7290, 129) ON CONFLICT DO NOTHING;
INSERT INTO products (product_id, name, description, price, image_url) VALUES (70433, 'Bánh Chè Lam Chú Béo Bịch 280 Gram - Đặc Sản Hà Nội [TD FOOD]', 'Đặc sản vùng miền chất lượng', 25000, 'https://down-vn.img.susercontent.com/file/vn-11134207-820l4-mfifbisumyvgcb') ON CONFLICT DO NOTHING;
INSERT INTO inventory (inventory_id, product_id, store_id, stock) VALUES (70525, 70433, 7291, 128) ON CONFLICT DO NOTHING;
INSERT INTO products (product_id, name, description, price, image_url) VALUES (70434, 'Bánh ép khô giòn Mệ Thi đặc sản Huế kèm nước chấm [Loại đặc biệt]', 'Đặc sản vùng miền chất lượng', 62000, 'https://down-vn.img.susercontent.com/file/vn-11134207-7ras8-mdhe2yh3lyh1cd') ON CONFLICT DO NOTHING;
INSERT INTO inventory (inventory_id, product_id, store_id, stock) VALUES (70526, 70434, 7292, 37) ON CONFLICT DO NOTHING;
INSERT INTO products (product_id, name, description, price, image_url) VALUES (70435, 'Cơm sấy chà bông gà lá chanh Gia Lai Đặc sản Minh Hương', 'Đặc sản vùng miền chất lượng', 55000, 'https://down-vn.img.susercontent.com/file/vn-11134207-7ra0g-m8youns008ck72') ON CONFLICT DO NOTHING;
INSERT INTO inventory (inventory_id, product_id, store_id, stock) VALUES (70527, 70435, 7207, 97) ON CONFLICT DO NOTHING;
INSERT INTO products (product_id, name, description, price, image_url) VALUES (70381, 'Cơm Cháy Đáy Nồi Siêu Chà Bông, Thơm Ngon Cơm Cháy Sài Gòn Chà Bông Bịch 500Gr SP001871', 'Đặc sản vùng miền chất lượng', 115000, 'https://down-vn.img.susercontent.com/file/vn-11134207-7r98o-lpt679wym7nb4c') ON CONFLICT DO NOTHING;
INSERT INTO inventory (inventory_id, product_id, store_id, stock) VALUES (70528, 70381, 7263, 37) ON CONFLICT DO NOTHING;
INSERT INTO products (product_id, name, description, price, image_url) VALUES (70299, 'Trái Cây Ăn Vặt Nam Xanh, Chuối Điều Cuộn, Đặc Sản Việt Nam, Nguyên Liệu Tự Nhiên, Dùng Kèm Trà', 'Đặc sản vùng miền chất lượng', 56000, 'https://down-vn.img.susercontent.com/file/vn-11134207-7ra0g-m6hw60nf1vegd9') ON CONFLICT DO NOTHING;
INSERT INTO inventory (inventory_id, product_id, store_id, stock) VALUES (70529, 70299, 7096, 65) ON CONFLICT DO NOTHING;
INSERT INTO products (product_id, name, description, price, image_url) VALUES (70436, 'Mực Cán Tẩm Gia Vị Loại Ngon Đặc Sản Nha Trang Phương Anh Hộp 500Gr', 'Đặc sản vùng miền chất lượng', 310000, 'https://down-vn.img.susercontent.com/file/vn-11134207-7qukw-lgoi0jyvomwj88') ON CONFLICT DO NOTHING;
INSERT INTO inventory (inventory_id, product_id, store_id, stock) VALUES (70530, 70436, 7293, 185) ON CONFLICT DO NOTHING;
INSERT INTO products (product_id, name, description, price, image_url) VALUES (70437, 'Đặc sản Hải Nam Đồ ăn vặt xoài miền Nam, mít sấy, trái cây ngâm đường, trái cây sấy khô, dừa sấy.', 'Đặc sản vùng miền chất lượng', 143846, 'https://down-vn.img.susercontent.com/file/vn-11134201-81ztc-mnvbzyzwq51k7a') ON CONFLICT DO NOTHING;
INSERT INTO inventory (inventory_id, product_id, store_id, stock) VALUES (70531, 70437, 7130, 76) ON CONFLICT DO NOTHING;
INSERT INTO products (product_id, name, description, price, image_url) VALUES (70438, 'Thịt Trâu Gác Bếp 500g (Hàng Rừng) – Lân Núi Rừng – Đặc Sản Dân Tộc Thái Điện Biên  – Tặng Chẩm Chéo', 'Đặc sản vùng miền chất lượng', 539000, 'https://down-vn.img.susercontent.com/file/vn-11134207-81ztc-mkijdjm62fbbe7') ON CONFLICT DO NOTHING;
INSERT INTO inventory (inventory_id, product_id, store_id, stock) VALUES (70532, 70438, 7294, 166) ON CONFLICT DO NOTHING;
INSERT INTO products (product_id, name, description, price, image_url) VALUES (70439, 'Khoai chuối giòn đóng gói lớn của Philippines, chuối sấy lát, đồ ăn vặt cho bà bầu và trẻ em, sản phẩm đặc biệt, tốt cho', 'Đặc sản vùng miền chất lượng', 580221, 'https://down-vn.img.susercontent.com/file/vn-11134201-81ztc-mnwivefk4irs15') ON CONFLICT DO NOTHING;
INSERT INTO inventory (inventory_id, product_id, store_id, stock) VALUES (70533, 70439, 7130, 152) ON CONFLICT DO NOTHING;
INSERT INTO products (product_id, name, description, price, image_url) VALUES (70440, 'Khô cá thiều que gói 200g ăn vặt siêu ngon đặc sản Đà Nẵng', 'Đặc sản vùng miền chất lượng', 145000, 'https://down-vn.img.susercontent.com/file/708bf200d824b5da08b6efba03c36a42') ON CONFLICT DO NOTHING;
INSERT INTO inventory (inventory_id, product_id, store_id, stock) VALUES (70534, 70440, 7295, 185) ON CONFLICT DO NOTHING;
INSERT INTO products (product_id, name, description, price, image_url) VALUES (70441, 'Khô Mực Cán Tẩm Gia Vị [ Loại 1 Nguyên Miếng ] đặc sản Nha Trang 79Food - 150g/250g/500g', 'Đặc sản vùng miền chất lượng', 175000, 'https://down-vn.img.susercontent.com/file/vn-11134207-81ztc-mmddmgznhptvad') ON CONFLICT DO NOTHING;
INSERT INTO inventory (inventory_id, product_id, store_id, stock) VALUES (70535, 70441, 7178, 34) ON CONFLICT DO NOTHING;
INSERT INTO products (product_id, name, description, price, image_url) VALUES (70411, '[Ăn là Nhớ] Chuối Xiêm Sấy Mộc Nguyên Trái Dẻo Ngọt Tự Nhiên  -Thương hiệu BẢY HOÀNG- Đặc Sản Cà Mau-Túi 500gr-Kingsmart', 'Đặc sản vùng miền chất lượng', 47000, 'https://down-vn.img.susercontent.com/file/vn-11134207-81ztc-mma6gh77jqiw50') ON CONFLICT DO NOTHING;
INSERT INTO inventory (inventory_id, product_id, store_id, stock) VALUES (70536, 70411, 7065, 38) ON CONFLICT DO NOTHING;
INSERT INTO products (product_id, name, description, price, image_url) VALUES (70442, 'Bánh Đồng Xu Hạt Dinh Dưỡng - Hũ 230g - Giòn, Ít Ngọt - Hanigo Đặc Sản Đà Nẵng Ngon', 'Đặc sản vùng miền chất lượng', 98000, 'https://down-vn.img.susercontent.com/file/vn-11134207-81ztc-mnpgtmixo1s093') ON CONFLICT DO NOTHING;
INSERT INTO inventory (inventory_id, product_id, store_id, stock) VALUES (70537, 70442, 7064, 144) ON CONFLICT DO NOTHING;
INSERT INTO products (product_id, name, description, price, image_url) VALUES (70443, 'Kẹo Chuối Tươi Bánh Phồng Thơm Ngon -Đặc Sản Bến Tre', 'Đặc sản vùng miền chất lượng', 75000, 'https://down-vn.img.susercontent.com/file/vn-11134207-81ztc-mntmxp4byqyo4d') ON CONFLICT DO NOTHING;
INSERT INTO inventory (inventory_id, product_id, store_id, stock) VALUES (70538, 70443, 7296, 64) ON CONFLICT DO NOTHING;
INSERT INTO products (product_id, name, description, price, image_url) VALUES (70444, 'Kẹo nha đam DaLaVi - Đặc sản Đà Lạt - FreeShip', 'Đặc sản vùng miền chất lượng', 49000, 'https://down-vn.img.susercontent.com/file/vn-11134207-7r98o-lkjqyee82ay254') ON CONFLICT DO NOTHING;
INSERT INTO inventory (inventory_id, product_id, store_id, stock) VALUES (70539, 70444, 7297, 23) ON CONFLICT DO NOTHING;
INSERT INTO products (product_id, name, description, price, image_url) VALUES (70445, '500gr mứt kiwi sấy dẻo thơm ngon đặc sản đà lạt', 'Đặc sản vùng miền chất lượng', 23000, 'https://down-vn.img.susercontent.com/file/vn-11134207-81ztc-mllynpszavb70f') ON CONFLICT DO NOTHING;
INSERT INTO inventory (inventory_id, product_id, store_id, stock) VALUES (70540, 70445, 7298, 164) ON CONFLICT DO NOTHING;
INSERT INTO products (product_id, name, description, price, image_url) VALUES (70400, 'Lương Khô SBT Energy Dice Vị Mè Đen (Gói 285g)', 'Đặc sản vùng miền chất lượng', 43000, 'https://down-vn.img.susercontent.com/file/vn-11134207-7r98o-lx974ue3mva17f') ON CONFLICT DO NOTHING;
INSERT INTO inventory (inventory_id, product_id, store_id, stock) VALUES (70541, 70400, 7275, 181) ON CONFLICT DO NOTHING;
INSERT INTO products (product_id, name, description, price, image_url) VALUES (70446, 'Ômai 5 loại quả, xô 450gram hãng Bách Thảo Vị', 'Đặc sản vùng miền chất lượng', 145000, 'https://down-vn.img.susercontent.com/file/vn-11134207-7ras8-m3elj3qzpwh4d5') ON CONFLICT DO NOTHING;
INSERT INTO inventory (inventory_id, product_id, store_id, stock) VALUES (70542, 70446, 7299, 130) ON CONFLICT DO NOTHING;
INSERT INTO products (product_id, name, description, price, image_url) VALUES (70389, 'Kẹo Chuối Tươi Bánh Phồng Thơm Ngon -Đặc Sản Bến Tre', 'Đặc sản vùng miền chất lượng', 75000, 'https://down-vn.img.susercontent.com/file/vn-11134207-81ztc-mntmxrgwui9u6b') ON CONFLICT DO NOTHING;
INSERT INTO inventory (inventory_id, product_id, store_id, stock) VALUES (70543, 70389, 7267, 58) ON CONFLICT DO NOTHING;
INSERT INTO products (product_id, name, description, price, image_url) VALUES (70235, 'Gói 03 Quả Nem chua Yên Mạc đặc sản Ninh Bình (Đóng gói hút chân không) - Vườn Đặc Sản', 'Đặc sản vùng miền chất lượng', 125000, 'https://down-vn.img.susercontent.com/file/sg-11134201-22100-93h52k15ntivcc') ON CONFLICT DO NOTHING;
INSERT INTO inventory (inventory_id, product_id, store_id, stock) VALUES (70544, 70235, 7143, 129) ON CONFLICT DO NOTHING;
INSERT INTO products (product_id, name, description, price, image_url) VALUES (70447, 'Đồ ăn vặt Đặc sản Cá Thiều tẩm gia vị ăn liền Sáng Lợi Phú Quốc hủ 100g', 'Đặc sản vùng miền chất lượng', 79000, 'https://down-vn.img.susercontent.com/file/2e1b90dd42ddff3e9a6791ce49335153') ON CONFLICT DO NOTHING;
INSERT INTO inventory (inventory_id, product_id, store_id, stock) VALUES (70545, 70447, 7300, 54) ON CONFLICT DO NOTHING;
INSERT INTO products (product_id, name, description, price, image_url) VALUES (70448, 'Mè xửng giòn Thiên Hương gói 150g date luôn mới 1 gói - Đặc sản Huế', 'Đặc sản vùng miền chất lượng', 35000, 'https://down-vn.img.susercontent.com/file/54b583dc69426572b7ba875a418f5696') ON CONFLICT DO NOTHING;
INSERT INTO inventory (inventory_id, product_id, store_id, stock) VALUES (70546, 70448, 7142, 143) ON CONFLICT DO NOTHING;
INSERT INTO products (product_id, name, description, price, image_url) VALUES (70449, 'BÁNH TRÁNG CUỘN KHÔ BÒ', 'Đặc sản vùng miền chất lượng', 80910, 'https://down-vn.img.susercontent.com/file/vn-11134207-7r98o-lyw1vtc0njj5eb') ON CONFLICT DO NOTHING;
INSERT INTO inventory (inventory_id, product_id, store_id, stock) VALUES (70547, 70449, 7301, 151) ON CONFLICT DO NOTHING;
INSERT INTO products (product_id, name, description, price, image_url) VALUES (70399, 'Mắm dưa gang Bà Màng Huế thơm cay chuẩn vị - hủ 450g - Đặc sản Huế', 'Đặc sản vùng miền chất lượng', 50000, 'https://down-vn.img.susercontent.com/file/sg-11134201-23010-huoit5s0x6lv8d') ON CONFLICT DO NOTHING;
INSERT INTO inventory (inventory_id, product_id, store_id, stock) VALUES (70548, 70399, 7142, 90) ON CONFLICT DO NOTHING;
INSERT INTO products (product_id, name, description, price, image_url) VALUES (70450, 'Cơm cháy CHÀ BÔNG - túi 10 gói 150G Đặc sản Ninh Bình, cơm cháy giòn tan tách dầu cao cấp', 'Đặc sản vùng miền chất lượng', 45999, 'https://down-vn.img.susercontent.com/file/vn-11134207-7ras8-m2sxahtbp7ei2c') ON CONFLICT DO NOTHING;
INSERT INTO inventory (inventory_id, product_id, store_id, stock) VALUES (70549, 70450, 7005, 38) ON CONFLICT DO NOTHING;
INSERT INTO products (product_id, name, description, price, image_url) VALUES (70451, '[Combo 20banh] Bánh chuối chưa nướng- Đặc sản Bên Tre- thơm ngon đậm vị', 'Đặc sản vùng miền chất lượng', 78000, 'https://down-vn.img.susercontent.com/file/vn-11134207-7r98o-loglo0glonw39b') ON CONFLICT DO NOTHING;
INSERT INTO inventory (inventory_id, product_id, store_id, stock) VALUES (70550, 70451, 7302, 118) ON CONFLICT DO NOTHING;
INSERT INTO products (product_id, name, description, price, image_url) VALUES (70452, 'Kẹo Dừa Bến Tre Huỳnh Yến Ít Ngọt Hộp 400gr Đa Dạng Hương Vị, Mềm Dẻo, Ít Ngọt - Út Hà Đặc Sản', 'Đặc sản vùng miền chất lượng', 74000, 'https://down-vn.img.susercontent.com/file/vn-11134207-7r98o-ly32fruxyk0pf1') ON CONFLICT DO NOTHING;
INSERT INTO inventory (inventory_id, product_id, store_id, stock) VALUES (70551, 70452, 7075, 60) ON CONFLICT DO NOTHING;
INSERT INTO products (product_id, name, description, price, image_url) VALUES (70059, '[COMBO 8 SẢN PHẨM] Bánh Ép Huế vị BBQ, Gà, Tép - Đặc sản Huế Chính Gốc, Thơm, Giòn Rụm, Hue One Food', 'Đặc sản vùng miền chất lượng', 131999, 'https://down-vn.img.susercontent.com/file/vn-11134207-820l4-mjjp6yhux69wa6') ON CONFLICT DO NOTHING;
INSERT INTO inventory (inventory_id, product_id, store_id, stock) VALUES (70552, 70059, 7054, 57) ON CONFLICT DO NOTHING;
INSERT INTO products (product_id, name, description, price, image_url) VALUES (70060, 'Bánh ép Hue One Food vị hải sản tôm thịt hộp nhỏ 40g thơm ngon giòn rụm', 'Đặc sản vùng miền chất lượng', 79350, 'https://down-vn.img.susercontent.com/file/vn-11134207-7ras8-m418zmb6cs0f44') ON CONFLICT DO NOTHING;
INSERT INTO inventory (inventory_id, product_id, store_id, stock) VALUES (70553, 70060, 7054, 191) ON CONFLICT DO NOTHING;
INSERT INTO products (product_id, name, description, price, image_url) VALUES (70061, 'Bánh ép Hue One Food Vị Hải Sản Tôm Thịt hộp lớn 65g thơm ngon giòn rụm Đặc Sản Cố Đô', 'Đặc sản vùng miền chất lượng', 120750, 'https://down-vn.img.susercontent.com/file/vn-11134207-7ra0g-maapfwrj1gmj72') ON CONFLICT DO NOTHING;
INSERT INTO inventory (inventory_id, product_id, store_id, stock) VALUES (70554, 70061, 7054, 182) ON CONFLICT DO NOTHING;
INSERT INTO products (product_id, name, description, price, image_url) VALUES (70449, 'BÁNH TRÁNG CUỘN KHÔ BÒ', 'Đặc sản vùng miền chất lượng', 80910, 'https://down-vn.img.susercontent.com/file/vn-11134207-7r98o-lyw1vtc0njj5eb') ON CONFLICT DO NOTHING;
INSERT INTO inventory (inventory_id, product_id, store_id, stock) VALUES (70555, 70449, 7301, 59) ON CONFLICT DO NOTHING;
INSERT INTO products (product_id, name, description, price, image_url) VALUES (70350, 'BỊCH 150GRAM🔥 KẸO DỪA QUẢNG NGÃI🔥 THƠM NGON MIẾNG TRÒN🔥 ĐẶC SẢN MIỀN TRUNG', 'Đặc sản vùng miền chất lượng', 27900, 'https://down-vn.img.susercontent.com/file/vn-11134207-81ztc-mk6lcwz8268556') ON CONFLICT DO NOTHING;
INSERT INTO inventory (inventory_id, product_id, store_id, stock) VALUES (70556, 70350, 7128, 36) ON CONFLICT DO NOTHING;
INSERT INTO products (product_id, name, description, price, image_url) VALUES (70366, 'Combo 3hũ kẹo Sìu Châu- đặc sản Nam Định', 'Đặc sản vùng miền chất lượng', 55000, 'https://down-vn.img.susercontent.com/file/vn-11134207-81ztc-mme3gii7i80402') ON CONFLICT DO NOTHING;
INSERT INTO inventory (inventory_id, product_id, store_id, stock) VALUES (70557, 70366, 7256, 40) ON CONFLICT DO NOTHING;
INSERT INTO products (product_id, name, description, price, image_url) VALUES (70453, 'Bánh Dừa Nướng Giòn Thơm Ngon- Đặc Sản Đà Nẵng Ngon Bánh Dừa Nướng', 'Đặc sản vùng miền chất lượng', 29000, 'https://down-vn.img.susercontent.com/file/2137b697168b1cff7c17f083f4c6ad78') ON CONFLICT DO NOTHING;
INSERT INTO inventory (inventory_id, product_id, store_id, stock) VALUES (70558, 70453, 7064, 175) ON CONFLICT DO NOTHING;
INSERT INTO products (product_id, name, description, price, image_url) VALUES (70425, 'Snack kiwi vỏ vàng, đặc sản của Thiểm Tây, snack kiwi vàng nguyên vị, snack vỏ vàng cao cấp, mứt trái cây tươi.', 'Đặc sản vùng miền chất lượng', 794566, 'https://down-vn.img.susercontent.com/file/vn-11134201-81ztc-mnwoxfa0ybr484') ON CONFLICT DO NOTHING;
INSERT INTO inventory (inventory_id, product_id, store_id, stock) VALUES (70559, 70425, 7130, 50) ON CONFLICT DO NOTHING;
INSERT INTO products (product_id, name, description, price, image_url) VALUES (70454, 'Khoai lang sấy mật ong Hoàng Minh Food đồ ăn vặt giòn thơm ngon đặc biệt, hoa quả sấy đặc sản đà lạt', 'Đặc sản vùng miền chất lượng', 59000, 'https://down-vn.img.susercontent.com/file/vn-11134207-7ras8-m2ufexuoe9rk90') ON CONFLICT DO NOTHING;
INSERT INTO inventory (inventory_id, product_id, store_id, stock) VALUES (70560, 70454, 7259, 68) ON CONFLICT DO NOTHING;
INSERT INTO products (product_id, name, description, price, image_url) VALUES (70429, 'Bánh Xoài - Đặc sản Nha Trang', 'Đặc sản vùng miền chất lượng', 20000, 'https://down-vn.img.susercontent.com/file/vn-11134207-7r98o-lt52qnr6watgfb') ON CONFLICT DO NOTHING;
INSERT INTO inventory (inventory_id, product_id, store_id, stock) VALUES (70561, 70429, 7246, 134) ON CONFLICT DO NOTHING;
INSERT INTO products (product_id, name, description, price, image_url) VALUES (70439, 'Khoai chuối giòn đóng gói lớn của Philippines, chuối sấy lát, đồ ăn vặt cho bà bầu và trẻ em, sản phẩm đặc biệt, tốt cho', 'Đặc sản vùng miền chất lượng', 580221, 'https://down-vn.img.susercontent.com/file/vn-11134201-81ztc-mnwivefk4irs15') ON CONFLICT DO NOTHING;
INSERT INTO inventory (inventory_id, product_id, store_id, stock) VALUES (70562, 70439, 7130, 153) ON CONFLICT DO NOTHING;
INSERT INTO products (product_id, name, description, price, image_url) VALUES (70450, 'Cơm cháy CHÀ BÔNG - túi 10 gói 150G Đặc sản Ninh Bình, cơm cháy giòn tan tách dầu cao cấp', 'Đặc sản vùng miền chất lượng', 45999, 'https://down-vn.img.susercontent.com/file/vn-11134207-7ras8-m2sxahtbp7ei2c') ON CONFLICT DO NOTHING;
INSERT INTO inventory (inventory_id, product_id, store_id, stock) VALUES (70563, 70450, 7005, 87) ON CONFLICT DO NOTHING;
INSERT INTO products (product_id, name, description, price, image_url) VALUES (70455, 'Bánh Xoài Tròn - 100g - Dẻo, Mềm, Nguyên Chất - Hanigo Đặc Sản Đà Nẵng Ngon', 'Đặc sản vùng miền chất lượng', 25000, 'https://down-vn.img.susercontent.com/file/vn-11134207-81ztc-mnpfmg4vixa80b') ON CONFLICT DO NOTHING;
INSERT INTO inventory (inventory_id, product_id, store_id, stock) VALUES (70564, 70455, 7064, 126) ON CONFLICT DO NOTHING;
INSERT INTO products (product_id, name, description, price, image_url) VALUES (70456, 'Xoài Sấy dẻo, xoài sấy muối ớt đặc sản Đà Lạt hàng xuất khẩu 500g - Xoài nguyên miếng thượng hạng thơm ngon', 'Đặc sản vùng miền chất lượng', 69000, 'https://down-vn.img.susercontent.com/file/f8adb111a81b9c005ca328e5b2e432c1') ON CONFLICT DO NOTHING;
INSERT INTO inventory (inventory_id, product_id, store_id, stock) VALUES (70565, 70456, 7303, 173) ON CONFLICT DO NOTHING;
INSERT INTO products (product_id, name, description, price, image_url) VALUES (70377, 'Kẹo mềm trái cây healthy đặc sản Vân Nam(sẵn xoài và táo đỏ) C34', 'Đặc sản vùng miền chất lượng', 55000, 'https://down-vn.img.susercontent.com/file/sg-11134201-23010-f7nc3sdavulvee') ON CONFLICT DO NOTHING;
INSERT INTO inventory (inventory_id, product_id, store_id, stock) VALUES (70566, 70377, 7260, 133) ON CONFLICT DO NOTHING;
INSERT INTO products (product_id, name, description, price, image_url) VALUES (70457, 'Bánh Thèo Lèo Cay Mắm Ớt -Đặc Sản Sài Gòn', 'Đặc sản vùng miền chất lượng', 75000, 'https://down-vn.img.susercontent.com/file/vn-11134207-81ztc-mn8qaqu80x6s0f') ON CONFLICT DO NOTHING;
INSERT INTO inventory (inventory_id, product_id, store_id, stock) VALUES (70567, 70457, 7304, 119) ON CONFLICT DO NOTHING;
INSERT INTO products (product_id, name, description, price, image_url) VALUES (70458, 'Da cá thơm ngon giòn rụm Lucky star 25g', 'Đặc sản vùng miền chất lượng', 18210, 'https://down-vn.img.susercontent.com/file/vn-11134207-7ras8-m4hfs87pfwrk91') ON CONFLICT DO NOTHING;
INSERT INTO inventory (inventory_id, product_id, store_id, stock) VALUES (70568, 70458, 7305, 166) ON CONFLICT DO NOTHING;
INSERT INTO products (product_id, name, description, price, image_url) VALUES (70459, 'MÈ XỮNG GIÒN THIÊN HƯƠNG ĐẶC SẢN HUẾ 150G', 'Đặc sản vùng miền chất lượng', 22000, 'https://down-vn.img.susercontent.com/file/vn-11134207-7ras8-m0rhjvecyub1f3') ON CONFLICT DO NOTHING;
INSERT INTO inventory (inventory_id, product_id, store_id, stock) VALUES (70569, 70459, 7104, 94) ON CONFLICT DO NOTHING;
INSERT INTO products (product_id, name, description, price, image_url) VALUES (70447, 'Đồ ăn vặt Đặc sản Cá Thiều tẩm gia vị ăn liền Sáng Lợi Phú Quốc hủ 100g', 'Đặc sản vùng miền chất lượng', 79000, 'https://down-vn.img.susercontent.com/file/2e1b90dd42ddff3e9a6791ce49335153') ON CONFLICT DO NOTHING;
INSERT INTO inventory (inventory_id, product_id, store_id, stock) VALUES (70570, 70447, 7300, 149) ON CONFLICT DO NOTHING;
INSERT INTO products (product_id, name, description, price, image_url) VALUES (70460, 'Chà Bông Cá Thu Nha Trang 200gram mặn Ngọt Cay, Đặc Sản Biển', 'Đặc sản vùng miền chất lượng', 103684, 'https://down-vn.img.susercontent.com/file/vn-11134207-7ras8-mdrlqjengqf992') ON CONFLICT DO NOTHING;
INSERT INTO inventory (inventory_id, product_id, store_id, stock) VALUES (70571, 70460, 7070, 32) ON CONFLICT DO NOTHING;
INSERT INTO products (product_id, name, description, price, image_url) VALUES (70461, 'Kẹo Dâu Tằm Đà Lạt Gói 200G Món Ăn Vặt Ngọt Ngào Hương Vị Đặc Trưng - Út Hà Đặc Sản', 'Đặc sản vùng miền chất lượng', 34000, 'https://down-vn.img.susercontent.com/file/vn-11134207-7ra0g-m6p58kqhsnqwe2') ON CONFLICT DO NOTHING;
INSERT INTO inventory (inventory_id, product_id, store_id, stock) VALUES (70572, 70461, 7075, 152) ON CONFLICT DO NOTHING;
INSERT INTO products (product_id, name, description, price, image_url) VALUES (70462, 'Kẹo Dừa Dẻo Ép Bánh Tráng_ Size 20cm_ Đặc Sản Xứ Dừa', 'Đặc sản vùng miền chất lượng', 18000, 'https://down-vn.img.susercontent.com/file/vn-11134207-7ras8-m21qrdpxugez6c') ON CONFLICT DO NOTHING;
INSERT INTO inventory (inventory_id, product_id, store_id, stock) VALUES (70573, 70462, 7306, 199) ON CONFLICT DO NOTHING;
INSERT INTO products (product_id, name, description, price, image_url) VALUES (70463, '(7 vị) Snack/Cá khô sợi Full Fish 70g_ Xuất xứ: Thái Lan', 'Đặc sản vùng miền chất lượng', 54000, 'https://down-vn.img.susercontent.com/file/vn-11134207-7ras8-mbopja3d7tse72') ON CONFLICT DO NOTHING;
INSERT INTO inventory (inventory_id, product_id, store_id, stock) VALUES (70574, 70463, 7307, 123) ON CONFLICT DO NOTHING;
INSERT INTO products (product_id, name, description, price, image_url) VALUES (70448, 'Mè xửng giòn Thiên Hương gói 150g date luôn mới 1 gói - Đặc sản Huế', 'Đặc sản vùng miền chất lượng', 35000, 'https://down-vn.img.susercontent.com/file/54b583dc69426572b7ba875a418f5696') ON CONFLICT DO NOTHING;
INSERT INTO inventory (inventory_id, product_id, store_id, stock) VALUES (70575, 70448, 7142, 140) ON CONFLICT DO NOTHING;
INSERT INTO products (product_id, name, description, price, image_url) VALUES (70464, 'Sản Phẩm Mới【Ba con sóc_Mít sấy khô250g】Bánh trái cây giòn và trái cây sấy dẻo đặc sản Việt Nam', 'Đặc sản vùng miền chất lượng', 250099, 'https://down-vn.img.susercontent.com/file/vn-11134201-81ztc-mnwiq2jsncoy53') ON CONFLICT DO NOTHING;
INSERT INTO inventory (inventory_id, product_id, store_id, stock) VALUES (70576, 70464, 7130, 31) ON CONFLICT DO NOTHING;
INSERT INTO products (product_id, name, description, price, image_url) VALUES (70465, '(250g)Cơm Cháy Nhiều Chà Bông Sài Gòn tại Hà Nội', 'Đặc sản vùng miền chất lượng', 81900, 'https://down-vn.img.susercontent.com/file/vn-11134207-7ras8-m34hj00tco0rc9') ON CONFLICT DO NOTHING;
INSERT INTO inventory (inventory_id, product_id, store_id, stock) VALUES (70577, 70465, 7308, 160) ON CONFLICT DO NOTHING;
INSERT INTO products (product_id, name, description, price, image_url) VALUES (70404, 'Bánh Tráng Dẻo Tôm Không Cay Phơi Sương 500gr - Đặc sản Củ Chi.', 'Đặc sản vùng miền chất lượng', 49000, 'https://down-vn.img.susercontent.com/file/vn-11134207-81ztc-mnu3v7oxggecc7') ON CONFLICT DO NOTHING;
INSERT INTO inventory (inventory_id, product_id, store_id, stock) VALUES (70578, 70404, 7277, 149) ON CONFLICT DO NOTHING;
INSERT INTO products (product_id, name, description, price, image_url) VALUES (70466, 'Bánh đá Hà Giang (Đặc sản cao nguyên đá Đồng Văn) Túi 1kg', 'Đặc sản vùng miền chất lượng', 59000, 'https://down-vn.img.susercontent.com/file/vn-11134207-7r98o-lvxctpbgfkrde2') ON CONFLICT DO NOTHING;
INSERT INTO inventory (inventory_id, product_id, store_id, stock) VALUES (70579, 70466, 7309, 127) ON CONFLICT DO NOTHING;
INSERT INTO products (product_id, name, description, price, image_url) VALUES (70467, '1kg mức táo sấy dẻo không hạt ĐẶC SẢN NGON', 'Đặc sản vùng miền chất lượng', 45000, 'https://down-vn.img.susercontent.com/file/vn-11134207-81ztc-mlqcydjcfeo3b1') ON CONFLICT DO NOTHING;
INSERT INTO inventory (inventory_id, product_id, store_id, stock) VALUES (70580, 70467, 7298, 52) ON CONFLICT DO NOTHING;
INSERT INTO products (product_id, name, description, price, image_url) VALUES (70468, '[CHÍNH HÃNG] ĐẶC SẢN MẮM CÀ PHÁO HUẾ CÔ TI HỘP 500G DANH TIẾNG, ĐẶC SẢN HUẾ, ĐÓNG GÓI KỸ CÀNG', 'Đặc sản vùng miền chất lượng', 45000, 'https://down-vn.img.susercontent.com/file/vn-11134207-7ras8-mbq87jrzjblede') ON CONFLICT DO NOTHING;
INSERT INTO inventory (inventory_id, product_id, store_id, stock) VALUES (70581, 70468, 7126, 132) ON CONFLICT DO NOTHING;
INSERT INTO products (product_id, name, description, price, image_url) VALUES (70469, 'Mắm Cá Rò Huế [Thơm Ngon Đặc Biệt] - Đặc Sản Ăn Liền, Truyền Thống', 'Đặc sản vùng miền chất lượng', 69000, 'https://down-vn.img.susercontent.com/file/vn-11134207-81ztc-mnf64xbpwl5446') ON CONFLICT DO NOTHING;
INSERT INTO inventory (inventory_id, product_id, store_id, stock) VALUES (70582, 70469, 7310, 98) ON CONFLICT DO NOTHING;
INSERT INTO products (product_id, name, description, price, image_url) VALUES (70470, 'Đặc Sản Kẹo Lạc Gia Thành - Vị Thơm Béo Ngậy', 'Đặc sản vùng miền chất lượng', 72000, 'https://down-vn.img.susercontent.com/file/vn-11134207-81ztc-mlrgjashuwasd6') ON CONFLICT DO NOTHING;
INSERT INTO inventory (inventory_id, product_id, store_id, stock) VALUES (70583, 70470, 7311, 44) ON CONFLICT DO NOTHING;
INSERT INTO products (product_id, name, description, price, image_url) VALUES (70471, '|500Gr| Sấu Giòn Chua Cay ( Đặc Sản Hà Nội), Sấu Giòn Chua Cay Siêu Ngon', 'Đặc sản vùng miền chất lượng', 35900, 'https://down-vn.img.susercontent.com/file/vn-11134207-7ras8-mavejl89lc5ze3') ON CONFLICT DO NOTHING;
INSERT INTO inventory (inventory_id, product_id, store_id, stock) VALUES (70584, 70471, 7312, 73) ON CONFLICT DO NOTHING;
INSERT INTO products (product_id, name, description, price, image_url) VALUES (70472, 'Cóc xào chua cay ngọt - đặc sản ăn vặt ngon khó cưỡng, ăn vặt tuổi thơ', 'Đặc sản vùng miền chất lượng', 85000, 'https://down-vn.img.susercontent.com/file/vn-11134207-820l4-mgusrijdoyz31b') ON CONFLICT DO NOTHING;
INSERT INTO inventory (inventory_id, product_id, store_id, stock) VALUES (70585, 70472, 7313, 154) ON CONFLICT DO NOTHING;
INSERT INTO products (product_id, name, description, price, image_url) VALUES (70473, 'Xoài Sấy Dẻo Loại 1 Túi 200gr Chua Ngọt Vừa Phải Thơm Ngon - Út Hà Đặc Sản', 'Đặc sản vùng miền chất lượng', 62000, 'https://down-vn.img.susercontent.com/file/vn-11134207-7r98o-lz4muiduscyp46') ON CONFLICT DO NOTHING;
INSERT INTO inventory (inventory_id, product_id, store_id, stock) VALUES (70586, 70473, 7075, 123) ON CONFLICT DO NOTHING;
INSERT INTO products (product_id, name, description, price, image_url) VALUES (70474, 'Cá Bò Rim Ăn Vặt Ngon Rẻ Hộp 250g Đặc Sản Đà Nẵng', 'Đặc sản vùng miền chất lượng', 130000, 'https://down-vn.img.susercontent.com/file/394e2140fa8d610325f31149e85560ee') ON CONFLICT DO NOTHING;
INSERT INTO inventory (inventory_id, product_id, store_id, stock) VALUES (70587, 70474, 7295, 198) ON CONFLICT DO NOTHING;
INSERT INTO products (product_id, name, description, price, image_url) VALUES (70475, 'Bánh dừa nướng Topcoco gói 150g- DÒNG CAO CẤP CHUẨN XUẤT KHẨU - ĐẶC SẢN QUẢNG NAM', 'Đặc sản vùng miền chất lượng', 30000, 'https://down-vn.img.susercontent.com/file/vn-11134207-7r98o-lvls8kwpomxpa0') ON CONFLICT DO NOTHING;
INSERT INTO inventory (inventory_id, product_id, store_id, stock) VALUES (70588, 70475, 7314, 141) ON CONFLICT DO NOTHING;
INSERT INTO products (product_id, name, description, price, image_url) VALUES (70476, 'Kẹo Mãng Cầu Dừa Non – Chua Ngọt Tự Nhiên, Dẻo Thơm - Đặc Sản Bến Tre', 'Đặc sản vùng miền chất lượng', 69000, 'https://down-vn.img.susercontent.com/file/vn-11134207-81ztc-mnphg7g4ytxi8d') ON CONFLICT DO NOTHING;
INSERT INTO inventory (inventory_id, product_id, store_id, stock) VALUES (70589, 70476, 7315, 45) ON CONFLICT DO NOTHING;
INSERT INTO products (product_id, name, description, price, image_url) VALUES (70477, '20 cái bánh phồng nếp ngọt, đường kính mặt bánh 23cm. Đặc sản Bến Tre.', 'Đặc sản vùng miền chất lượng', 76000, 'https://down-vn.img.susercontent.com/file/vn-11134207-820l4-mh3on2euboqy1e') ON CONFLICT DO NOTHING;
INSERT INTO inventory (inventory_id, product_id, store_id, stock) VALUES (70590, 70477, 7316, 103) ON CONFLICT DO NOTHING;
INSERT INTO products (product_id, name, description, price, image_url) VALUES (70478, 'Khô cá sặc đồng( cá sặc bướm), 500g, thương hiệu đặc sản Dakydo (An Giang) ăn là ghiền!', 'Đặc sản vùng miền chất lượng', 100000, 'https://down-vn.img.susercontent.com/file/970f49a9ef71fbd71f40229028afee7e') ON CONFLICT DO NOTHING;
INSERT INTO inventory (inventory_id, product_id, store_id, stock) VALUES (70591, 70478, 7317, 92) ON CONFLICT DO NOTHING;
INSERT INTO products (product_id, name, description, price, image_url) VALUES (70479, 'Hộp10 chiếc bánh chè kho Đặc sản Đại đồng', 'Đặc sản vùng miền chất lượng', 89000, 'https://down-vn.img.susercontent.com/file/vn-11134207-7r98o-lqkly37tyjw78e') ON CONFLICT DO NOTHING;
INSERT INTO inventory (inventory_id, product_id, store_id, stock) VALUES (70592, 70479, 7318, 131) ON CONFLICT DO NOTHING;
INSERT INTO products (product_id, name, description, price, image_url) VALUES (70480, 'Bánh xoài Cam Lâm Nha Trang 500g, Đặc sản Khánh Hòa thơm ngon', 'Đặc sản vùng miền chất lượng', 55000, 'https://down-vn.img.susercontent.com/file/vn-11134207-81ztc-mnmeemwurr48e0') ON CONFLICT DO NOTHING;
INSERT INTO inventory (inventory_id, product_id, store_id, stock) VALUES (70593, 70480, 7319, 190) ON CONFLICT DO NOTHING;
INSERT INTO products (product_id, name, description, price, image_url) VALUES (70434, 'Bánh ép khô giòn Mệ Thi đặc sản Huế kèm nước chấm [Loại đặc biệt]', 'Đặc sản vùng miền chất lượng', 62000, 'https://down-vn.img.susercontent.com/file/vn-11134207-7ras8-mdhe2yh3lyh1cd') ON CONFLICT DO NOTHING;
INSERT INTO inventory (inventory_id, product_id, store_id, stock) VALUES (70594, 70434, 7292, 197) ON CONFLICT DO NOTHING;
INSERT INTO products (product_id, name, description, price, image_url) VALUES (70446, 'Ômai 5 loại quả, xô 450gram hãng Bách Thảo Vị', 'Đặc sản vùng miền chất lượng', 145000, 'https://down-vn.img.susercontent.com/file/vn-11134207-7ras8-m3elj3qzpwh4d5') ON CONFLICT DO NOTHING;
INSERT INTO inventory (inventory_id, product_id, store_id, stock) VALUES (70595, 70446, 7299, 89) ON CONFLICT DO NOTHING;
INSERT INTO products (product_id, name, description, price, image_url) VALUES (70481, 'Cá cơm sấy giòn ăn liền - Đầm Sen. Ăn vặt ngon. Binhthuanfood', 'Đặc sản vùng miền chất lượng', 75000, 'https://down-vn.img.susercontent.com/file/vn-11134207-7ra0g-m6gjnmce4spz4e') ON CONFLICT DO NOTHING;
INSERT INTO inventory (inventory_id, product_id, store_id, stock) VALUES (70596, 70481, 7320, 92) ON CONFLICT DO NOTHING;
INSERT INTO products (product_id, name, description, price, image_url) VALUES (70482, 'Kẹo Đậu Phộng,Hạt Chắc Nhiều Giòn Rụm Thơm Ngon Đặc Biệt - Ẩm Thực Đồ Ăn Đặc Sản', 'Đặc sản vùng miền chất lượng', 18500, 'https://down-vn.img.susercontent.com/file/vn-11134207-7ra0g-m7bk9oi8dmgs50') ON CONFLICT DO NOTHING;
INSERT INTO inventory (inventory_id, product_id, store_id, stock) VALUES (70597, 70482, 7321, 43) ON CONFLICT DO NOTHING;
INSERT INTO products (product_id, name, description, price, image_url) VALUES (70483, 'Thơm sấy muối ớt 500g, khóm sấy muối ớt chua cay, ngọt NHẸ - Đặc sản Cahoro Food - Trái cây sấy dẻo.', 'Đặc sản vùng miền chất lượng', 64500, 'https://down-vn.img.susercontent.com/file/vn-11134207-820l4-milt6lxw8bgn27') ON CONFLICT DO NOTHING;
INSERT INTO inventory (inventory_id, product_id, store_id, stock) VALUES (70598, 70483, 7322, 159) ON CONFLICT DO NOTHING;
INSERT INTO products (product_id, name, description, price, image_url) VALUES (70484, '[sẵn hàng] combo 3 miếng heo cay ngọt sẵn 2 vị 10gr/miếng', 'Đặc sản vùng miền chất lượng', 20999, 'https://down-vn.img.susercontent.com/file/vn-11134207-7r98o-lsjjy46xt0hw22') ON CONFLICT DO NOTHING;
INSERT INTO inventory (inventory_id, product_id, store_id, stock) VALUES (70599, 70484, 7323, 27) ON CONFLICT DO NOTHING;
INSERT INTO products (product_id, name, description, price, image_url) VALUES (70485, 'Kẹo chuối tươi Cô Hai Tỏ - Đặc sản Bến Tre', 'Đặc sản vùng miền chất lượng', 40000, 'https://down-vn.img.susercontent.com/file/vn-11134207-820l4-mgunp5969qfh67') ON CONFLICT DO NOTHING;
INSERT INTO inventory (inventory_id, product_id, store_id, stock) VALUES (70600, 70485, 7324, 104) ON CONFLICT DO NOTHING;
INSERT INTO products (product_id, name, description, price, image_url) VALUES (70486, 'HÀNG LOẠI 1 Khô gà lá chanh  - đặc sản chợ Đà Lạt sạp 228A Ăn Vặt Food Thức Ăn Nho Snack', 'Đặc sản vùng miền chất lượng', 35000, 'https://down-vn.img.susercontent.com/file/vn-11134207-81ztc-mnwlbcgajlzc4a') ON CONFLICT DO NOTHING;
INSERT INTO inventory (inventory_id, product_id, store_id, stock) VALUES (70601, 70486, 7151, 106) ON CONFLICT DO NOTHING;
INSERT INTO products (product_id, name, description, price, image_url) VALUES (70487, 'Kẹo Dừa - 300g - Đặc sản Bến Tre', 'Đặc sản vùng miền chất lượng', 40000, 'https://down-vn.img.susercontent.com/file/vn-11134207-7ra0g-m9u29u5tu64i5c') ON CONFLICT DO NOTHING;
INSERT INTO inventory (inventory_id, product_id, store_id, stock) VALUES (70602, 70487, 7208, 133) ON CONFLICT DO NOTHING;
INSERT INTO products (product_id, name, description, price, image_url) VALUES (70488, 'Cá Cơm Rim Mè Nước Mắm Vị Biển, Đồ Ăn Vặt Ngon Rẻ Hủ PET 200GR Thực Phẩm Ăn Liền', 'Đặc sản vùng miền chất lượng', 78000, 'https://down-vn.img.susercontent.com/file/vn-11134207-7r98o-lrd78h1ccal5a5') ON CONFLICT DO NOTHING;
INSERT INTO inventory (inventory_id, product_id, store_id, stock) VALUES (70603, 70488, 7325, 141) ON CONFLICT DO NOTHING;
INSERT INTO products (product_id, name, description, price, image_url) VALUES (70489, 'Mực rim sa tế - 250gr - Đặc sản Phan Thiết', 'Đặc sản vùng miền chất lượng', 132000, 'https://down-vn.img.susercontent.com/file/sg-11134201-22120-b2ml4z0gsilv78') ON CONFLICT DO NOTHING;
INSERT INTO inventory (inventory_id, product_id, store_id, stock) VALUES (70604, 70489, 7208, 58) ON CONFLICT DO NOTHING;
INSERT INTO products (product_id, name, description, price, image_url) VALUES (70370, '500gr Mơ chanh muối - ngon lạ - đặc sản Chin''s Đà Lạt', 'Đặc sản vùng miền chất lượng', 67000, 'https://down-vn.img.susercontent.com/file/vn-11134207-7qukw-lgn516z7kfuaed') ON CONFLICT DO NOTHING;
INSERT INTO inventory (inventory_id, product_id, store_id, stock) VALUES (70605, 70370, 7004, 123) ON CONFLICT DO NOTHING;
INSERT INTO products (product_id, name, description, price, image_url) VALUES (70490, 'KHOAI LANG MẬT ĐÀ LẠT SẤY DẺO, DẺO THƠM, NGỌT TỰ NHIÊN, TỐT CHO SỨC KHỎE - YÊU ĐÀ LẠT', 'Đặc sản vùng miền chất lượng', 48840, 'https://down-vn.img.susercontent.com/file/vn-11134201-7ras8-mbkerdjs7ybr84') ON CONFLICT DO NOTHING;
INSERT INTO inventory (inventory_id, product_id, store_id, stock) VALUES (70606, 70490, 7326, 78) ON CONFLICT DO NOTHING;
INSERT INTO products (product_id, name, description, price, image_url) VALUES (70491, 'Khoai mì sấy khô, cửa hàng đặc sản trái cây sấy khô, dứa sấy giòn, không phải từ Việt Nam, Vân Nam, hay Tây Song Banna.', 'Đặc sản vùng miền chất lượng', 188357, 'https://down-vn.img.susercontent.com/file/vn-11134201-81ztc-mnwhbtuqp53577') ON CONFLICT DO NOTHING;
INSERT INTO inventory (inventory_id, product_id, store_id, stock) VALUES (70607, 70491, 7130, 42) ON CONFLICT DO NOTHING;
INSERT INTO products (product_id, name, description, price, image_url) VALUES (70492, 'Ô mai sấu giòn cay hộp 500gr - đặc sản Hà Nội', 'Đặc sản vùng miền chất lượng', 85000, 'https://down-vn.img.susercontent.com/file/vn-11134207-7ras8-mbsdz3lmm5puec') ON CONFLICT DO NOTHING;
INSERT INTO inventory (inventory_id, product_id, store_id, stock) VALUES (70608, 70492, 7327, 185) ON CONFLICT DO NOTHING;
INSERT INTO products (product_id, name, description, price, image_url) VALUES (70309, 'Khô Cá Thiều Hộp 200gr Thúy Đặc Sản Đà Nẵng Chính Gốc Thơm Ngon Chuẩn Vị Làm Quà Biếu Tặng', 'Đặc sản vùng miền chất lượng', 109000, 'https://down-vn.img.susercontent.com/file/vn-11134207-7ra0g-ma9x08qpihd77e') ON CONFLICT DO NOTHING;
INSERT INTO inventory (inventory_id, product_id, store_id, stock) VALUES (70609, 70309, 7080, 168) ON CONFLICT DO NOTHING;
INSERT INTO products (product_id, name, description, price, image_url) VALUES (70493, '500gr KHÔ BÒ XÉ SỢI ĐẶC SẢN ĐÀ NẴNG THƠM NGON', 'Đặc sản vùng miền chất lượng', 180000, 'https://down-vn.img.susercontent.com/file/e2efb0e590d3d50534227d12b904aba2') ON CONFLICT DO NOTHING;
INSERT INTO inventory (inventory_id, product_id, store_id, stock) VALUES (70610, 70493, 7257, 121) ON CONFLICT DO NOTHING;
INSERT INTO products (product_id, name, description, price, image_url) VALUES (70494, 'Kẹo gừng nguyên phấn ( đặc sản Bến Tre) 1000gr', 'Đặc sản vùng miền chất lượng', 85000, 'https://down-vn.img.susercontent.com/file/vn-11134207-820l4-mg60uahubeh8e1') ON CONFLICT DO NOTHING;
INSERT INTO inventory (inventory_id, product_id, store_id, stock) VALUES (70611, 70494, 7328, 129) ON CONFLICT DO NOTHING;
INSERT INTO products (product_id, name, description, price, image_url) VALUES (70495, 'Mực Hấp Dừa Xé Sợi Hộp 200gr Đặc Sản Đà Nẵng Thơm Ngon Đặc Biệt Làm Quà Ngon', 'Đặc sản vùng miền chất lượng', 79000, 'https://down-vn.img.susercontent.com/file/vn-11134207-7ra0g-ma9zr4js5y0za8') ON CONFLICT DO NOTHING;
INSERT INTO inventory (inventory_id, product_id, store_id, stock) VALUES (70612, 70495, 7080, 36) ON CONFLICT DO NOTHING;
INSERT INTO products (product_id, name, description, price, image_url) VALUES (70122, '[Hũ 400gr] Mắm Ruốc Ăn Liền Đặc Sản Mắm Huế Nguyên Chất Loại 1 Mắm Huế O Dung Chuẩn Vị Huế', 'Đặc sản vùng miền chất lượng', 69500, 'https://down-vn.img.susercontent.com/file/vn-11134207-81ztc-mnwe779vg83m13') ON CONFLICT DO NOTHING;
INSERT INTO inventory (inventory_id, product_id, store_id, stock) VALUES (70613, 70122, 7000, 198) ON CONFLICT DO NOTHING;
INSERT INTO products (product_id, name, description, price, image_url) VALUES (70179, '[Hũ 1Kg] Mắm Dưa Đu Đủ Cà Pháo Thập Cẩm Gia Vị Vừa Ăn Chuẩn Vị Mắm Huế O Dung', 'Đặc sản vùng miền chất lượng', 89999, 'https://down-vn.img.susercontent.com/file/vn-11134207-81ztc-mnxoi5pzsbgob8') ON CONFLICT DO NOTHING;
INSERT INTO inventory (inventory_id, product_id, store_id, stock) VALUES (70614, 70179, 7000, 84) ON CONFLICT DO NOTHING;
INSERT INTO products (product_id, name, description, price, image_url) VALUES (70415, '[Hũ 1kg] Mắm Cá Rò O Dung Mắm Ngon Đầu Mùa Đậm Đà Mắm Chuẩn Gia Vị Truyền Thống Huế', 'Đặc sản vùng miền chất lượng', 89999, 'https://down-vn.img.susercontent.com/file/vn-11134207-81ztc-mnwbrjab826c1f') ON CONFLICT DO NOTHING;
INSERT INTO inventory (inventory_id, product_id, store_id, stock) VALUES (70615, 70415, 7000, 119) ON CONFLICT DO NOTHING;
INSERT INTO products (product_id, name, description, price, image_url) VALUES (70496, 'Cá Kèo Rim Mắm Vị Biển, Hải Sản Khô Ăn Liền Hủ Pet 150gr Dai Ngon Chuẩn Vị', 'Đặc sản vùng miền chất lượng', 78000, 'https://down-vn.img.susercontent.com/file/vn-11134207-7r98o-lrd78h1caw0p8e') ON CONFLICT DO NOTHING;
INSERT INTO inventory (inventory_id, product_id, store_id, stock) VALUES (70616, 70496, 7325, 150) ON CONFLICT DO NOTHING;
INSERT INTO products (product_id, name, description, price, image_url) VALUES (70497, 'Bánh cáy Trường Hằng đặc sản Làng Nguyễn', 'Đặc sản vùng miền chất lượng', 46000, 'https://down-vn.img.susercontent.com/file/vn-11134207-7ras8-m40dxiai8bz42e') ON CONFLICT DO NOTHING;
INSERT INTO inventory (inventory_id, product_id, store_id, stock) VALUES (70617, 70497, 7329, 74) ON CONFLICT DO NOTHING;
INSERT INTO products (product_id, name, description, price, image_url) VALUES (70477, '20 cái bánh phồng nếp ngọt, đường kính mặt bánh 23cm. Đặc sản Bến Tre.', 'Đặc sản vùng miền chất lượng', 76000, 'https://down-vn.img.susercontent.com/file/vn-11134207-820l4-mh3on2euboqy1e') ON CONFLICT DO NOTHING;
INSERT INTO inventory (inventory_id, product_id, store_id, stock) VALUES (70618, 70477, 7316, 159) ON CONFLICT DO NOTHING;
INSERT INTO products (product_id, name, description, price, image_url) VALUES (70163, 'nho khô26Sản phẩm mới của năm: Đặc sản Tân Cương, siêu lớn, không cần rửa, ăn liền, trái cây sấy khô Turpan.', 'Đặc sản vùng miền chất lượng', 1217511, 'https://down-vn.img.susercontent.com/file/vn-11134201-81ztc-mnwy4vj4wvlx12') ON CONFLICT DO NOTHING;
INSERT INTO inventory (inventory_id, product_id, store_id, stock) VALUES (70619, 70163, 7130, 92) ON CONFLICT DO NOTHING;
INSERT INTO products (product_id, name, description, price, image_url) VALUES (70498, 'Mứt vỏ bưởi sấy dẻo Hoàng Minh Food loại 1 xuất khẩu, đặc sản Đà Lạt ít ngọt phù hợp cho người ăn kiêng, healthy', 'Đặc sản vùng miền chất lượng', 95000, 'https://down-vn.img.susercontent.com/file/vn-11134207-7ras8-m2uewmadl4u251') ON CONFLICT DO NOTHING;
INSERT INTO inventory (inventory_id, product_id, store_id, stock) VALUES (70620, 70498, 7259, 24) ON CONFLICT DO NOTHING;
INSERT INTO products (product_id, name, description, price, image_url) VALUES (70499, 'Mắm cá rò loại hủ  (0,5gr )đặc biệt - Đặc sản huế Quà Xứ Huế', 'Đặc sản vùng miền chất lượng', 49000, 'https://down-vn.img.susercontent.com/file/vn-11134207-820l4-mi5yaa8t0pvmf3') ON CONFLICT DO NOTHING;
INSERT INTO inventory (inventory_id, product_id, store_id, stock) VALUES (70621, 70499, 7330, 96) ON CONFLICT DO NOTHING;
INSERT INTO products (product_id, name, description, price, image_url) VALUES (70500, '[Bánh Mochi cao cấp] Bánh Mochi cao cấp hoa quế, Bánh mochi nhân đậu đỏ hình cây kem đặc sản Thượng Hải', 'Đặc sản vùng miền chất lượng', 30000, 'https://down-vn.img.susercontent.com/file/vn-11134201-7ras8-m1lfvunerven72') ON CONFLICT DO NOTHING;
INSERT INTO inventory (inventory_id, product_id, store_id, stock) VALUES (70622, 70500, 7331, 178) ON CONFLICT DO NOTHING;
INSERT INTO products (product_id, name, description, price, image_url) VALUES (70453, 'Bánh Dừa Nướng Giòn Thơm Ngon- Đặc Sản Đà Nẵng Ngon Bánh Dừa Nướng', 'Đặc sản vùng miền chất lượng', 29000, 'https://down-vn.img.susercontent.com/file/2137b697168b1cff7c17f083f4c6ad78') ON CONFLICT DO NOTHING;
INSERT INTO inventory (inventory_id, product_id, store_id, stock) VALUES (70623, 70453, 7064, 46) ON CONFLICT DO NOTHING;
INSERT INTO products (product_id, name, description, price, image_url) VALUES (70501, 'Set ăn vặt : 1 gói bò quẩy đặc sản siêu to,60 gói sườn dê,5 gói đùi gà thơm cay ( Tặng 5 gói mèo yêu cá)', 'Đặc sản vùng miền chất lượng', 85800, 'https://down-vn.img.susercontent.com/file/sg-11134201-820lq-mnue6dmz29l24b') ON CONFLICT DO NOTHING;
INSERT INTO inventory (inventory_id, product_id, store_id, stock) VALUES (70624, 70501, 7332, 171) ON CONFLICT DO NOTHING;
INSERT INTO products (product_id, name, description, price, image_url) VALUES (70478, 'Khô cá sặc đồng( cá sặc bướm), 500g, thương hiệu đặc sản Dakydo (An Giang) ăn là ghiền!', 'Đặc sản vùng miền chất lượng', 100000, 'https://down-vn.img.susercontent.com/file/970f49a9ef71fbd71f40229028afee7e') ON CONFLICT DO NOTHING;
INSERT INTO inventory (inventory_id, product_id, store_id, stock) VALUES (70625, 70478, 7317, 128) ON CONFLICT DO NOTHING;
INSERT INTO products (product_id, name, description, price, image_url) VALUES (70482, 'Kẹo Đậu Phộng,Hạt Chắc Nhiều Giòn Rụm Thơm Ngon Đặc Biệt - Ẩm Thực Đồ Ăn Đặc Sản', 'Đặc sản vùng miền chất lượng', 18500, 'https://down-vn.img.susercontent.com/file/vn-11134207-7ra0g-m7bk9oi8dmgs50') ON CONFLICT DO NOTHING;
INSERT INTO inventory (inventory_id, product_id, store_id, stock) VALUES (70626, 70482, 7321, 36) ON CONFLICT DO NOTHING;
INSERT INTO products (product_id, name, description, price, image_url) VALUES (70493, '500gr KHÔ BÒ XÉ SỢI ĐẶC SẢN ĐÀ NẴNG THƠM NGON', 'Đặc sản vùng miền chất lượng', 180000, 'https://down-vn.img.susercontent.com/file/e2efb0e590d3d50534227d12b904aba2') ON CONFLICT DO NOTHING;
INSERT INTO inventory (inventory_id, product_id, store_id, stock) VALUES (70627, 70493, 7257, 101) ON CONFLICT DO NOTHING;
INSERT INTO products (product_id, name, description, price, image_url) VALUES (70502, 'Hồng Treo Gió Hồng dẻo sấy 💖𝐅𝐑𝐄𝐄 𝐒𝐇𝐈𝐏💖 Hồng treo gió Đà Lạt, mứt tết, ô mai tết, mềm mọng chua ngọt', 'Đặc sản vùng miền chất lượng', 89000, 'https://down-vn.img.susercontent.com/file/vn-11134207-7ras8-m0erd2r5v65pc4') ON CONFLICT DO NOTHING;
INSERT INTO inventory (inventory_id, product_id, store_id, stock) VALUES (70628, 70502, 7333, 52) ON CONFLICT DO NOTHING;
INSERT INTO products (product_id, name, description, price, image_url) VALUES (70503, 'Bịch 20 Gói Sụn Tai Heo Rim Tỏi Ớt Giá Sỉ- Đặc Sản Tứ Xuyên Thơm Ngon Đặc Biệt (Gói To 16g)', 'Đặc sản vùng miền chất lượng', 51063, 'https://down-vn.img.susercontent.com/file/vn-11134207-7r98o-lws9iwilm5llb4') ON CONFLICT DO NOTHING;
INSERT INTO inventory (inventory_id, product_id, store_id, stock) VALUES (70629, 70503, 7111, 44) ON CONFLICT DO NOTHING;
INSERT INTO products (product_id, name, description, price, image_url) VALUES (70504, 'Kẹo chuối tươi Tuyết Hương đặc sản Bến Tre - Đồ ăn vặt', 'Đặc sản vùng miền chất lượng', 45000, 'https://down-vn.img.susercontent.com/file/vn-11134207-7ra0g-m9xzsmshnw2ie5') ON CONFLICT DO NOTHING;
INSERT INTO inventory (inventory_id, product_id, store_id, stock) VALUES (70630, 70504, 7334, 189) ON CONFLICT DO NOTHING;
INSERT INTO products (product_id, name, description, price, image_url) VALUES (70505, '[COMBO 5 CÁI] Kẹo Mè Giòn Hoàng Phúc 250g – Đặc Sản Đà Nẵng Thơm Ngon, Giòn Tan, Làm Quà Ý Nghĩa', 'Đặc sản vùng miền chất lượng', 158050, 'https://down-vn.img.susercontent.com/file/vn-11134207-81ztc-mnwdpbe1n4lg25') ON CONFLICT DO NOTHING;
INSERT INTO inventory (inventory_id, product_id, store_id, stock) VALUES (70631, 70505, 7199, 96) ON CONFLICT DO NOTHING;
INSERT INTO products (product_id, name, description, price, image_url) VALUES (70506, 'Khô Cá Bò Rim Đặc Sản Đà Nẵng - Lon 280gram', 'Đặc sản vùng miền chất lượng', 110000, 'https://down-vn.img.susercontent.com/file/8975b896c6ea69240e438f54473a5e2d') ON CONFLICT DO NOTHING;
INSERT INTO inventory (inventory_id, product_id, store_id, stock) VALUES (70632, 70506, 7024, 45) ON CONFLICT DO NOTHING;
INSERT INTO products (product_id, name, description, price, image_url) VALUES (70507, 'Bánh Tráng Mè Đặc Sản Ninh Thuận ( gói 500gr)', 'Đặc sản vùng miền chất lượng', 20000, 'https://down-vn.img.susercontent.com/file/sg-11134201-820lb-mnv8f00sj5s8ac') ON CONFLICT DO NOTHING;
INSERT INTO inventory (inventory_id, product_id, store_id, stock) VALUES (70633, 70507, 7335, 73) ON CONFLICT DO NOTHING;
INSERT INTO products (product_id, name, description, price, image_url) VALUES (70486, 'HÀNG LOẠI 1 Khô gà lá chanh  - đặc sản chợ Đà Lạt sạp 228A Ăn Vặt Food Thức Ăn Nho Snack', 'Đặc sản vùng miền chất lượng', 35000, 'https://down-vn.img.susercontent.com/file/vn-11134207-81ztc-mnwlbcgajlzc4a') ON CONFLICT DO NOTHING;
INSERT INTO inventory (inventory_id, product_id, store_id, stock) VALUES (70634, 70486, 7151, 81) ON CONFLICT DO NOTHING;
INSERT INTO products (product_id, name, description, price, image_url) VALUES (70508, 'Khoai Lang Sấy Dẻo Đà Lạt 19 Độ Farm Túi 500gr -Dẻo Ngọt Thơm Ngon Không Phụ Gia Không Chất Bảo Quản', 'Đặc sản vùng miền chất lượng', 122000, 'https://down-vn.img.susercontent.com/file/vn-11134207-81ztc-ml6gz86ax7uwab') ON CONFLICT DO NOTHING;
INSERT INTO inventory (inventory_id, product_id, store_id, stock) VALUES (70635, 70508, 7336, 40) ON CONFLICT DO NOTHING;
INSERT INTO products (product_id, name, description, price, image_url) VALUES (70491, 'Khoai mì sấy khô, cửa hàng đặc sản trái cây sấy khô, dứa sấy giòn, không phải từ Việt Nam, Vân Nam, hay Tây Song Banna.', 'Đặc sản vùng miền chất lượng', 188357, 'https://down-vn.img.susercontent.com/file/vn-11134201-81ztc-mnwhbtuqp53577') ON CONFLICT DO NOTHING;
INSERT INTO inventory (inventory_id, product_id, store_id, stock) VALUES (70636, 70491, 7130, 172) ON CONFLICT DO NOTHING;
INSERT INTO products (product_id, name, description, price, image_url) VALUES (70380, 'Mắm nêm pha sẵn bảy lan đặc sản phan thiết', 'Đặc sản vùng miền chất lượng', 39000, 'https://down-vn.img.susercontent.com/file/vn-11134207-820l4-mfjchwgjyhho1a') ON CONFLICT DO NOTHING;
INSERT INTO inventory (inventory_id, product_id, store_id, stock) VALUES (70637, 70380, 7262, 72) ON CONFLICT DO NOTHING;
INSERT INTO products (product_id, name, description, price, image_url) VALUES (70494, 'Kẹo gừng nguyên phấn ( đặc sản Bến Tre) 1000gr', 'Đặc sản vùng miền chất lượng', 85000, 'https://down-vn.img.susercontent.com/file/vn-11134207-820l4-mg60uahubeh8e1') ON CONFLICT DO NOTHING;
INSERT INTO inventory (inventory_id, product_id, store_id, stock) VALUES (70638, 70494, 7328, 89) ON CONFLICT DO NOTHING;
INSERT INTO products (product_id, name, description, price, image_url) VALUES (70416, 'Bánh Đậu Phộng Đặc Sản Đà Nẵng Bịch 5 Cái Kẹo Đậu Phộng Đặc Sản Làm Quà Tiệm Của Thúy Thơm Ngon Giòn Hấp Dẫn', 'Đặc sản vùng miền chất lượng', 90000, 'https://down-vn.img.susercontent.com/file/sg-11134201-22110-c8okqtcnvhjv1c') ON CONFLICT DO NOTHING;
INSERT INTO inventory (inventory_id, product_id, store_id, stock) VALUES (70639, 70416, 7281, 46) ON CONFLICT DO NOTHING;
INSERT INTO products (product_id, name, description, price, image_url) VALUES (70439, 'Khoai chuối giòn đóng gói lớn của Philippines, chuối sấy lát, đồ ăn vặt cho bà bầu và trẻ em, sản phẩm đặc biệt, tốt cho', 'Đặc sản vùng miền chất lượng', 580221, 'https://down-vn.img.susercontent.com/file/vn-11134201-81ztc-mnwivefk4irs15') ON CONFLICT DO NOTHING;
INSERT INTO inventory (inventory_id, product_id, store_id, stock) VALUES (70640, 70439, 7130, 99) ON CONFLICT DO NOTHING;
INSERT INTO products (product_id, name, description, price, image_url) VALUES (70509, 'Mực rim me nguyên con, đặc biệt loại một, đặc sản Huế, ngon khó cưỡng', 'Đặc sản vùng miền chất lượng', 137500, 'https://down-vn.img.susercontent.com/file/vn-11134207-7r98o-lruuqbcw2tac11') ON CONFLICT DO NOTHING;
INSERT INTO inventory (inventory_id, product_id, store_id, stock) VALUES (70641, 70509, 7162, 29) ON CONFLICT DO NOTHING;
INSERT INTO products (product_id, name, description, price, image_url) VALUES (70463, '(7 vị) Snack/Cá khô sợi Full Fish 70g_ Xuất xứ: Thái Lan', 'Đặc sản vùng miền chất lượng', 54000, 'https://down-vn.img.susercontent.com/file/vn-11134207-7ras8-mbopja3d7tse72') ON CONFLICT DO NOTHING;
INSERT INTO inventory (inventory_id, product_id, store_id, stock) VALUES (70642, 70463, 7307, 43) ON CONFLICT DO NOTHING;
INSERT INTO products (product_id, name, description, price, image_url) VALUES (70457, 'Bánh Thèo Lèo Cay Mắm Ớt -Đặc Sản Sài Gòn', 'Đặc sản vùng miền chất lượng', 75000, 'https://down-vn.img.susercontent.com/file/vn-11134207-81ztc-mn8qaqu80x6s0f') ON CONFLICT DO NOTHING;
INSERT INTO inventory (inventory_id, product_id, store_id, stock) VALUES (70643, 70457, 7304, 51) ON CONFLICT DO NOTHING;
INSERT INTO products (product_id, name, description, price, image_url) VALUES (70510, 'Kẹo hạt điều Yến Nhi đặc sản Đồng Nai gói 140g', 'Đặc sản vùng miền chất lượng', 48540, 'https://down-vn.img.susercontent.com/file/vn-11134207-820l4-mhr13udkre2p93') ON CONFLICT DO NOTHING;
INSERT INTO inventory (inventory_id, product_id, store_id, stock) VALUES (70644, 70510, 7337, 145) ON CONFLICT DO NOTHING;
INSERT INTO products (product_id, name, description, price, image_url) VALUES (70511, '2 hủ 500GR (500gr x 2) Cà dầm tôm Phú Thành - Đặc sản Huế', 'Đặc sản vùng miền chất lượng', 79000, 'https://down-vn.img.susercontent.com/file/vn-11134201-820l4-me78s5y4vhtu72') ON CONFLICT DO NOTHING;
INSERT INTO inventory (inventory_id, product_id, store_id, stock) VALUES (70645, 70511, 7182, 22) ON CONFLICT DO NOTHING;
INSERT INTO products (product_id, name, description, price, image_url) VALUES (70512, '[500Gr] KHÔ HEO CHÁY TỎI , KHÔ, thơm, ĐẬM ĐÀ HƯƠNG VỊ, ĐẶC SẢN MIỀN TRUN', 'Đặc sản vùng miền chất lượng', 110000, 'https://down-vn.img.susercontent.com/file/vn-11134207-820l4-mjqz3tkbrq4jdc') ON CONFLICT DO NOTHING;
INSERT INTO inventory (inventory_id, product_id, store_id, stock) VALUES (70646, 70512, 7338, 65) ON CONFLICT DO NOTHING;
INSERT INTO products (product_id, name, description, price, image_url) VALUES (70474, 'Cá Bò Rim Ăn Vặt Ngon Rẻ Hộp 250g Đặc Sản Đà Nẵng', 'Đặc sản vùng miền chất lượng', 130000, 'https://down-vn.img.susercontent.com/file/394e2140fa8d610325f31149e85560ee') ON CONFLICT DO NOTHING;
INSERT INTO inventory (inventory_id, product_id, store_id, stock) VALUES (70647, 70474, 7295, 155) ON CONFLICT DO NOTHING;
INSERT INTO products (product_id, name, description, price, image_url) VALUES (70513, 'Yunshijian - Khoai Mì Sấy Khô Đặc Sản, Đồ Ăn Vặt Giòn Sấy Khô Ăn Liền Trong Hộp', 'Đặc sản vùng miền chất lượng', 125788, 'https://down-vn.img.susercontent.com/file/vn-11134201-81ztc-mnwjbowi2r5y1c') ON CONFLICT DO NOTHING;
INSERT INTO inventory (inventory_id, product_id, store_id, stock) VALUES (70648, 70513, 7130, 156) ON CONFLICT DO NOTHING;
INSERT INTO products (product_id, name, description, price, image_url) VALUES (70514, 'Chẳm chéo Tây Bắc đậm vị cay, trọn vị ngon (Khô- ướt các loại)', 'Đặc sản vùng miền chất lượng', 20000, 'https://down-vn.img.susercontent.com/file/vn-11134207-7r98o-ll07riw4jtulfc') ON CONFLICT DO NOTHING;
INSERT INTO inventory (inventory_id, product_id, store_id, stock) VALUES (70649, 70514, 7339, 188) ON CONFLICT DO NOTHING;
INSERT INTO products (product_id, name, description, price, image_url) VALUES (70488, 'Cá Cơm Rim Mè Nước Mắm Vị Biển, Đồ Ăn Vặt Ngon Rẻ Hủ PET 200GR Thực Phẩm Ăn Liền', 'Đặc sản vùng miền chất lượng', 78000, 'https://down-vn.img.susercontent.com/file/vn-11134207-7r98o-lrd78h1ccal5a5') ON CONFLICT DO NOTHING;
INSERT INTO inventory (inventory_id, product_id, store_id, stock) VALUES (70650, 70488, 7325, 192) ON CONFLICT DO NOTHING;
INSERT INTO products (product_id, name, description, price, image_url) VALUES (70515, 'Hồng Treo Gió Đặc Sản Đà Lạt - Túi 500gram', 'Đặc sản vùng miền chất lượng', 284000, 'https://down-vn.img.susercontent.com/file/vn-11134207-7ras8-m2xgt018xvcg67') ON CONFLICT DO NOTHING;
INSERT INTO inventory (inventory_id, product_id, store_id, stock) VALUES (70651, 70515, 7024, 146) ON CONFLICT DO NOTHING;
INSERT INTO products (product_id, name, description, price, image_url) VALUES (70516, 'Mắm Tép Chưng Thịt PTK hộp 180gr (Vị truyền thống_không cay) - Đặc Sản Việt Nam - Chuẩn ISO, OCOP', 'Đặc sản vùng miền chất lượng', 89000, 'https://down-vn.img.susercontent.com/file/vn-11134207-81ztc-mn9r9tdrx6v986') ON CONFLICT DO NOTHING;
INSERT INTO inventory (inventory_id, product_id, store_id, stock) VALUES (70652, 70516, 7033, 157) ON CONFLICT DO NOTHING;
INSERT INTO products (product_id, name, description, price, image_url) VALUES (70517, '1 THANH 200gr LƯƠNG KHÔ QUÂN ĐỘI THÙNG SẮT - 3 SAO 900  ăn vặt đức anh food', 'Đặc sản vùng miền chất lượng', 30000, 'https://down-vn.img.susercontent.com/file/sg-11134201-822wk-mi6vv2r7u3go9f') ON CONFLICT DO NOTHING;
INSERT INTO inventory (inventory_id, product_id, store_id, stock) VALUES (70653, 70517, 7340, 65) ON CONFLICT DO NOTHING;
INSERT INTO products (product_id, name, description, price, image_url) VALUES (70518, 'Đặc Sản Kẹo Dồi Hồng Lam - Vị Ngọt Dẻo Béo Ngậy - Hộp 260g', 'Đặc sản vùng miền chất lượng', 85000, 'https://down-vn.img.susercontent.com/file/vn-11134207-820l4-mie1kvnbloub41') ON CONFLICT DO NOTHING;
INSERT INTO inventory (inventory_id, product_id, store_id, stock) VALUES (70654, 70518, 7341, 183) ON CONFLICT DO NOTHING;
INSERT INTO products (product_id, name, description, price, image_url) VALUES (70485, 'Kẹo chuối tươi Cô Hai Tỏ - Đặc sản Bến Tre', 'Đặc sản vùng miền chất lượng', 40000, 'https://down-vn.img.susercontent.com/file/vn-11134207-820l4-mgunp5969qfh67') ON CONFLICT DO NOTHING;
INSERT INTO inventory (inventory_id, product_id, store_id, stock) VALUES (70655, 70485, 7324, 196) ON CONFLICT DO NOTHING;
INSERT INTO products (product_id, name, description, price, image_url) VALUES (70519, 'MẮM CÁ RÒ ĐẶC SẢN HUẾ THƠM NGON-ĐẬM ĐÀ', 'Đặc sản vùng miền chất lượng', 44400, 'https://down-vn.img.susercontent.com/file/vn-11134207-7ras8-mbu9wwrnbmviee') ON CONFLICT DO NOTHING;
INSERT INTO inventory (inventory_id, product_id, store_id, stock) VALUES (70656, 70519, 7342, 174) ON CONFLICT DO NOTHING;
INSERT INTO products (product_id, name, description, price, image_url) VALUES (70459, 'MÈ XỮNG GIÒN THIÊN HƯƠNG ĐẶC SẢN HUẾ 150G', 'Đặc sản vùng miền chất lượng', 22000, 'https://down-vn.img.susercontent.com/file/vn-11134207-7ras8-m0rhjvecyub1f3') ON CONFLICT DO NOTHING;
INSERT INTO inventory (inventory_id, product_id, store_id, stock) VALUES (70657, 70459, 7104, 188) ON CONFLICT DO NOTHING;
INSERT INTO products (product_id, name, description, price, image_url) VALUES (70520, '[sẵn hàng] combo 3 goi mực lá nướng cay ngọt ăn liền gói 18gr', 'Đặc sản vùng miền chất lượng', 24999, 'https://down-vn.img.susercontent.com/file/vn-11134207-820l4-mgozgb0lqu4s8c') ON CONFLICT DO NOTHING;
INSERT INTO inventory (inventory_id, product_id, store_id, stock) VALUES (70658, 70520, 7323, 152) ON CONFLICT DO NOTHING;
INSERT INTO products (product_id, name, description, price, image_url) VALUES (70521, '【Kèm Tương Ớt】Cơm Cháy Viên Mini Mix 3 Vị 500g - Đặc Sản Giòn Tan Đậm Vị, Đồ Ăn Vặt , Hàng Mới Mỗi Ngày', 'Đặc sản vùng miền chất lượng', 129800, 'https://down-vn.img.susercontent.com/file/sg-11134201-820oj-mnvf4n6gq7eqe4') ON CONFLICT DO NOTHING;
INSERT INTO inventory (inventory_id, product_id, store_id, stock) VALUES (70659, 70521, 7343, 147) ON CONFLICT DO NOTHING;
INSERT INTO products (product_id, name, description, price, image_url) VALUES (70522, 'Bánh mít sấy đông lạnh, đặc sản Hải Nam, đồ ăn vặt mít sấy, trái cây sấy đông lạnh giòn.', 'Đặc sản vùng miền chất lượng', 243485, 'https://down-vn.img.susercontent.com/file/vn-11134201-81ztc-mnwid46408ow34') ON CONFLICT DO NOTHING;
INSERT INTO inventory (inventory_id, product_id, store_id, stock) VALUES (70660, 70522, 7130, 194) ON CONFLICT DO NOTHING;
INSERT INTO products (product_id, name, description, price, image_url) VALUES (70523, 'Kẹo Dừa Dẻo Thập Cẩm Hải Sơn - 500g - Đặc Sản Bến Tre', 'Đặc sản vùng miền chất lượng', 72000, 'https://down-vn.img.susercontent.com/file/vn-11134207-820l4-miwnwge97jls84') ON CONFLICT DO NOTHING;
INSERT INTO inventory (inventory_id, product_id, store_id, stock) VALUES (70661, 70523, 7344, 121) ON CONFLICT DO NOTHING;
INSERT INTO products (product_id, name, description, price, image_url) VALUES (70524, '[GÓI 400G - 10 CÁI] Bánh Phồng Sữa Vị Sầu Riêng – Siêu Béo, Thơm Nồng Đặc Sản Miền Tây', 'Đặc sản vùng miền chất lượng', 37000, 'https://down-vn.img.susercontent.com/file/vn-11134207-81ztc-mn0wlnghd5vm9e') ON CONFLICT DO NOTHING;
INSERT INTO inventory (inventory_id, product_id, store_id, stock) VALUES (70662, 70524, 7345, 70) ON CONFLICT DO NOTHING;
INSERT INTO products (product_id, name, description, price, image_url) VALUES (70458, 'Da cá thơm ngon giòn rụm Lucky star 25g', 'Đặc sản vùng miền chất lượng', 18210, 'https://down-vn.img.susercontent.com/file/vn-11134207-7ras8-m4hfs87pfwrk91') ON CONFLICT DO NOTHING;
INSERT INTO inventory (inventory_id, product_id, store_id, stock) VALUES (70663, 70458, 7305, 179) ON CONFLICT DO NOTHING;
INSERT INTO products (product_id, name, description, price, image_url) VALUES (70492, 'Ô mai sấu giòn cay hộp 500gr - đặc sản Hà Nội', 'Đặc sản vùng miền chất lượng', 85000, 'https://down-vn.img.susercontent.com/file/vn-11134207-7ras8-mbsdz3lmm5puec') ON CONFLICT DO NOTHING;
INSERT INTO inventory (inventory_id, product_id, store_id, stock) VALUES (70664, 70492, 7327, 140) ON CONFLICT DO NOTHING;
INSERT INTO products (product_id, name, description, price, image_url) VALUES (70525, '[HỎA TỐC SG] Hồng Treo Gió, Hồng Treo Kem, Đặc Sản Đà Lạt', 'Đặc sản vùng miền chất lượng', 220000, 'https://down-vn.img.susercontent.com/file/vn-11134207-81ztc-mldm3rsv1l3972') ON CONFLICT DO NOTHING;
INSERT INTO inventory (inventory_id, product_id, store_id, stock) VALUES (70665, 70525, 7346, 32) ON CONFLICT DO NOTHING;
INSERT INTO products (product_id, name, description, price, image_url) VALUES (70526, 'Mực Rim Sate Nguyên Con Đặc Sản Bình Định - Lon 290gr', 'Đặc sản vùng miền chất lượng', 213400, 'https://down-vn.img.susercontent.com/file/sg-11134201-22110-yxds0ubzkejv9d') ON CONFLICT DO NOTHING;
INSERT INTO inventory (inventory_id, product_id, store_id, stock) VALUES (70666, 70526, 7284, 136) ON CONFLICT DO NOTHING;
INSERT INTO products (product_id, name, description, price, image_url) VALUES (70527, 'COMBO 05 GÓI KẸO ĐẬU NÀNH VÔI GÓI 75G THƠM NGON CHUẨN VỊ, ĐẶC SẢN HUẾ', 'Đặc sản vùng miền chất lượng', 7500, 'https://down-vn.img.susercontent.com/file/vn-11134207-820l4-me719odm9zwjb4') ON CONFLICT DO NOTHING;
INSERT INTO inventory (inventory_id, product_id, store_id, stock) VALUES (70667, 70527, 7126, 199) ON CONFLICT DO NOTHING;
INSERT INTO products (product_id, name, description, price, image_url) VALUES (70528, 'Ghẹ sữa sấy giòn hủ 200g thơm ngon béo ngậy đặc sản Phú Quốc', 'Đặc sản vùng miền chất lượng', 79000, 'https://down-vn.img.susercontent.com/file/b5ec89c44a6b53e8ca83abe151f765bc') ON CONFLICT DO NOTHING;
INSERT INTO inventory (inventory_id, product_id, store_id, stock) VALUES (70668, 70528, 7300, 104) ON CONFLICT DO NOTHING;
INSERT INTO products (product_id, name, description, price, image_url) VALUES (70471, '|500Gr| Sấu Giòn Chua Cay ( Đặc Sản Hà Nội), Sấu Giòn Chua Cay Siêu Ngon', 'Đặc sản vùng miền chất lượng', 35900, 'https://down-vn.img.susercontent.com/file/vn-11134207-7ras8-mavejl89lc5ze3') ON CONFLICT DO NOTHING;
INSERT INTO inventory (inventory_id, product_id, store_id, stock) VALUES (70669, 70471, 7312, 47) ON CONFLICT DO NOTHING;
INSERT INTO products (product_id, name, description, price, image_url) VALUES (70475, 'Bánh dừa nướng Topcoco gói 150g- DÒNG CAO CẤP CHUẨN XUẤT KHẨU - ĐẶC SẢN QUẢNG NAM', 'Đặc sản vùng miền chất lượng', 30000, 'https://down-vn.img.susercontent.com/file/vn-11134207-7r98o-lvls8kwpomxpa0') ON CONFLICT DO NOTHING;
INSERT INTO inventory (inventory_id, product_id, store_id, stock) VALUES (70670, 70475, 7314, 71) ON CONFLICT DO NOTHING;
INSERT INTO products (product_id, name, description, price, image_url) VALUES (70529, '1KG_Khô cá thiều que tẩm gia vị đặc sản Đà Nẵng,ăn vặt Sương Sương', 'Đặc sản vùng miền chất lượng', 98010, 'https://down-vn.img.susercontent.com/file/sg-11134201-7rd5k-lwdz9n8w743n01') ON CONFLICT DO NOTHING;
INSERT INTO inventory (inventory_id, product_id, store_id, stock) VALUES (70671, 70529, 7347, 23) ON CONFLICT DO NOTHING;
INSERT INTO products (product_id, name, description, price, image_url) VALUES (70423, 'Kẹo Me Cay Đặc Sản Đà Lạt - Lon 500gr', 'Đặc sản vùng miền chất lượng', 101850, 'https://down-vn.img.susercontent.com/file/sg-11134201-22100-g2xdhbg3l6iv45') ON CONFLICT DO NOTHING;
INSERT INTO inventory (inventory_id, product_id, store_id, stock) VALUES (70672, 70423, 7284, 21) ON CONFLICT DO NOTHING;
INSERT INTO products (product_id, name, description, price, image_url) VALUES (70530, '[05.05] Kẹo Chuối Tươi Gừng Đậu Phộng Cốt Dừa HELLO TROPICAL | Đặc Sản, Dẻo Thơm | Quà tết Hủ 500g', 'Đặc sản vùng miền chất lượng', 505500, 'https://down-vn.img.susercontent.com/file/vn-11134207-820l4-mjnutqu5xdl04d') ON CONFLICT DO NOTHING;
INSERT INTO inventory (inventory_id, product_id, store_id, stock) VALUES (70673, 70530, 7348, 39) ON CONFLICT DO NOTHING;
INSERT INTO products (product_id, name, description, price, image_url) VALUES (70059, '[COMBO 8 SẢN PHẨM] Bánh Ép Huế vị BBQ, Gà, Tép - Đặc sản Huế Chính Gốc, Thơm, Giòn Rụm, Hue One Food', 'Đặc sản vùng miền chất lượng', 131999, 'https://down-vn.img.susercontent.com/file/vn-11134207-820l4-mjjp6yhux69wa6') ON CONFLICT DO NOTHING;
INSERT INTO inventory (inventory_id, product_id, store_id, stock) VALUES (70674, 70059, 7054, 183) ON CONFLICT DO NOTHING;
INSERT INTO products (product_id, name, description, price, image_url) VALUES (70531, 'Bánh Ép Huế vị BBQ 65g, Siêu Phẩm Giòn Tan, Đậm Vị Quê Hương. Ăn là ghiền ngay!', 'Đặc sản vùng miền chất lượng', 103500, 'https://down-vn.img.susercontent.com/file/vn-11134207-7ras8-m418l2wu7e2v5f') ON CONFLICT DO NOTHING;
INSERT INTO inventory (inventory_id, product_id, store_id, stock) VALUES (70675, 70531, 7054, 68) ON CONFLICT DO NOTHING;
INSERT INTO products (product_id, name, description, price, image_url) VALUES (70060, 'Bánh ép Hue One Food vị hải sản tôm thịt hộp nhỏ 40g thơm ngon giòn rụm', 'Đặc sản vùng miền chất lượng', 79350, 'https://down-vn.img.susercontent.com/file/vn-11134207-7ras8-m418zmb6cs0f44') ON CONFLICT DO NOTHING;
INSERT INTO inventory (inventory_id, product_id, store_id, stock) VALUES (70676, 70060, 7054, 32) ON CONFLICT DO NOTHING;
INSERT INTO products (product_id, name, description, price, image_url) VALUES (70428, 'COMBO 5 GÓI ĐẶC SẢN QUẨY XOẮN VỊ GỪNG THƠM NGON', 'Đặc sản vùng miền chất lượng', 19000, 'https://down-vn.img.susercontent.com/file/vn-11134207-81ztc-mkci75rqpoufa9') ON CONFLICT DO NOTHING;
INSERT INTO inventory (inventory_id, product_id, store_id, stock) VALUES (70677, 70428, 7288, 105) ON CONFLICT DO NOTHING;
INSERT INTO products (product_id, name, description, price, image_url) VALUES (70483, 'Thơm sấy muối ớt 500g, khóm sấy muối ớt chua cay, ngọt NHẸ - Đặc sản Cahoro Food - Trái cây sấy dẻo.', 'Đặc sản vùng miền chất lượng', 64500, 'https://down-vn.img.susercontent.com/file/vn-11134207-820l4-milt6lxw8bgn27') ON CONFLICT DO NOTHING;
INSERT INTO inventory (inventory_id, product_id, store_id, stock) VALUES (70678, 70483, 7322, 143) ON CONFLICT DO NOTHING;
INSERT INTO products (product_id, name, description, price, image_url) VALUES (70525, '[HỎA TỐC SG] Hồng Treo Gió, Hồng Treo Kem, Đặc Sản Đà Lạt', 'Đặc sản vùng miền chất lượng', 220000, 'https://down-vn.img.susercontent.com/file/vn-11134207-81ztc-mldm3rsv1l3972') ON CONFLICT DO NOTHING;
INSERT INTO inventory (inventory_id, product_id, store_id, stock) VALUES (70679, 70525, 7346, 189) ON CONFLICT DO NOTHING;
INSERT INTO products (product_id, name, description, price, image_url) VALUES (70451, '[Combo 20banh] Bánh chuối chưa nướng- Đặc sản Bên Tre- thơm ngon đậm vị', 'Đặc sản vùng miền chất lượng', 78000, 'https://down-vn.img.susercontent.com/file/vn-11134207-7r98o-loglo0glonw39b') ON CONFLICT DO NOTHING;
INSERT INTO inventory (inventory_id, product_id, store_id, stock) VALUES (70680, 70451, 7302, 137) ON CONFLICT DO NOTHING;
INSERT INTO products (product_id, name, description, price, image_url) VALUES (70380, 'Mắm nêm pha sẵn bảy lan đặc sản phan thiết', 'Đặc sản vùng miền chất lượng', 39000, 'https://down-vn.img.susercontent.com/file/vn-11134207-820l4-mfjchwgjyhho1a') ON CONFLICT DO NOTHING;
INSERT INTO inventory (inventory_id, product_id, store_id, stock) VALUES (70681, 70380, 7262, 193) ON CONFLICT DO NOTHING;
INSERT INTO products (product_id, name, description, price, image_url) VALUES (70463, '(7 vị) Snack/Cá khô sợi Full Fish 70g_ Xuất xứ: Thái Lan', 'Đặc sản vùng miền chất lượng', 54000, 'https://down-vn.img.susercontent.com/file/vn-11134207-7ras8-mbopja3d7tse72') ON CONFLICT DO NOTHING;
INSERT INTO inventory (inventory_id, product_id, store_id, stock) VALUES (70682, 70463, 7307, 187) ON CONFLICT DO NOTHING;
INSERT INTO products (product_id, name, description, price, image_url) VALUES (70532, '[ COMBO 4 TÚI ] Bánh Tráng Quế - Đặc Sản Cao Bằng', 'Đặc sản vùng miền chất lượng', 150000, 'https://down-vn.img.susercontent.com/file/vn-11134207-81ztc-mmp1don8eq6ae1') ON CONFLICT DO NOTHING;
INSERT INTO inventory (inventory_id, product_id, store_id, stock) VALUES (70683, 70532, 7349, 124) ON CONFLICT DO NOTHING;
INSERT INTO products (product_id, name, description, price, image_url) VALUES (70506, 'Khô Cá Bò Rim Đặc Sản Đà Nẵng - Lon 280gram', 'Đặc sản vùng miền chất lượng', 110000, 'https://down-vn.img.susercontent.com/file/8975b896c6ea69240e438f54473a5e2d') ON CONFLICT DO NOTHING;
INSERT INTO inventory (inventory_id, product_id, store_id, stock) VALUES (70684, 70506, 7024, 131) ON CONFLICT DO NOTHING;
INSERT INTO products (product_id, name, description, price, image_url) VALUES (70517, '1 THANH 200gr LƯƠNG KHÔ QUÂN ĐỘI THÙNG SẮT - 3 SAO 900  ăn vặt đức anh food', 'Đặc sản vùng miền chất lượng', 30000, 'https://down-vn.img.susercontent.com/file/sg-11134201-822wk-mi6vv2r7u3go9f') ON CONFLICT DO NOTHING;
INSERT INTO inventory (inventory_id, product_id, store_id, stock) VALUES (70685, 70517, 7340, 173) ON CONFLICT DO NOTHING;
INSERT INTO products (product_id, name, description, price, image_url) VALUES (70458, 'Da cá thơm ngon giòn rụm Lucky star 25g', 'Đặc sản vùng miền chất lượng', 18210, 'https://down-vn.img.susercontent.com/file/vn-11134207-7ras8-m4hfs87pfwrk91') ON CONFLICT DO NOTHING;
INSERT INTO inventory (inventory_id, product_id, store_id, stock) VALUES (70686, 70458, 7305, 163) ON CONFLICT DO NOTHING;
INSERT INTO products (product_id, name, description, price, image_url) VALUES (70533, 'Bánh Tráng Mắm Tỏi Ớt SẤY GIÒN (300gr) Đặc Sản Phan Rang Siêu Giòn - Tiệm Quê Nhà', 'Đặc sản vùng miền chất lượng', 59000, 'https://down-vn.img.susercontent.com/file/vn-11134207-7r98o-luwp5wxioap147') ON CONFLICT DO NOTHING;
INSERT INTO inventory (inventory_id, product_id, store_id, stock) VALUES (70687, 70533, 7181, 22) ON CONFLICT DO NOTHING;
INSERT INTO products (product_id, name, description, price, image_url) VALUES (70468, '[CHÍNH HÃNG] ĐẶC SẢN MẮM CÀ PHÁO HUẾ CÔ TI HỘP 500G DANH TIẾNG, ĐẶC SẢN HUẾ, ĐÓNG GÓI KỸ CÀNG', 'Đặc sản vùng miền chất lượng', 45000, 'https://down-vn.img.susercontent.com/file/vn-11134207-7ras8-mbq87jrzjblede') ON CONFLICT DO NOTHING;
INSERT INTO inventory (inventory_id, product_id, store_id, stock) VALUES (70688, 70468, 7126, 159) ON CONFLICT DO NOTHING;
INSERT INTO products (product_id, name, description, price, image_url) VALUES (70534, 'Mắm Cá Chốt Bà Giáo Khỏe 666666 Hủ 500g Đặc Sản Châu Đốc Trí Vân - TV21', 'Đặc sản vùng miền chất lượng', 93632, 'https://down-vn.img.susercontent.com/file/vn-11134201-23030-hys6mks5z9nvc3') ON CONFLICT DO NOTHING;
INSERT INTO inventory (inventory_id, product_id, store_id, stock) VALUES (70689, 70534, 7213, 147) ON CONFLICT DO NOTHING;
INSERT INTO products (product_id, name, description, price, image_url) VALUES (70444, 'Kẹo nha đam DaLaVi - Đặc sản Đà Lạt - FreeShip', 'Đặc sản vùng miền chất lượng', 49000, 'https://down-vn.img.susercontent.com/file/vn-11134207-7r98o-lkjqyee82ay254') ON CONFLICT DO NOTHING;
INSERT INTO inventory (inventory_id, product_id, store_id, stock) VALUES (70690, 70444, 7297, 135) ON CONFLICT DO NOTHING;
INSERT INTO products (product_id, name, description, price, image_url) VALUES (70535, '[MUA 1 TẶNG 1] Mít Sấy Giòn Không Đường We''natur 200g (tặng 1 Trái cây sấy 100g)', 'Đặc sản vùng miền chất lượng', 77987, 'https://down-vn.img.susercontent.com/file/vn-11134207-820l4-mjdwyga3lczkb7') ON CONFLICT DO NOTHING;
INSERT INTO inventory (inventory_id, product_id, store_id, stock) VALUES (70691, 70535, 7350, 165) ON CONFLICT DO NOTHING;
INSERT INTO products (product_id, name, description, price, image_url) VALUES (70536, 'Kẹo cà phê sữa dừa 200G Đặc Sản Hải Nam Thêm Đường Dừa Đậm Đặc Quà Tặng Năm Mới Kẹo Happy Candy Trẻ Em Ăn Nhẹ kẹo Cứng', 'Đặc sản vùng miền chất lượng', 102200, 'https://down-vn.img.susercontent.com/file/vn-11134207-7ra0g-m6cra0je7rqufb') ON CONFLICT DO NOTHING;
INSERT INTO inventory (inventory_id, product_id, store_id, stock) VALUES (70692, 70536, 7351, 59) ON CONFLICT DO NOTHING;
INSERT INTO products (product_id, name, description, price, image_url) VALUES (70537, 'Khô cá lóc 3 nắng, thương hiệu đặc sản Dakydo, ăn là ghiền!', 'Đặc sản vùng miền chất lượng', 155000, 'https://down-vn.img.susercontent.com/file/ab4372fa915bc5f1e8c3198581e9bae5') ON CONFLICT DO NOTHING;
INSERT INTO inventory (inventory_id, product_id, store_id, stock) VALUES (70693, 70537, 7317, 56) ON CONFLICT DO NOTHING;
INSERT INTO products (product_id, name, description, price, image_url) VALUES (70538, 'Kẹo Chuối Tươi Lâm Diệu Siêu Ngon- Đặc Sản Bến Tre', 'Đặc sản vùng miền chất lượng', 65000, 'https://down-vn.img.susercontent.com/file/vn-11134207-820l4-mic7glb2u2v777') ON CONFLICT DO NOTHING;
INSERT INTO inventory (inventory_id, product_id, store_id, stock) VALUES (70694, 70538, 7352, 53) ON CONFLICT DO NOTHING;
INSERT INTO products (product_id, name, description, price, image_url) VALUES (70539, 'Bánh dừa nướng đặc sản Quảng Nam 200g loại đặc biệt ngon', 'Đặc sản vùng miền chất lượng', 24900, 'https://down-vn.img.susercontent.com/file/vn-11134207-23010-1p8880xns7lv66') ON CONFLICT DO NOTHING;
INSERT INTO inventory (inventory_id, product_id, store_id, stock) VALUES (70695, 70539, 7353, 152) ON CONFLICT DO NOTHING;
INSERT INTO products (product_id, name, description, price, image_url) VALUES (70388, 'Kẹo chuối tươi Thanh Long đặc sản Bến Tre 480g', 'Đặc sản vùng miền chất lượng', 58000, 'https://down-vn.img.susercontent.com/file/vn-11134207-820l4-mf7xye5h10y62b') ON CONFLICT DO NOTHING;
INSERT INTO inventory (inventory_id, product_id, store_id, stock) VALUES (70696, 70388, 7266, 140) ON CONFLICT DO NOTHING;
INSERT INTO products (product_id, name, description, price, image_url) VALUES (70540, '[LOẠI 1] 400gr Mít Sấy Giòn Nguyên Miếng Không Vụn, Giòn Rụm, Vị Ngọt Ngon Tự Nhiên - Ăn Vặt Đà Lạt Trend', 'Đặc sản vùng miền chất lượng', 41000, 'https://down-vn.img.susercontent.com/file/vn-11134201-7r98o-lyt98wmvemod96') ON CONFLICT DO NOTHING;
INSERT INTO inventory (inventory_id, product_id, store_id, stock) VALUES (70697, 70540, 7354, 190) ON CONFLICT DO NOTHING;
INSERT INTO products (product_id, name, description, price, image_url) VALUES (70541, 'Kẹo Mix 10 Loại Vị Chuối Thơm Mít Gừng Phộng Mè Rang Bánh Tráng Dừa Bến Tre Hương Vị Thơm Ngon đặc sản BẾN TRE', 'Đặc sản vùng miền chất lượng', 39000, 'https://down-vn.img.susercontent.com/file/vn-11134207-81ztc-mnv4yqa8rax20c') ON CONFLICT DO NOTHING;
INSERT INTO inventory (inventory_id, product_id, store_id, stock) VALUES (70698, 70541, 7355, 128) ON CONFLICT DO NOTHING;
INSERT INTO products (product_id, name, description, price, image_url) VALUES (70542, 'Combo Khô Cá Lóc Chay Tẩm Ớt Và Gia Vị Sẵn Gói 130g', 'Đặc sản vùng miền chất lượng', 160388, 'https://down-vn.img.susercontent.com/file/vn-11134207-81ztc-mm8jql1ozspb43') ON CONFLICT DO NOTHING;
INSERT INTO inventory (inventory_id, product_id, store_id, stock) VALUES (70699, 70542, 7356, 194) ON CONFLICT DO NOTHING;
INSERT INTO products (product_id, name, description, price, image_url) VALUES (70543, '[CHÍNH HÃNG] ĐẶC SẢN MẮM CÁ CƠM CÔ TI DANH TIẾNG HỘP LỚN 500G, ĐẶC SẢN HUẾ', 'Đặc sản vùng miền chất lượng', 25000, 'https://down-vn.img.susercontent.com/file/vn-11134207-7ras8-mbq8lgqwfgy6d6') ON CONFLICT DO NOTHING;
INSERT INTO inventory (inventory_id, product_id, store_id, stock) VALUES (70700, 70543, 7126, 120) ON CONFLICT DO NOTHING;
INSERT INTO products (product_id, name, description, price, image_url) VALUES (70544, 'Kẹo Dừa Ca Cao Hải Sơn - 350g - Đặc Sản Bến Tre', 'Đặc sản vùng miền chất lượng', 65000, 'https://down-vn.img.susercontent.com/file/vn-11134207-820l4-miwm05wpvk0233') ON CONFLICT DO NOTHING;
INSERT INTO inventory (inventory_id, product_id, store_id, stock) VALUES (70701, 70544, 7344, 179) ON CONFLICT DO NOTHING;
INSERT INTO products (product_id, name, description, price, image_url) VALUES (70545, 'Kẹo Dâu Tây Mix Dâu Tằm Đặc Sản Đà Lạt 500g SaiGon Food', 'Đặc sản vùng miền chất lượng', 52488, 'https://down-vn.img.susercontent.com/file/vn-11134201-820l4-mfkh0cn5y9zief') ON CONFLICT DO NOTHING;
INSERT INTO inventory (inventory_id, product_id, store_id, stock) VALUES (70702, 70545, 7357, 93) ON CONFLICT DO NOTHING;
INSERT INTO products (product_id, name, description, price, image_url) VALUES (70546, '(Bán sỉ) Cơm cháy chà bông Cố Đô (Thùng 08 gói 180g) món ăn đặc sản Ninh Bình - Vườn Đặc Sản', 'Đặc sản vùng miền chất lượng', 328000, 'https://down-vn.img.susercontent.com/file/vn-11134207-7ras8-m1a4jeivy7vc93') ON CONFLICT DO NOTHING;
INSERT INTO inventory (inventory_id, product_id, store_id, stock) VALUES (70703, 70546, 7143, 22) ON CONFLICT DO NOTHING;
INSERT INTO products (product_id, name, description, price, image_url) VALUES (70526, 'Mực Rim Sate Nguyên Con Đặc Sản Bình Định - Lon 290gr', 'Đặc sản vùng miền chất lượng', 213400, 'https://down-vn.img.susercontent.com/file/sg-11134201-22110-yxds0ubzkejv9d') ON CONFLICT DO NOTHING;
INSERT INTO inventory (inventory_id, product_id, store_id, stock) VALUES (70704, 70526, 7284, 21) ON CONFLICT DO NOTHING;
INSERT INTO products (product_id, name, description, price, image_url) VALUES (70547, 'Kiwi khô đặc sản Quý Châu Qiankang90g Snack kiwi khô đóng gói trong các gói nhỏ riêng lẻ.', 'Đặc sản vùng miền chất lượng', 134002, 'https://down-vn.img.susercontent.com/file/vn-11134201-81ztc-mnwosvim6lfp41') ON CONFLICT DO NOTHING;
INSERT INTO inventory (inventory_id, product_id, store_id, stock) VALUES (70705, 70547, 7130, 21) ON CONFLICT DO NOTHING;
INSERT INTO products (product_id, name, description, price, image_url) VALUES (70430, 'Đồ ăn vặt ngon giá rẻ Đệ Nhất Khô 22 món đặc sản Phan Thiết', 'Đặc sản vùng miền chất lượng', 75000, 'https://down-vn.img.susercontent.com/file/sg-11134201-23010-b2say3olxgmvd8') ON CONFLICT DO NOTHING;
INSERT INTO inventory (inventory_id, product_id, store_id, stock) VALUES (70706, 70430, 7136, 129) ON CONFLICT DO NOTHING;
INSERT INTO products (product_id, name, description, price, image_url) VALUES (70548, 'Đặc Sản Đa Lạt KẸO ME CAY 200g', 'Đặc sản vùng miền chất lượng', 21100, 'https://down-vn.img.susercontent.com/file/b1e0d359004e6160f0ff86bd99d2493a') ON CONFLICT DO NOTHING;
INSERT INTO inventory (inventory_id, product_id, store_id, stock) VALUES (70707, 70548, 7358, 123) ON CONFLICT DO NOTHING;
INSERT INTO products (product_id, name, description, price, image_url) VALUES (70515, 'Hồng Treo Gió Đặc Sản Đà Lạt - Túi 500gram', 'Đặc sản vùng miền chất lượng', 284000, 'https://down-vn.img.susercontent.com/file/vn-11134207-7ras8-m2xgt018xvcg67') ON CONFLICT DO NOTHING;
INSERT INTO inventory (inventory_id, product_id, store_id, stock) VALUES (70708, 70515, 7024, 124) ON CONFLICT DO NOTHING;
INSERT INTO products (product_id, name, description, price, image_url) VALUES (70549, '200g - 500g Xí Muội Đào Hồng Chua Ngọt Đặc Sản Đà Lạt', 'Đặc sản vùng miền chất lượng', 28000, 'https://down-vn.img.susercontent.com/file/vn-11134207-81ztc-mlklog3gtkaw21') ON CONFLICT DO NOTHING;
INSERT INTO inventory (inventory_id, product_id, store_id, stock) VALUES (70709, 70549, 7298, 179) ON CONFLICT DO NOTHING;
INSERT INTO products (product_id, name, description, price, image_url) VALUES (70550, 'Snack Tôm Hanami 110g', 'Đặc sản vùng miền chất lượng', 75000, 'https://down-vn.img.susercontent.com/file/d39e6e56af5ff7b1cac0d15d3d24698b') ON CONFLICT DO NOTHING;
INSERT INTO inventory (inventory_id, product_id, store_id, stock) VALUES (70710, 70550, 7359, 168) ON CONFLICT DO NOTHING;
INSERT INTO products (product_id, name, description, price, image_url) VALUES (70551, '[ Date mới ] Snack Tôm Thái Lon 110gr', 'Đặc sản vùng miền chất lượng', 75000, 'https://down-vn.img.susercontent.com/file/6ce482d1a591d53df20637e1d53e25df') ON CONFLICT DO NOTHING;
INSERT INTO inventory (inventory_id, product_id, store_id, stock) VALUES (70711, 70551, 7360, 172) ON CONFLICT DO NOTHING;
INSERT INTO products (product_id, name, description, price, image_url) VALUES (70552, 'Kẹo dồi lạc truyền thống 200g Hoa Lư Vàng đặc sản Ninh Bình đồ ăn vặt tuổi thơ giòn tan ít ngọt - Hoa Lư Food', 'Đặc sản vùng miền chất lượng', 62000, 'https://down-vn.img.susercontent.com/file/vn-11134207-820l4-mhfs7udkzrwr4f') ON CONFLICT DO NOTHING;
INSERT INTO inventory (inventory_id, product_id, store_id, stock) VALUES (70712, 70552, 7361, 47) ON CONFLICT DO NOTHING;
INSERT INTO products (product_id, name, description, price, image_url) VALUES (70553, 'Kẹo dừa Hồng Loan đặc sản Bến Tre 300g hộp giấy', 'Đặc sản vùng miền chất lượng', 35000, 'https://down-vn.img.susercontent.com/file/vn-11134207-820l4-mfbb3jrxi9zg22') ON CONFLICT DO NOTHING;
INSERT INTO inventory (inventory_id, product_id, store_id, stock) VALUES (70713, 70553, 7362, 144) ON CONFLICT DO NOTHING;
INSERT INTO products (product_id, name, description, price, image_url) VALUES (70554, 'Bánh Phồng chay (Vị khoai môn)500G Đặc Sản Năm Căn _ Cà Mau', 'Đặc sản vùng miền chất lượng', 75000, 'https://down-vn.img.susercontent.com/file/vn-11134207-820l4-mefcd7gvlv5y79') ON CONFLICT DO NOTHING;
INSERT INTO inventory (inventory_id, product_id, store_id, stock) VALUES (70714, 70554, 7363, 59) ON CONFLICT DO NOTHING;
INSERT INTO products (product_id, name, description, price, image_url) VALUES (70555, 'MÍT SẤY DẺO thương hiệu AN LỢI, túi 50G, đặc sản Việt Nam, ăn vặt ngon', 'Đặc sản vùng miền chất lượng', 17500, 'https://down-vn.img.susercontent.com/file/vn-11134207-7ra0g-m7da22q7lk9kc4') ON CONFLICT DO NOTHING;
INSERT INTO inventory (inventory_id, product_id, store_id, stock) VALUES (70715, 70555, 7364, 147) ON CONFLICT DO NOTHING;
INSERT INTO products (product_id, name, description, price, image_url) VALUES (70556, 'CÁ BÒ SỢI ĐẶC SẢN ĐÀ NẴNG RIM MÈ ĂN LIỀN 500GR', 'Đặc sản vùng miền chất lượng', 122111, 'https://down-vn.img.susercontent.com/file/675e99798b64da85a8e407c43b84eedd') ON CONFLICT DO NOTHING;
INSERT INTO inventory (inventory_id, product_id, store_id, stock) VALUES (70716, 70556, 7365, 102) ON CONFLICT DO NOTHING;
INSERT INTO products (product_id, name, description, price, image_url) VALUES (70557, 'Bánh Phồng chay (Vị mè đen) Đặc Sản Năm Căn _ Cà Mau', 'Đặc sản vùng miền chất lượng', 75000, 'https://down-vn.img.susercontent.com/file/vn-11134201-23020-frs91s40k2nv4b') ON CONFLICT DO NOTHING;
INSERT INTO inventory (inventory_id, product_id, store_id, stock) VALUES (70717, 70557, 7363, 148) ON CONFLICT DO NOTHING;
INSERT INTO products (product_id, name, description, price, image_url) VALUES (70558, 'Kẹo dừa lá dứa Bến Tre - Đặc sản Đà Nẵng Ngon', 'Đặc sản vùng miền chất lượng', 37000, 'https://down-vn.img.susercontent.com/file/vn-11134207-820l4-mgbozbhaaex42b') ON CONFLICT DO NOTHING;
INSERT INTO inventory (inventory_id, product_id, store_id, stock) VALUES (70718, 70558, 7064, 136) ON CONFLICT DO NOTHING;
INSERT INTO products (product_id, name, description, price, image_url) VALUES (70559, 'Khô cá lóc An Giang (4 nắng), thương hiệu đặc sản Dakydo, ăn là ghiền!', 'Đặc sản vùng miền chất lượng', 185000, 'https://down-vn.img.susercontent.com/file/sg-11134201-22100-3wvk17w4q8iv5c') ON CONFLICT DO NOTHING;
INSERT INTO inventory (inventory_id, product_id, store_id, stock) VALUES (70719, 70559, 7317, 114) ON CONFLICT DO NOTHING;
INSERT INTO products (product_id, name, description, price, image_url) VALUES (70560, 'Bánh Dừa Nướng Đặc Sản Quãng Nam  ', 'Đặc sản vùng miền chất lượng', 37260, 'https://down-vn.img.susercontent.com/file/vn-11134201-820l4-mfj9l5urin0v2a') ON CONFLICT DO NOTHING;
INSERT INTO inventory (inventory_id, product_id, store_id, stock) VALUES (70720, 70560, 7366, 96) ON CONFLICT DO NOTHING;
INSERT INTO products (product_id, name, description, price, image_url) VALUES (70561, 'Kẹo mềm sữa Biscafun bịch 65gr (Đặc sản Quảng Ngãi)', 'Đặc sản vùng miền chất lượng', 15000, 'https://down-vn.img.susercontent.com/file/vn-11134207-7ras8-m33fk50tzr4pb5') ON CONFLICT DO NOTHING;
INSERT INTO inventory (inventory_id, product_id, store_id, stock) VALUES (70721, 70561, 7367, 91) ON CONFLICT DO NOTHING;
INSERT INTO products (product_id, name, description, price, image_url) VALUES (70562, 'Bánh Dừa nướng đặc sản Quảng Nam túi 180g', 'Đặc sản vùng miền chất lượng', 35000, 'https://down-vn.img.susercontent.com/file/vn-11134207-7r98o-lniadz6c4gvu30') ON CONFLICT DO NOTHING;
INSERT INTO inventory (inventory_id, product_id, store_id, stock) VALUES (70722, 70562, 7368, 134) ON CONFLICT DO NOTHING;
INSERT INTO products (product_id, name, description, price, image_url) VALUES (70563, 'Tôm Sấy Muối Ớt Ăn Liền 20g ( MUA 2 TẶNG 1)', 'Đặc sản vùng miền chất lượng', 189000, 'https://down-vn.img.susercontent.com/file/vn-11134207-820l4-mfjfkb5kvnd562') ON CONFLICT DO NOTHING;
INSERT INTO inventory (inventory_id, product_id, store_id, stock) VALUES (70723, 70563, 7369, 59) ON CONFLICT DO NOTHING;
INSERT INTO products (product_id, name, description, price, image_url) VALUES (70564, 'Kẹo lạc SÌU Châu Vân Giang đặc sản Hải Dương.', 'Đặc sản vùng miền chất lượng', 51900, 'https://down-vn.img.susercontent.com/file/vn-11134207-7ra0g-mab42utgqoozb5') ON CONFLICT DO NOTHING;
INSERT INTO inventory (inventory_id, product_id, store_id, stock) VALUES (70724, 70564, 7370, 95) ON CONFLICT DO NOTHING;
INSERT INTO products (product_id, name, description, price, image_url) VALUES (70565, 'Bánh Dừa Nướng Mỹ Phương _ Đặc Sản Đà Nẵng gói 150gr mẫu mã mới ( bán chạy nhất )', 'Đặc sản vùng miền chất lượng', 30000, 'https://down-vn.img.susercontent.com/file/sg-11134201-81zvn-min3zuqbw2kke9') ON CONFLICT DO NOTHING;
INSERT INTO inventory (inventory_id, product_id, store_id, stock) VALUES (70725, 70565, 7371, 142) ON CONFLICT DO NOTHING;
INSERT INTO products (product_id, name, description, price, image_url) VALUES (70566, 'Snack Nấm bào ngư vị PHÔ MAI WASABI (MÙ TẠT) – Béo ngậy cay nồng, đậm vị tự nhiên, ăn vặt LÀNH MẠNH - Túi 20g', 'Đặc sản vùng miền chất lượng', 22000, 'https://down-vn.img.susercontent.com/file/vn-11134207-81ztc-mmlelkmst98je1') ON CONFLICT DO NOTHING;
INSERT INTO inventory (inventory_id, product_id, store_id, stock) VALUES (70726, 70566, 7372, 146) ON CONFLICT DO NOTHING;
INSERT INTO products (product_id, name, description, price, image_url) VALUES (70421, 'Combo 4 Đặc sản Antesco (Mắm, Mía, Mè, Cà)', 'Đặc sản vùng miền chất lượng', 190000, 'https://down-vn.img.susercontent.com/file/vn-11134207-7qukw-lj6phcbk3cb0ad') ON CONFLICT DO NOTHING;
INSERT INTO inventory (inventory_id, product_id, store_id, stock) VALUES (70727, 70421, 7216, 102) ON CONFLICT DO NOTHING;
INSERT INTO products (product_id, name, description, price, image_url) VALUES (70567, 'Bánh phồng nếp đặc biệt 20 cái đặc sản Bến Tre', 'Đặc sản vùng miền chất lượng', 80000, 'https://down-vn.img.susercontent.com/file/0f0e3e189fcefdca529804e61c2f50db') ON CONFLICT DO NOTHING;
INSERT INTO inventory (inventory_id, product_id, store_id, stock) VALUES (70728, 70567, 7373, 56) ON CONFLICT DO NOTHING;
INSERT INTO products (product_id, name, description, price, image_url) VALUES (70568, 'kẹo lạc Vân Giang Đặc sản cổ truyền ( túi 10 chiếc 220 gam)', 'Đặc sản vùng miền chất lượng', 23000, 'https://down-vn.img.susercontent.com/file/vn-11134207-7r98o-lu4ygi719i4x4c') ON CONFLICT DO NOTHING;
INSERT INTO inventory (inventory_id, product_id, store_id, stock) VALUES (70729, 70568, 7374, 148) ON CONFLICT DO NOTHING;
INSERT INTO products (product_id, name, description, price, image_url) VALUES (70569, 'Mực Cán Tẩm Gia Vị Cay Đặc Sản Phan Rang Hàng loại 1 Nguyên Con Đậm Đà Hương Vị', 'Đặc sản vùng miền chất lượng', 165000, 'https://down-vn.img.susercontent.com/file/vn-11134207-7ras8-m44dmzswh9lb57') ON CONFLICT DO NOTHING;
INSERT INTO inventory (inventory_id, product_id, store_id, stock) VALUES (70730, 70569, 7181, 100) ON CONFLICT DO NOTHING;
INSERT INTO products (product_id, name, description, price, image_url) VALUES (70570, 'Khoai lang mật sấy dẻo Đà Lạt (hàng hút chân không từng củ)', 'Đặc sản vùng miền chất lượng', 45000, 'https://down-vn.img.susercontent.com/file/vn-11134207-81ztc-mljerjb9slc5b2') ON CONFLICT DO NOTHING;
INSERT INTO inventory (inventory_id, product_id, store_id, stock) VALUES (70731, 70570, 7298, 25) ON CONFLICT DO NOTHING;
INSERT INTO products (product_id, name, description, price, image_url) VALUES (70529, '1KG_Khô cá thiều que tẩm gia vị đặc sản Đà Nẵng,ăn vặt Sương Sương', 'Đặc sản vùng miền chất lượng', 98010, 'https://down-vn.img.susercontent.com/file/sg-11134201-7rd5k-lwdz9n8w743n01') ON CONFLICT DO NOTHING;
INSERT INTO inventory (inventory_id, product_id, store_id, stock) VALUES (70732, 70529, 7347, 199) ON CONFLICT DO NOTHING;
INSERT INTO products (product_id, name, description, price, image_url) VALUES (70571, 'Khoai Lang Sấy Dẻo Không Đường Hút Chân Không Túi 500g/1kg', 'Đặc sản vùng miền chất lượng', 49000, 'https://down-vn.img.susercontent.com/file/vn-11134207-820l4-mikg8anar6kga2') ON CONFLICT DO NOTHING;
INSERT INTO inventory (inventory_id, product_id, store_id, stock) VALUES (70733, 70571, 7375, 144) ON CONFLICT DO NOTHING;
INSERT INTO products (product_id, name, description, price, image_url) VALUES (70572, 'combo 10 gói bánh DỪA NƯỚNG đặc sản QUẢNG NAM', 'Đặc sản vùng miền chất lượng', 200000, 'https://down-vn.img.susercontent.com/file/vn-11134207-820l4-mil5z0wpgxs6e1') ON CONFLICT DO NOTHING;
INSERT INTO inventory (inventory_id, product_id, store_id, stock) VALUES (70734, 70572, 7179, 149) ON CONFLICT DO NOTHING;
INSERT INTO products (product_id, name, description, price, image_url) VALUES (70573, 'Mực Cán tẩm vị Shumafood combo 2 hũ ( mỗi hũ 200g) đặc sản Nha Trang snack ăn vặt dai ngon', 'Đặc sản vùng miền chất lượng', 206740, 'https://down-vn.img.susercontent.com/file/vn-11134207-820l4-mf4wm94zek2461') ON CONFLICT DO NOTHING;
INSERT INTO inventory (inventory_id, product_id, store_id, stock) VALUES (70735, 70573, 7376, 26) ON CONFLICT DO NOTHING;
INSERT INTO products (product_id, name, description, price, image_url) VALUES (70122, '[Hũ 400gr] Mắm Ruốc Ăn Liền Đặc Sản Mắm Huế Nguyên Chất Loại 1 Mắm Huế O Dung Chuẩn Vị Huế', 'Đặc sản vùng miền chất lượng', 69500, 'https://down-vn.img.susercontent.com/file/vn-11134207-81ztc-mnwe779vg83m13') ON CONFLICT DO NOTHING;
INSERT INTO inventory (inventory_id, product_id, store_id, stock) VALUES (70736, 70122, 7000, 95) ON CONFLICT DO NOTHING;
INSERT INTO products (product_id, name, description, price, image_url) VALUES (70001, '[Hũ 1Kg] Mắm Cá Cơm O Dung Mắm Ngon Hương Vị  Đậm Đà Thơm Ngon Đặc Sản Đà Nẵng', 'Đặc sản vùng miền chất lượng', 89999, 'https://down-vn.img.susercontent.com/file/vn-11134207-81ztc-mnxocwx5f1tw02') ON CONFLICT DO NOTHING;
INSERT INTO inventory (inventory_id, product_id, store_id, stock) VALUES (70737, 70001, 7000, 62) ON CONFLICT DO NOTHING;
INSERT INTO products (product_id, name, description, price, image_url) VALUES (70002, '[Combo 2 chai] Mắm Nêm Huế Loại Ngon Pha Sẵn Chuẩn Vị Đặc Sản Huế  Mắm Huế O Dung', 'Đặc sản vùng miền chất lượng', 115000, 'https://down-vn.img.susercontent.com/file/vn-11134207-81ztc-mnwche6m1q0wf0') ON CONFLICT DO NOTHING;
INSERT INTO inventory (inventory_id, product_id, store_id, stock) VALUES (70738, 70002, 7000, 173) ON CONFLICT DO NOTHING;
INSERT INTO products (product_id, name, description, price, image_url) VALUES (70574, '[Ăn là Ghiền]Bánh phồng mì sữa nướng béo thơm - Thương hiệu DƯ XUÂN - Đặc sản Sơn Đốc Bến Tre - Hộp giấy 300g -Kingsmart', 'Đặc sản vùng miền chất lượng', 67000, 'https://down-vn.img.susercontent.com/file/vn-11134207-81ztc-mlxe2e39026gfe') ON CONFLICT DO NOTHING;
INSERT INTO inventory (inventory_id, product_id, store_id, stock) VALUES (70739, 70574, 7065, 79) ON CONFLICT DO NOTHING;
INSERT INTO products (product_id, name, description, price, image_url) VALUES (70564, 'Kẹo lạc SÌU Châu Vân Giang đặc sản Hải Dương.', 'Đặc sản vùng miền chất lượng', 51900, 'https://down-vn.img.susercontent.com/file/vn-11134207-7ra0g-mab42utgqoozb5') ON CONFLICT DO NOTHING;
INSERT INTO inventory (inventory_id, product_id, store_id, stock) VALUES (70740, 70564, 7370, 44) ON CONFLICT DO NOTHING;
INSERT INTO products (product_id, name, description, price, image_url) VALUES (70562, 'Bánh Dừa nướng đặc sản Quảng Nam túi 180g', 'Đặc sản vùng miền chất lượng', 35000, 'https://down-vn.img.susercontent.com/file/vn-11134207-7r98o-lniadz6c4gvu30') ON CONFLICT DO NOTHING;
INSERT INTO inventory (inventory_id, product_id, store_id, stock) VALUES (70741, 70562, 7368, 133) ON CONFLICT DO NOTHING;
INSERT INTO products (product_id, name, description, price, image_url) VALUES (70575, 'Bánh Phồng Hàu BAVABI đặc sản Quảng Ninh, được làm từ hàu sữa tươi, món ăn vặt ngon, giàu dinh dưỡng', 'Đặc sản vùng miền chất lượng', 120000, 'https://down-vn.img.susercontent.com/file/vn-11134207-7r98o-lv6cwv9pnau22c') ON CONFLICT DO NOTHING;
INSERT INTO inventory (inventory_id, product_id, store_id, stock) VALUES (70742, 70575, 7377, 142) ON CONFLICT DO NOTHING;
INSERT INTO products (product_id, name, description, price, image_url) VALUES (70421, 'Combo 4 Đặc sản Antesco (Mắm, Mía, Mè, Cà)', 'Đặc sản vùng miền chất lượng', 190000, 'https://down-vn.img.susercontent.com/file/vn-11134207-7qukw-lj6phcbk3cb0ad') ON CONFLICT DO NOTHING;
INSERT INTO inventory (inventory_id, product_id, store_id, stock) VALUES (70743, 70421, 7216, 130) ON CONFLICT DO NOTHING;
INSERT INTO products (product_id, name, description, price, image_url) VALUES (70576, '500G Khoai sấy dẻo không đường, khoai lang sấy dẻo Đà Lạt ăn kiêng giảm cân, khoai lang mật sấy dẻo mật ong', 'Đặc sản vùng miền chất lượng', 72000, 'https://down-vn.img.susercontent.com/file/vn-11134207-7r98o-lvipc6opommlfc') ON CONFLICT DO NOTHING;
INSERT INTO inventory (inventory_id, product_id, store_id, stock) VALUES (70744, 70576, 7378, 78) ON CONFLICT DO NOTHING;
INSERT INTO products (product_id, name, description, price, image_url) VALUES (70577, 'Bánh chè lam lá nếp đặc biệt 🌾FREESHIP🌾 đặc sản Thạch Thất - Loại hộp siêu ngon', 'Đặc sản vùng miền chất lượng', 63000, 'https://down-vn.img.susercontent.com/file/90513ce938212a8bd5c69f4f25975e0e') ON CONFLICT DO NOTHING;
INSERT INTO inventory (inventory_id, product_id, store_id, stock) VALUES (70745, 70577, 7149, 43) ON CONFLICT DO NOTHING;
INSERT INTO products (product_id, name, description, price, image_url) VALUES (70539, 'Bánh dừa nướng đặc sản Quảng Nam 200g loại đặc biệt ngon', 'Đặc sản vùng miền chất lượng', 24900, 'https://down-vn.img.susercontent.com/file/vn-11134207-23010-1p8880xns7lv66') ON CONFLICT DO NOTHING;
INSERT INTO inventory (inventory_id, product_id, store_id, stock) VALUES (70746, 70539, 7353, 174) ON CONFLICT DO NOTHING;
INSERT INTO products (product_id, name, description, price, image_url) VALUES (70570, 'Khoai lang mật sấy dẻo Đà Lạt (hàng hút chân không từng củ)', 'Đặc sản vùng miền chất lượng', 45000, 'https://down-vn.img.susercontent.com/file/vn-11134207-81ztc-mljerjb9slc5b2') ON CONFLICT DO NOTHING;
INSERT INTO inventory (inventory_id, product_id, store_id, stock) VALUES (70747, 70570, 7298, 46) ON CONFLICT DO NOTHING;
INSERT INTO products (product_id, name, description, price, image_url) VALUES (70563, 'Tôm Sấy Muối Ớt Ăn Liền 20g ( MUA 2 TẶNG 1)', 'Đặc sản vùng miền chất lượng', 189000, 'https://down-vn.img.susercontent.com/file/vn-11134207-820l4-mfjfkb5kvnd562') ON CONFLICT DO NOTHING;
INSERT INTO inventory (inventory_id, product_id, store_id, stock) VALUES (70748, 70563, 7369, 55) ON CONFLICT DO NOTHING;
INSERT INTO products (product_id, name, description, price, image_url) VALUES (70578, 'Kẹo Dừa Sọc Dứa Huỳnh Phát Gói Lớn 220 Gram - Đặc Sản Bến Tre [TD FOOD]', 'Đặc sản vùng miền chất lượng', 34000, 'https://down-vn.img.susercontent.com/file/vn-11134207-820l4-mfjtu2rz1hxm6d') ON CONFLICT DO NOTHING;
INSERT INTO inventory (inventory_id, product_id, store_id, stock) VALUES (70749, 70578, 7291, 106) ON CONFLICT DO NOTHING;
INSERT INTO products (product_id, name, description, price, image_url) VALUES (70579, 'Chè Lam mix vị mềm dẻo - Hộp 350g 🌾FREESHIP🌾 Đặc sản Thạch xá- Thạch Thất Hà Nội', 'Đặc sản vùng miền chất lượng', 48000, 'https://down-vn.img.susercontent.com/file/vn-11134207-7ra0g-m6qone7r9rq945') ON CONFLICT DO NOTHING;
INSERT INTO inventory (inventory_id, product_id, store_id, stock) VALUES (70750, 70579, 7117, 112) ON CONFLICT DO NOTHING;
INSERT INTO products (product_id, name, description, price, image_url) VALUES (70537, 'Khô cá lóc 3 nắng, thương hiệu đặc sản Dakydo, ăn là ghiền!', 'Đặc sản vùng miền chất lượng', 155000, 'https://down-vn.img.susercontent.com/file/ab4372fa915bc5f1e8c3198581e9bae5') ON CONFLICT DO NOTHING;
INSERT INTO inventory (inventory_id, product_id, store_id, stock) VALUES (70751, 70537, 7317, 101) ON CONFLICT DO NOTHING;
INSERT INTO products (product_id, name, description, price, image_url) VALUES (70553, 'Kẹo dừa Hồng Loan đặc sản Bến Tre 300g hộp giấy', 'Đặc sản vùng miền chất lượng', 35000, 'https://down-vn.img.susercontent.com/file/vn-11134207-820l4-mfbb3jrxi9zg22') ON CONFLICT DO NOTHING;
INSERT INTO inventory (inventory_id, product_id, store_id, stock) VALUES (70752, 70553, 7362, 27) ON CONFLICT DO NOTHING;
INSERT INTO products (product_id, name, description, price, image_url) VALUES (70565, 'Bánh Dừa Nướng Mỹ Phương _ Đặc Sản Đà Nẵng gói 150gr mẫu mã mới ( bán chạy nhất )', 'Đặc sản vùng miền chất lượng', 30000, 'https://down-vn.img.susercontent.com/file/sg-11134201-81zvn-min3zuqbw2kke9') ON CONFLICT DO NOTHING;
INSERT INTO inventory (inventory_id, product_id, store_id, stock) VALUES (70753, 70565, 7371, 38) ON CONFLICT DO NOTHING;
INSERT INTO products (product_id, name, description, price, image_url) VALUES (70550, 'Snack Tôm Hanami 110g', 'Đặc sản vùng miền chất lượng', 75000, 'https://down-vn.img.susercontent.com/file/d39e6e56af5ff7b1cac0d15d3d24698b') ON CONFLICT DO NOTHING;
INSERT INTO inventory (inventory_id, product_id, store_id, stock) VALUES (70754, 70550, 7359, 55) ON CONFLICT DO NOTHING;
INSERT INTO products (product_id, name, description, price, image_url) VALUES (70549, '200g - 500g Xí Muội Đào Hồng Chua Ngọt Đặc Sản Đà Lạt', 'Đặc sản vùng miền chất lượng', 28000, 'https://down-vn.img.susercontent.com/file/vn-11134207-81ztc-mlklog3gtkaw21') ON CONFLICT DO NOTHING;
INSERT INTO inventory (inventory_id, product_id, store_id, stock) VALUES (70755, 70549, 7298, 59) ON CONFLICT DO NOTHING;
INSERT INTO products (product_id, name, description, price, image_url) VALUES (70559, 'Khô cá lóc An Giang (4 nắng), thương hiệu đặc sản Dakydo, ăn là ghiền!', 'Đặc sản vùng miền chất lượng', 185000, 'https://down-vn.img.susercontent.com/file/sg-11134201-22100-3wvk17w4q8iv5c') ON CONFLICT DO NOTHING;
INSERT INTO inventory (inventory_id, product_id, store_id, stock) VALUES (70756, 70559, 7317, 181) ON CONFLICT DO NOTHING;
INSERT INTO products (product_id, name, description, price, image_url) VALUES (70580, 'Cá cơm chiên tỏi ớt - Chín Tuy - Đặc sản Nha Trang', 'Đặc sản vùng miền chất lượng', 80000, 'https://down-vn.img.susercontent.com/file/ad68f7c9283b7cac06c2fa9e8a970cab') ON CONFLICT DO NOTHING;
INSERT INTO inventory (inventory_id, product_id, store_id, stock) VALUES (70757, 70580, 7273, 131) ON CONFLICT DO NOTHING;
INSERT INTO products (product_id, name, description, price, image_url) VALUES (70571, 'Khoai Lang Sấy Dẻo Không Đường Hút Chân Không Túi 500g/1kg', 'Đặc sản vùng miền chất lượng', 49000, 'https://down-vn.img.susercontent.com/file/vn-11134207-820l4-mikg8anar6kga2') ON CONFLICT DO NOTHING;
INSERT INTO inventory (inventory_id, product_id, store_id, stock) VALUES (70758, 70571, 7375, 83) ON CONFLICT DO NOTHING;
INSERT INTO products (product_id, name, description, price, image_url) VALUES (70581, 'Me Xào Ớt Đặc Sản Toàn Thịnh - Vị Chua, Cay, Ngọt Siêu Ngon', 'Đặc sản vùng miền chất lượng', 75000, 'https://down-vn.img.susercontent.com/file/vn-11134207-820l4-mgde1tgl7qq121') ON CONFLICT DO NOTHING;
INSERT INTO inventory (inventory_id, product_id, store_id, stock) VALUES (70759, 70581, 7379, 75) ON CONFLICT DO NOTHING;
INSERT INTO products (product_id, name, description, price, image_url) VALUES (70582, 'Mắm Cá Chốt Hủ 500gr Loại Con Nhỏ Mềm Xương Thơm Ngon Đặc Sản Châu Đốc.', 'Đặc sản vùng miền chất lượng', 79000, 'https://down-vn.img.susercontent.com/file/d9d95e0dae79d76191b6a327326e47aa') ON CONFLICT DO NOTHING;
INSERT INTO inventory (inventory_id, product_id, store_id, stock) VALUES (70760, 70582, 7380, 32) ON CONFLICT DO NOTHING;
INSERT INTO products (product_id, name, description, price, image_url) VALUES (70583, '[Thuần chay] - Bánh Chuối Xiêm Ép Dẻo - Thương hiệu BẢY HOÀNG - Đặc Sản Cà Mau - Túi 500gr - Kingsmart thuần chay', 'Đặc sản vùng miền chất lượng', 47000, 'https://down-vn.img.susercontent.com/file/vn-11134207-820l4-mgoun2xg1c7f2a') ON CONFLICT DO NOTHING;
INSERT INTO inventory (inventory_id, product_id, store_id, stock) VALUES (70761, 70583, 7381, 166) ON CONFLICT DO NOTHING;
INSERT INTO products (product_id, name, description, price, image_url) VALUES (70544, 'Kẹo Dừa Ca Cao Hải Sơn - 350g - Đặc Sản Bến Tre', 'Đặc sản vùng miền chất lượng', 65000, 'https://down-vn.img.susercontent.com/file/vn-11134207-820l4-miwm05wpvk0233') ON CONFLICT DO NOTHING;
INSERT INTO inventory (inventory_id, product_id, store_id, stock) VALUES (70762, 70544, 7344, 44) ON CONFLICT DO NOTHING;
INSERT INTO products (product_id, name, description, price, image_url) VALUES (70584, 'bánh dày đặc sản cao nguyên đá 500g -1kg', 'Đặc sản vùng miền chất lượng', 80000, 'https://down-vn.img.susercontent.com/file/vn-11134207-81ztc-mnrb7r4mlcea05') ON CONFLICT DO NOTHING;
INSERT INTO inventory (inventory_id, product_id, store_id, stock) VALUES (70763, 70584, 7382, 29) ON CONFLICT DO NOTHING;
INSERT INTO products (product_id, name, description, price, image_url) VALUES (70585, 'NẮM CÁ CƠM GIA VỊ SẴN ĐẶC SẢN TAM QUAN- HOÀI NHƠN', 'Đặc sản vùng miền chất lượng', 30000, 'https://down-vn.img.susercontent.com/file/vn-11134207-7r98o-luezgvpj9zj3f8') ON CONFLICT DO NOTHING;
INSERT INTO inventory (inventory_id, product_id, store_id, stock) VALUES (70764, 70585, 7383, 49) ON CONFLICT DO NOTHING;
INSERT INTO products (product_id, name, description, price, image_url) VALUES (70586, 'Cá Mai Giòn Kim Chi ăn liền. Sản phẩm Công Ty Đầm Sen.', 'Đặc sản vùng miền chất lượng', 105000, 'https://down-vn.img.susercontent.com/file/vn-11134207-7ra0g-m74ybwh1njon66') ON CONFLICT DO NOTHING;
INSERT INTO inventory (inventory_id, product_id, store_id, stock) VALUES (70765, 70586, 7384, 157) ON CONFLICT DO NOTHING;
INSERT INTO products (product_id, name, description, price, image_url) VALUES (70587, 'bánh phồng cá linh 500gr đặc sản Việt Nam', 'Đặc sản vùng miền chất lượng', 180000, 'https://down-vn.img.susercontent.com/file/vn-11134207-7ras8-mcdmtbo4ii4l96') ON CONFLICT DO NOTHING;
INSERT INTO inventory (inventory_id, product_id, store_id, stock) VALUES (70766, 70587, 7385, 149) ON CONFLICT DO NOTHING;
INSERT INTO products (product_id, name, description, price, image_url) VALUES (70588, '(1 Kg - vị CAY nhẹ) Bánh Sâu Dâu - Đặc sản Xuân Bắc, Xuân Trường, Nam Định', 'Đặc sản vùng miền chất lượng', 83300, 'https://down-vn.img.susercontent.com/file/vn-11134207-7ra0g-m6zn2iriumjl80') ON CONFLICT DO NOTHING;
INSERT INTO inventory (inventory_id, product_id, store_id, stock) VALUES (70767, 70588, 7386, 140) ON CONFLICT DO NOTHING;
INSERT INTO products (product_id, name, description, price, image_url) VALUES (70589, 'Khô cá lóc 5 nắng, 500g, thương hiệu đặc sản Dakydo (An Giang) ăn là ghiền!', 'Đặc sản vùng miền chất lượng', 199000, 'https://down-vn.img.susercontent.com/file/sg-11134201-22100-nzxmd7o2q8iv9f') ON CONFLICT DO NOTHING;
INSERT INTO inventory (inventory_id, product_id, store_id, stock) VALUES (70768, 70589, 7317, 33) ON CONFLICT DO NOTHING;
INSERT INTO products (product_id, name, description, price, image_url) VALUES (70590, 'Combo 2 gói kẹo lạc - Kẹo lạc đặc sản cổ truyền (200g/gói) chính hãng siêu chất lượng', 'Đặc sản vùng miền chất lượng', 66900, 'https://down-vn.img.susercontent.com/file/vn-11134207-7ras8-m2uihymm0zk680') ON CONFLICT DO NOTHING;
INSERT INTO inventory (inventory_id, product_id, store_id, stock) VALUES (70769, 70590, 7149, 160) ON CONFLICT DO NOTHING;
INSERT INTO products (product_id, name, description, price, image_url) VALUES (70551, '[ Date mới ] Snack Tôm Thái Lon 110gr', 'Đặc sản vùng miền chất lượng', 75000, 'https://down-vn.img.susercontent.com/file/6ce482d1a591d53df20637e1d53e25df') ON CONFLICT DO NOTHING;
INSERT INTO inventory (inventory_id, product_id, store_id, stock) VALUES (70770, 70551, 7360, 81) ON CONFLICT DO NOTHING;
INSERT INTO products (product_id, name, description, price, image_url) VALUES (70591, '( Cay 2 hũ 1kg ) Mắm Chua Trộn Sẵn Gia Vị Đặc Sản Tây Ninh', 'Đặc sản vùng miền chất lượng', 119000, 'https://down-vn.img.susercontent.com/file/vn-11134207-81ztc-mm526uxbgagw84') ON CONFLICT DO NOTHING;
INSERT INTO inventory (inventory_id, product_id, store_id, stock) VALUES (70771, 70591, 7387, 182) ON CONFLICT DO NOTHING;
INSERT INTO products (product_id, name, description, price, image_url) VALUES (70592, 'Hộp 30 gói mực xiên nướng chay hộp đỏ vị cay siêu ngon hấp dẫn hàng chuẩn xịn mẫu mới bán lẻ 3k', 'Đặc sản vùng miền chất lượng', 60000, 'https://down-vn.img.susercontent.com/file/vn-11134207-81ztc-mm0natf9sq2qe0') ON CONFLICT DO NOTHING;
INSERT INTO inventory (inventory_id, product_id, store_id, stock) VALUES (70772, 70592, 7388, 74) ON CONFLICT DO NOTHING;
INSERT INTO products (product_id, name, description, price, image_url) VALUES (70593, '[Mềm ngon] 100g Kẹo dẻo Chanh leo - kẹo me Đặc sản Vân Nam/Bánh me, bánh chanh dây chua ngọt ăn hoài không ngán', 'Đặc sản vùng miền chất lượng', 55000, 'https://down-vn.img.susercontent.com/file/vn-11134207-7r98o-lwmm031wgxjvf6') ON CONFLICT DO NOTHING;
INSERT INTO inventory (inventory_id, product_id, store_id, stock) VALUES (70773, 70593, 7389, 160) ON CONFLICT DO NOTHING;
INSERT INTO products (product_id, name, description, price, image_url) VALUES (70567, 'Bánh phồng nếp đặc biệt 20 cái đặc sản Bến Tre', 'Đặc sản vùng miền chất lượng', 80000, 'https://down-vn.img.susercontent.com/file/0f0e3e189fcefdca529804e61c2f50db') ON CONFLICT DO NOTHING;
INSERT INTO inventory (inventory_id, product_id, store_id, stock) VALUES (70774, 70567, 7373, 86) ON CONFLICT DO NOTHING;
INSERT INTO products (product_id, name, description, price, image_url) VALUES (70594, 'Kẹo Chuối Túi 500gr Thơm Ngon Làm Quà Biếu Tặng Nhà Thúy Đặc Sản Đà Nẵng', 'Đặc sản vùng miền chất lượng', 150000, 'https://down-vn.img.susercontent.com/file/vn-11134207-7r98o-luhvkam5786d44') ON CONFLICT DO NOTHING;
INSERT INTO inventory (inventory_id, product_id, store_id, stock) VALUES (70775, 70594, 7080, 28) ON CONFLICT DO NOTHING;
INSERT INTO products (product_id, name, description, price, image_url) VALUES (70573, 'Mực Cán tẩm vị Shumafood combo 2 hũ ( mỗi hũ 200g) đặc sản Nha Trang snack ăn vặt dai ngon', 'Đặc sản vùng miền chất lượng', 206740, 'https://down-vn.img.susercontent.com/file/vn-11134207-820l4-mf4wm94zek2461') ON CONFLICT DO NOTHING;
INSERT INTO inventory (inventory_id, product_id, store_id, stock) VALUES (70776, 70573, 7376, 58) ON CONFLICT DO NOTHING;
INSERT INTO products (product_id, name, description, price, image_url) VALUES (70595, 'Ô mai Sấu xào gừng - Thịnh Quang Bánh Mứt - Đặc sản Hà Nội làm quà! - Hộp 250g/500G', 'Đặc sản vùng miền chất lượng', 75000, 'https://down-vn.img.susercontent.com/file/vn-11134207-7ra0g-m6gipxlmu2486c') ON CONFLICT DO NOTHING;
INSERT INTO inventory (inventory_id, product_id, store_id, stock) VALUES (70777, 70595, 7390, 160) ON CONFLICT DO NOTHING;
INSERT INTO products (product_id, name, description, price, image_url) VALUES (70596, 'Măng trúc cay muối tiêu đặc sản Tứ Xuyên gói 110g - Đồ ăn vặt Cô Nương Béo', 'Đặc sản vùng miền chất lượng', 25000, 'https://down-vn.img.susercontent.com/file/872cf634e4b8eb948646c8ab31ca09b2') ON CONFLICT DO NOTHING;
INSERT INTO inventory (inventory_id, product_id, store_id, stock) VALUES (70778, 70596, 7391, 191) ON CONFLICT DO NOTHING;
INSERT INTO products (product_id, name, description, price, image_url) VALUES (70597, 'Combo 10 Gói Măng Trúc Cay Yuyu Đặc Sản Tứ Xuyên 100g, 110g - Lotso Candy', 'Đặc sản vùng miền chất lượng', 116200, 'https://down-vn.img.susercontent.com/file/sg-11134201-7rdwa-m15xi1uikxniec') ON CONFLICT DO NOTHING;
INSERT INTO inventory (inventory_id, product_id, store_id, stock) VALUES (70779, 70597, 7188, 78) ON CONFLICT DO NOTHING;
INSERT INTO products (product_id, name, description, price, image_url) VALUES (70598, 'Kẹo dâu tằm Đà Lạt - đặc sản Đà Lạt', 'Đặc sản vùng miền chất lượng', 24000, 'https://down-vn.img.susercontent.com/file/vn-11134207-820l4-mjmsm30z632dfe') ON CONFLICT DO NOTHING;
INSERT INTO inventory (inventory_id, product_id, store_id, stock) VALUES (70780, 70598, 7151, 176) ON CONFLICT DO NOTHING;
INSERT INTO products (product_id, name, description, price, image_url) VALUES (70599, 'Thịt trâu gác bếp Hà Giang - Đặc sản Hà Giang', 'Đặc sản vùng miền chất lượng', 230000, 'https://down-vn.img.susercontent.com/file/vn-11134207-7r98o-lng0dp15k8sad1') ON CONFLICT DO NOTHING;
INSERT INTO inventory (inventory_id, product_id, store_id, stock) VALUES (70781, 70599, 7309, 184) ON CONFLICT DO NOTHING;
INSERT INTO products (product_id, name, description, price, image_url) VALUES (70600, '( ích cay 1 hũ 500g ) Mắm Chua Trộn Sẵn Gia Vị Đặc Sản Tây Ninh', 'Đặc sản vùng miền chất lượng', 69000, 'https://down-vn.img.susercontent.com/file/vn-11134207-81ztc-mm526uxhjf2nf2') ON CONFLICT DO NOTHING;
INSERT INTO inventory (inventory_id, product_id, store_id, stock) VALUES (70782, 70600, 7387, 20) ON CONFLICT DO NOTHING;
INSERT INTO products (product_id, name, description, price, image_url) VALUES (70601, '5 Gói Bánh Dừa Nướng Đặc Sản Quảng Nam Gói 200g', 'Đặc sản vùng miền chất lượng', 105000, 'https://down-vn.img.susercontent.com/file/vn-11134207-820l4-mesi0t0w740428') ON CONFLICT DO NOTHING;
INSERT INTO inventory (inventory_id, product_id, store_id, stock) VALUES (70783, 70601, 7392, 187) ON CONFLICT DO NOTHING;
INSERT INTO products (product_id, name, description, price, image_url) VALUES (70602, 'Khoai Lang Sấy Dẻo – Vị Lành -Dẻo mềm tự nhiên – Ngọt dịu – Dễ ăn', 'Đặc sản vùng miền chất lượng', 29500, 'https://down-vn.img.susercontent.com/file/vn-11134207-820l4-mirlnret7kea8d') ON CONFLICT DO NOTHING;
INSERT INTO inventory (inventory_id, product_id, store_id, stock) VALUES (70784, 70602, 7393, 24) ON CONFLICT DO NOTHING;
INSERT INTO products (product_id, name, description, price, image_url) VALUES (70603, 'Mắm nêm cá cơm (Đặc sản Nha Trang)', 'Đặc sản vùng miền chất lượng', 45000, 'https://down-vn.img.susercontent.com/file/vn-11134207-7ras8-m0pkvv80a3u56c') ON CONFLICT DO NOTHING;
INSERT INTO inventory (inventory_id, product_id, store_id, stock) VALUES (70785, 70603, 7367, 57) ON CONFLICT DO NOTHING;
INSERT INTO products (product_id, name, description, price, image_url) VALUES (70604, 'Ghẹ sữa chiên giòn Shumafood combo 2 hũ (mỗi hũ 160g) đặc sản Phan Thiết thơm ngon Snack ăn vặt', 'Đặc sản vùng miền chất lượng', 129000, 'https://down-vn.img.susercontent.com/file/vn-11134207-820l4-mf4y9b0swxzfef') ON CONFLICT DO NOTHING;
INSERT INTO inventory (inventory_id, product_id, store_id, stock) VALUES (70786, 70604, 7376, 55) ON CONFLICT DO NOTHING;
INSERT INTO products (product_id, name, description, price, image_url) VALUES (70605, 'Bánh Phồng Tôm Năm Căn ( Đặc Sản Cà Mau)', 'Đặc sản vùng miền chất lượng', 35000, 'https://down-vn.img.susercontent.com/file/sg-11134201-23030-135e9qt2ibov0a') ON CONFLICT DO NOTHING;
INSERT INTO inventory (inventory_id, product_id, store_id, stock) VALUES (70787, 70605, 7394, 152) ON CONFLICT DO NOTHING;
INSERT INTO products (product_id, name, description, price, image_url) VALUES (70606, 'Bánh dừa nướng đặc sản Quảng Nam', 'Đặc sản vùng miền chất lượng', 25000, 'https://down-vn.img.susercontent.com/file/vn-11134207-23010-5yy6w7gt36lvd5') ON CONFLICT DO NOTHING;
INSERT INTO inventory (inventory_id, product_id, store_id, stock) VALUES (70788, 70606, 7395, 57) ON CONFLICT DO NOTHING;
INSERT INTO products (product_id, name, description, price, image_url) VALUES (70607, 'Kẹo Gừng Phấn Gói 500g Kẹo Da Trâu Hương Vị Ngọt Ngào Ấm Nồng - Út Hà Đặc Sản', 'Đặc sản vùng miền chất lượng', 60000, 'https://down-vn.img.susercontent.com/file/vn-11134207-7ra0g-m7z3kp71d5s2d4') ON CONFLICT DO NOTHING;
INSERT INTO inventory (inventory_id, product_id, store_id, stock) VALUES (70789, 70607, 7075, 160) ON CONFLICT DO NOTHING;
INSERT INTO products (product_id, name, description, price, image_url) VALUES (70608, '( ƯU ĐÃI LỚN ) ( GIÁ SỈ )Kẹo Chuối Tươi Trường Thịnh 300G đậm vị chuối.kẹo chuối dẻo , kẹo chuối tươi đặc sản Bến Tre, .', 'Đặc sản vùng miền chất lượng', 62000, 'https://down-vn.img.susercontent.com/file/sg-11134201-81zvy-mmqzossug2rp6b') ON CONFLICT DO NOTHING;
INSERT INTO inventory (inventory_id, product_id, store_id, stock) VALUES (70790, 70608, 7396, 36) ON CONFLICT DO NOTHING;
INSERT INTO products (product_id, name, description, price, image_url) VALUES (70609, 'Kẹo hương dâu tằm đặc sản Đà Lạt 170g', 'Đặc sản vùng miền chất lượng', 25000, 'https://down-vn.img.susercontent.com/file/03e4bf8fe7e4706c95bdda367eb90930') ON CONFLICT DO NOTHING;
INSERT INTO inventory (inventory_id, product_id, store_id, stock) VALUES (70791, 70609, 7397, 167) ON CONFLICT DO NOTHING;
INSERT INTO products (product_id, name, description, price, image_url) VALUES (70610, 'Kẹo đậu phộng Lê Trang 250g vị gừng, ít ngọt (2 miếng) - kẹo lạc (đặc sản Tây Ninh)', 'Đặc sản vùng miền chất lượng', 40000, 'https://down-vn.img.susercontent.com/file/vn-11134207-7ra0g-ma77v6honqns8f') ON CONFLICT DO NOTHING;
INSERT INTO inventory (inventory_id, product_id, store_id, stock) VALUES (70792, 70610, 7398, 148) ON CONFLICT DO NOTHING;
INSERT INTO products (product_id, name, description, price, image_url) VALUES (70611, '[Combo 2 ] Mắm Nêm Cô Ri chai 500ml_Đặc sản Huế', 'Đặc sản vùng miền chất lượng', 79000, 'https://down-vn.img.susercontent.com/file/vn-11134207-81ztc-ml23y651zkle62') ON CONFLICT DO NOTHING;
INSERT INTO inventory (inventory_id, product_id, store_id, stock) VALUES (70793, 70611, 7330, 163) ON CONFLICT DO NOTHING;
INSERT INTO products (product_id, name, description, price, image_url) VALUES (70612, 'Cá lóc rim tỏi ớt chay TP 170g / hàng chế biến sẵn/TPC AN TUỆ', 'Đặc sản vùng miền chất lượng', 35000, 'https://down-vn.img.susercontent.com/file/vn-11134207-820l4-mife9czmyr6033') ON CONFLICT DO NOTHING;
INSERT INTO inventory (inventory_id, product_id, store_id, stock) VALUES (70794, 70612, 7399, 104) ON CONFLICT DO NOTHING;
INSERT INTO products (product_id, name, description, price, image_url) VALUES (70613, 'Kẹo hương dâu tây, đặc sản đà lạt 200g', 'Đặc sản vùng miền chất lượng', 25000, 'https://down-vn.img.susercontent.com/file/eac5db89d5381449fab0765470faa4bd') ON CONFLICT DO NOTHING;
INSERT INTO inventory (inventory_id, product_id, store_id, stock) VALUES (70795, 70613, 7397, 36) ON CONFLICT DO NOTHING;
INSERT INTO products (product_id, name, description, price, image_url) VALUES (70614, 'Bánh chè lam Gấc 🎁FREESHIP🎁 Chè lam đặc sản mới - Loại 500G siêu ngon', 'Đặc sản vùng miền chất lượng', 73000, 'https://down-vn.img.susercontent.com/file/vn-11134207-7r98o-m0021xs5ud2916') ON CONFLICT DO NOTHING;
INSERT INTO inventory (inventory_id, product_id, store_id, stock) VALUES (70796, 70614, 7149, 137) ON CONFLICT DO NOTHING;
INSERT INTO products (product_id, name, description, price, image_url) VALUES (70615, 'Cơm cháy CỐ ĐÔ siêu ruốc (Siêu Chà bông túi 250g) đặc sản Ninh Bình đặc biệt ngon sản phẩm CAO CẤP', 'Đặc sản vùng miền chất lượng', 45000, 'https://down-vn.img.susercontent.com/file/vn-11134207-7ras8-mchpf1o7hfot1b') ON CONFLICT DO NOTHING;
INSERT INTO inventory (inventory_id, product_id, store_id, stock) VALUES (70797, 70615, 7400, 88) ON CONFLICT DO NOTHING;
INSERT INTO products (product_id, name, description, price, image_url) VALUES (70616, 'KẸO GỪNG VÔI TRUYỀN THỐNG HUẾ GÓI 75G THƠM NGON CHUẨN VỊ, ĐẶC SẢN HUẾ', 'Đặc sản vùng miền chất lượng', 7500, 'https://down-vn.img.susercontent.com/file/vn-11134207-7ras8-md9zn6slrpv105') ON CONFLICT DO NOTHING;
INSERT INTO inventory (inventory_id, product_id, store_id, stock) VALUES (70798, 70616, 7126, 37) ON CONFLICT DO NOTHING;
INSERT INTO products (product_id, name, description, price, image_url) VALUES (70226, '500g Vải Thiều Sấy Lục Ngạn – Đặc Sản Bắc Giang, Trái Cây Sấy Dẻo Tự Nhiên, Ngon Bổ Dưỡng', 'Đặc sản vùng miền chất lượng', 63564, 'https://down-vn.img.susercontent.com/file/vn-11134207-820l4-mdzlzh0hdds3a1') ON CONFLICT DO NOTHING;
INSERT INTO inventory (inventory_id, product_id, store_id, stock) VALUES (70799, 70226, 7170, 122) ON CONFLICT DO NOTHING;
INSERT INTO products (product_id, name, description, price, image_url) VALUES (70227, '300G Vải Thiều Sấy Lục Ngạn giá tốt– Đặc Sản Bắc Giang, Trái Cây Sấy Dẻo Tự Nhiên, Ngon Bổ Dưỡng', 'Đặc sản vùng miền chất lượng', 53000, 'https://down-vn.img.susercontent.com/file/vn-11134207-820l4-mdzlzh0hdds3a1') ON CONFLICT DO NOTHING;
INSERT INTO inventory (inventory_id, product_id, store_id, stock) VALUES (70800, 70227, 7170, 21) ON CONFLICT DO NOTHING;
INSERT INTO products (product_id, name, description, price, image_url) VALUES (70228, 'Cà Phê Chồn | Rang Mộc Nguyên Chất, Hạt & Bột – Đặc Sản Cao Cấp Việt Nam', 'Đặc sản vùng miền chất lượng', 74000, 'https://down-vn.img.susercontent.com/file/vn-11134207-81ztc-mnf59ha9yl1ib2') ON CONFLICT DO NOTHING;
INSERT INTO inventory (inventory_id, product_id, store_id, stock) VALUES (70801, 70228, 7170, 105) ON CONFLICT DO NOTHING;
INSERT INTO products (product_id, name, description, price, image_url) VALUES (70059, '[COMBO 8 SẢN PHẨM] Bánh Ép Huế vị BBQ, Gà, Tép - Đặc sản Huế Chính Gốc, Thơm, Giòn Rụm, Hue One Food', 'Đặc sản vùng miền chất lượng', 131999, 'https://down-vn.img.susercontent.com/file/vn-11134207-820l4-mjjp6yhux69wa6') ON CONFLICT DO NOTHING;
INSERT INTO inventory (inventory_id, product_id, store_id, stock) VALUES (70802, 70059, 7054, 74) ON CONFLICT DO NOTHING;
INSERT INTO products (product_id, name, description, price, image_url) VALUES (70060, 'Bánh ép Hue One Food vị hải sản tôm thịt hộp nhỏ 40g thơm ngon giòn rụm', 'Đặc sản vùng miền chất lượng', 79350, 'https://down-vn.img.susercontent.com/file/vn-11134207-7ras8-m418zmb6cs0f44') ON CONFLICT DO NOTHING;
INSERT INTO inventory (inventory_id, product_id, store_id, stock) VALUES (70803, 70060, 7054, 115) ON CONFLICT DO NOTHING;
INSERT INTO products (product_id, name, description, price, image_url) VALUES (70061, 'Bánh ép Hue One Food Vị Hải Sản Tôm Thịt hộp lớn 65g thơm ngon giòn rụm Đặc Sản Cố Đô', 'Đặc sản vùng miền chất lượng', 120750, 'https://down-vn.img.susercontent.com/file/vn-11134207-7ra0g-maapfwrj1gmj72') ON CONFLICT DO NOTHING;
INSERT INTO inventory (inventory_id, product_id, store_id, stock) VALUES (70804, 70061, 7054, 105) ON CONFLICT DO NOTHING;
INSERT INTO products (product_id, name, description, price, image_url) VALUES (70617, 'SALE SALE [Freeship] Kẹo Doi  Vừng Thiên Đức  Đặc Sản Thái Bình _Hồng Nhung Food', 'Đặc sản vùng miền chất lượng', 25000, 'https://down-vn.img.susercontent.com/file/vn-11134207-7r98o-ly7fa66uwwip31') ON CONFLICT DO NOTHING;
INSERT INTO inventory (inventory_id, product_id, store_id, stock) VALUES (70805, 70617, 7401, 187) ON CONFLICT DO NOTHING;
INSERT INTO products (product_id, name, description, price, image_url) VALUES (70618, 'Lá Sách Sợi Chay Shirataki Konjac Đặc Sản Tứ Xuyên Nhúng Lẩu', 'Đặc sản vùng miền chất lượng', 75000, 'https://down-vn.img.susercontent.com/file/vn-11134207-7ras8-m4eqo2v6czk75c') ON CONFLICT DO NOTHING;
INSERT INTO inventory (inventory_id, product_id, store_id, stock) VALUES (70806, 70618, 7402, 149) ON CONFLICT DO NOTHING;
INSERT INTO products (product_id, name, description, price, image_url) VALUES (70619, 'Mắm Cá Rò (Hộp Nhỏ 200g) Đặc Sản Miền Trung', 'Đặc sản vùng miền chất lượng', 45000, 'https://down-vn.img.susercontent.com/file/vn-11134207-7ra0g-m8mbukaazwxz4b') ON CONFLICT DO NOTHING;
INSERT INTO inventory (inventory_id, product_id, store_id, stock) VALUES (70807, 70619, 7403, 160) ON CONFLICT DO NOTHING;
INSERT INTO products (product_id, name, description, price, image_url) VALUES (70620, 'CÁ BÒ DA KHÔ ĐẶC SẢN ĐÀ NẴNG ÉP MIẾNG TRÒN - LOẠI  CHƯA  NƯỚNG - LOẠI ĐẶC BIỆT HÚT CHÂN KHÔNG  GÓI 500g', 'Đặc sản vùng miền chất lượng', 195000, 'https://down-vn.img.susercontent.com/file/sg-11134201-7rdxe-lynsaqpkwpmf61') ON CONFLICT DO NOTHING;
INSERT INTO inventory (inventory_id, product_id, store_id, stock) VALUES (70808, 70620, 7246, 116) ON CONFLICT DO NOTHING;
INSERT INTO products (product_id, name, description, price, image_url) VALUES (70621, 'Muối tiêu ớt siêu cay đặc biệt  _(Chay mặn đều dùng được ) Đặc sản  tây ninh', 'Đặc sản vùng miền chất lượng', 29000, 'https://down-vn.img.susercontent.com/file/vn-11134207-81ztc-mn41e3vmq5fo6f') ON CONFLICT DO NOTHING;
INSERT INTO inventory (inventory_id, product_id, store_id, stock) VALUES (70809, 70621, 7404, 102) ON CONFLICT DO NOTHING;
INSERT INTO products (product_id, name, description, price, image_url) VALUES (70622, 'Thạch Dừa Minh Châu TÚI LỚN - Thạch Dừa Ăn Liền Tuổi Thơ Đặc Sản Bến Tre - Thạch Dừa Ruvask', 'Đặc sản vùng miền chất lượng', 18810, 'https://down-vn.img.susercontent.com/file/vn-11134207-7ra0g-m7dgj8cym2mw14') ON CONFLICT DO NOTHING;
INSERT INTO inventory (inventory_id, product_id, store_id, stock) VALUES (70810, 70622, 7160, 146) ON CONFLICT DO NOTHING;
INSERT INTO products (product_id, name, description, price, image_url) VALUES (70623, 'Bánh rế Khoai Mì - đặc sản đảo Phú Quý', 'Đặc sản vùng miền chất lượng', 58000, 'https://down-vn.img.susercontent.com/file/vn-11134207-7r98o-lrvsjd7vn4bd72') ON CONFLICT DO NOTHING;
INSERT INTO inventory (inventory_id, product_id, store_id, stock) VALUES (70811, 70623, 7139, 32) ON CONFLICT DO NOTHING;
INSERT INTO products (product_id, name, description, price, image_url) VALUES (70624, 'Bánh Rau Má Văn Trường Thành Nhà Hồ, Thanh Hoá Đặc Sản Được Chứng Nhận', 'Đặc sản vùng miền chất lượng', 27890, 'https://down-vn.img.susercontent.com/file/vn-11134207-820l4-mi41pjxdh79g96') ON CONFLICT DO NOTHING;
INSERT INTO inventory (inventory_id, product_id, store_id, stock) VALUES (70812, 70624, 7405, 38) ON CONFLICT DO NOTHING;
INSERT INTO products (product_id, name, description, price, image_url) VALUES (70625, 'Bánh Đậu Xanh Nướng Đặc Sản Hội An Thơm Giòn Béo Ngậy Món Ngon Làm Quà, Bánh Đậu Xanh Nướng Thịt Heo Vị Mặn', 'Đặc sản vùng miền chất lượng', 30000, 'https://down-vn.img.susercontent.com/file/vn-11134207-7ra0g-m8rzr5gorkuc6d') ON CONFLICT DO NOTHING;
INSERT INTO inventory (inventory_id, product_id, store_id, stock) VALUES (70813, 70625, 7080, 144) ON CONFLICT DO NOTHING;
INSERT INTO products (product_id, name, description, price, image_url) VALUES (70626, '[CHÍNH HIỆU HỘI AN] Combo 5 gói bánh đậu xanh nướng nhân thịt Bong - Bông Nở 260g - Đặc sản Hội An', 'Đặc sản vùng miền chất lượng', 42570, 'https://down-vn.img.susercontent.com/file/vn-11134207-7ra0g-m6c7dn1q39rq72') ON CONFLICT DO NOTHING;
INSERT INTO inventory (inventory_id, product_id, store_id, stock) VALUES (70814, 70626, 7199, 152) ON CONFLICT DO NOTHING;
INSERT INTO products (product_id, name, description, price, image_url) VALUES (70627, 'Khô Mực Tẩm Mắm Nhĩ Ớt Tỏi (Đặc Sản Phú Quốc) Mực Cơm Khô Dẻo Tẩm Ướp Gia Vị Thơm Ngon', 'Đặc sản vùng miền chất lượng', 119520, 'https://down-vn.img.susercontent.com/file/vn-11134207-7ras8-m31tpf58vrhsb1') ON CONFLICT DO NOTHING;
INSERT INTO inventory (inventory_id, product_id, store_id, stock) VALUES (70815, 70627, 7406, 158) ON CONFLICT DO NOTHING;
INSERT INTO products (product_id, name, description, price, image_url) VALUES (70628, 'Bánh hạt dẻ Hà Nấm Lào Cai loại đặc biệt – Đặc sản nổi tiếng thơm ngon, giàu dinh dưỡng', 'Đặc sản vùng miền chất lượng', 79000, 'https://down-vn.img.susercontent.com/file/vn-11134207-81ztc-mk3qmij6sp39ab') ON CONFLICT DO NOTHING;
INSERT INTO inventory (inventory_id, product_id, store_id, stock) VALUES (70816, 70628, 7407, 28) ON CONFLICT DO NOTHING;
INSERT INTO products (product_id, name, description, price, image_url) VALUES (70629, 'Khô cá dứa U Minh Cà Mau 1KG chất lượng ngon,thịt dày dai thơm ,không chất bảo quản ,hàng mới về', 'Đặc sản vùng miền chất lượng', 55200, 'https://down-vn.img.susercontent.com/file/c4d2c83b6b9f9aa7341a5260c49ee4e1') ON CONFLICT DO NOTHING;
INSERT INTO inventory (inventory_id, product_id, store_id, stock) VALUES (70817, 70629, 7006, 97) ON CONFLICT DO NOTHING;
INSERT INTO products (product_id, name, description, price, image_url) VALUES (70630, 'Bánh đậu xanh nhân thịt Mỹ Khánh - Đặc sản OCOP Quảng Nam', 'Đặc sản vùng miền chất lượng', 27000, 'https://down-vn.img.susercontent.com/file/vn-11134207-81ztc-mn610tjw2nlsfe') ON CONFLICT DO NOTHING;
INSERT INTO inventory (inventory_id, product_id, store_id, stock) VALUES (70818, 70630, 7408, 90) ON CONFLICT DO NOTHING;
INSERT INTO products (product_id, name, description, price, image_url) VALUES (70631, 'Bánh Sữa Long Thành Milkcake - Bánh Sữa Nguyên Chất Long Thành Bánh sữa đặc sản long thành', 'Đặc sản vùng miền chất lượng', 38999, 'https://down-vn.img.susercontent.com/file/vn-11134207-820l4-me6q7f7sim0x12') ON CONFLICT DO NOTHING;
INSERT INTO inventory (inventory_id, product_id, store_id, stock) VALUES (70819, 70631, 7409, 114) ON CONFLICT DO NOTHING;
INSERT INTO products (product_id, name, description, price, image_url) VALUES (70632, 'Hạt mắc ca Gia Lai sấy nứt vỏ size trung Đặc sản Minh Hương 500g + đồ khui', 'Đặc sản vùng miền chất lượng', 145000, 'https://down-vn.img.susercontent.com/file/vn-11134207-7ras8-mbxj7cw9u11x5b') ON CONFLICT DO NOTHING;
INSERT INTO inventory (inventory_id, product_id, store_id, stock) VALUES (70820, 70632, 7207, 101) ON CONFLICT DO NOTHING;
INSERT INTO products (product_id, name, description, price, image_url) VALUES (70633, 'BÁNH BÓ QUẢNG NGÃI 🔥 ĐẶC SẢN BÁNH TRUYỀN THỐNG 🔥 BÁNH NẾP BÁNH MỨT 500G', 'Đặc sản vùng miền chất lượng', 76000, 'https://down-vn.img.susercontent.com/file/72fb6847485daf49800254504d200b9f') ON CONFLICT DO NOTHING;
INSERT INTO inventory (inventory_id, product_id, store_id, stock) VALUES (70821, 70633, 7128, 29) ON CONFLICT DO NOTHING;
INSERT INTO products (product_id, name, description, price, image_url) VALUES (70634, 'Hạt Kơ nia Gia Lai sấy mộc Đặc sản Minh Hương 250g', 'Đặc sản vùng miền chất lượng', 55000, 'https://down-vn.img.susercontent.com/file/vn-11134207-81ztc-mm1i0lh6l5a84d') ON CONFLICT DO NOTHING;
INSERT INTO inventory (inventory_id, product_id, store_id, stock) VALUES (70822, 70634, 7207, 36) ON CONFLICT DO NOTHING;
INSERT INTO products (product_id, name, description, price, image_url) VALUES (70635, 'Bánh nướng Cao Bằng, đặc sản bánh nướng Hạ Lang vị đặc trưng Cao Bằng', 'Đặc sản vùng miền chất lượng', 30000, 'https://down-vn.img.susercontent.com/file/vn-11134207-7qukw-lkglkv8pwm8s2f') ON CONFLICT DO NOTHING;
INSERT INTO inventory (inventory_id, product_id, store_id, stock) VALUES (70823, 70635, 7410, 21) ON CONFLICT DO NOTHING;
INSERT INTO products (product_id, name, description, price, image_url) VALUES (70636, 'Cặp Đường Bát Đặc Sản Quảng Nam 1 bát nặng từ 500 đến 600 gam Đường Bát Đặc Sản Quảng Nam', 'Đặc sản vùng miền chất lượng', 34999, 'https://down-vn.img.susercontent.com/file/vn-11134207-7r98o-llm0pvvrs28f72') ON CONFLICT DO NOTHING;
INSERT INTO inventory (inventory_id, product_id, store_id, stock) VALUES (70824, 70636, 7132, 25) ON CONFLICT DO NOTHING;
INSERT INTO products (product_id, name, description, price, image_url) VALUES (70637, 'BÁNH ĐẬU XANH ĐẶC SẢN QUY NHƠN - BÌNH ĐỊNH', 'Đặc sản vùng miền chất lượng', 33000, 'https://down-vn.img.susercontent.com/file/vn-11134207-820l4-mi407k73sz5wd7') ON CONFLICT DO NOTHING;
INSERT INTO inventory (inventory_id, product_id, store_id, stock) VALUES (70825, 70637, 7383, 163) ON CONFLICT DO NOTHING;
INSERT INTO products (product_id, name, description, price, image_url) VALUES (70638, '[1kg] Khô cá chốt đồng- Hàng lạt vừa ăn, đặc sản An giang', 'Đặc sản vùng miền chất lượng', 60000, 'https://down-vn.img.susercontent.com/file/vn-11134207-7r98o-lr8x7k4bes2he9') ON CONFLICT DO NOTHING;
INSERT INTO inventory (inventory_id, product_id, store_id, stock) VALUES (70826, 70638, 7092, 36) ON CONFLICT DO NOTHING;
INSERT INTO products (product_id, name, description, price, image_url) VALUES (70639, 'Măng ớt đặc sản Lạng Sơn hương vị  thơm ngon, giòn lọ 1,5 kg, măng ớt mác mật chua ngọt ăn kèm bún, phở, mỳ tôm', 'Đặc sản vùng miền chất lượng', 28000, 'https://down-vn.img.susercontent.com/file/vn-11134207-820l4-mfi4jhbu1tzd76') ON CONFLICT DO NOTHING;
INSERT INTO inventory (inventory_id, product_id, store_id, stock) VALUES (70827, 70639, 7411, 27) ON CONFLICT DO NOTHING;
INSERT INTO products (product_id, name, description, price, image_url) VALUES (70640, 'Tôm Xẻ Tẩm Loại 1 Đặc Sản Cà Mau - Tôm Vuông Thiên Nhiên Ngọt Thịt Phơi Nắng 2 Nắng Dẻo, Thơm', 'Đặc sản vùng miền chất lượng', 254200, 'https://down-vn.img.susercontent.com/file/vn-11134207-7ras8-m2ras4cz02pm4e') ON CONFLICT DO NOTHING;
INSERT INTO inventory (inventory_id, product_id, store_id, stock) VALUES (70828, 70640, 7412, 165) ON CONFLICT DO NOTHING;
INSERT INTO products (product_id, name, description, price, image_url) VALUES (70641, 'Bánh Phồng Tôm Đặc Biệt 250gram | Ánh Kua - Đặc sản Thiên nhiên Cà Mau', 'Đặc sản vùng miền chất lượng', 123000, 'https://down-vn.img.susercontent.com/file/vn-11134207-81ztc-mln13fd798u9f2') ON CONFLICT DO NOTHING;
INSERT INTO inventory (inventory_id, product_id, store_id, stock) VALUES (70829, 70641, 7413, 20) ON CONFLICT DO NOTHING;
INSERT INTO products (product_id, name, description, price, image_url) VALUES (70642, 'Bánh Dừa Nướng Quý Thu Giòn Rụm - Bánh Dừa Đặc Sản Quảng Nam THƠM NGON - Đặc Sản Ruvask', 'Đặc sản vùng miền chất lượng', 29500, 'https://down-vn.img.susercontent.com/file/vn-11134207-820l4-mg1wfgf8lxcf8f') ON CONFLICT DO NOTHING;
INSERT INTO inventory (inventory_id, product_id, store_id, stock) VALUES (70830, 70642, 7160, 92) ON CONFLICT DO NOTHING;
INSERT INTO products (product_id, name, description, price, image_url) VALUES (70643, 'Combo 20 Cái Bánh Dứa - Đặc sản Phúc Kiến Đài Loan Món ăn vặt nổi tiếng', 'Đặc sản vùng miền chất lượng', 110000, 'https://down-vn.img.susercontent.com/file/vn-11134207-7r98o-m034ia9fdlzjde') ON CONFLICT DO NOTHING;
INSERT INTO inventory (inventory_id, product_id, store_id, stock) VALUES (70831, 70643, 7414, 135) ON CONFLICT DO NOTHING;
INSERT INTO products (product_id, name, description, price, image_url) VALUES (70004, 'BÁNH HỒNG ĐẶC SẢN TAM QUAN BÌNH ĐINH 500gr (có 2 vị: truyền thống, lá dứa)', 'Đặc sản vùng miền chất lượng', 67900, 'https://down-vn.img.susercontent.com/file/vn-11134207-7r98o-lwv711x11asb14') ON CONFLICT DO NOTHING;
INSERT INTO inventory (inventory_id, product_id, store_id, stock) VALUES (70832, 70004, 7002, 108) ON CONFLICT DO NOTHING;
INSERT INTO products (product_id, name, description, price, image_url) VALUES (70644, 'TRÀ Hiệp Phong thơm ngon đặc sản-160g/450g', 'Đặc sản vùng miền chất lượng', 39500, 'https://down-vn.img.susercontent.com/file/vn-11134207-7ras8-m19x1jjcqhjs81') ON CONFLICT DO NOTHING;
INSERT INTO inventory (inventory_id, product_id, store_id, stock) VALUES (70833, 70644, 7415, 139) ON CONFLICT DO NOTHING;
INSERT INTO products (product_id, name, description, price, image_url) VALUES (70645, 'Sữa Bánh Đặc Sản Mộc Châu (hàng chuẩn công ty - Date mới nhất)', 'Đặc sản vùng miền chất lượng', 52000, 'https://down-vn.img.susercontent.com/file/85a89f6379923b875fe137bc01635714') ON CONFLICT DO NOTHING;
INSERT INTO inventory (inventory_id, product_id, store_id, stock) VALUES (70834, 70645, 7416, 178) ON CONFLICT DO NOTHING;
INSERT INTO products (product_id, name, description, price, image_url) VALUES (70646, '[Loại đặc biệt ] ỐC TAM CHI, Ốc sốt cay, Ốc xào Hồ Nam, ốc chưng ớt Hồ Nam - Bách hóa Anh Minh', 'Đặc sản vùng miền chất lượng', 85000, 'https://down-vn.img.susercontent.com/file/vn-11134201-7r98o-lm32oet6f55ra9') ON CONFLICT DO NOTHING;
INSERT INTO inventory (inventory_id, product_id, store_id, stock) VALUES (70835, 70646, 7417, 87) ON CONFLICT DO NOTHING;
INSERT INTO products (product_id, name, description, price, image_url) VALUES (70647, 'Bánh Dừa Nướng Đặc Sản Quảng Nam Viet Special Loại 150G / 250G', 'Đặc sản vùng miền chất lượng', 36000, 'https://down-vn.img.susercontent.com/file/vn-11134207-7r98o-m0b9gwhqoyofaf') ON CONFLICT DO NOTHING;
INSERT INTO inventory (inventory_id, product_id, store_id, stock) VALUES (70836, 70647, 7418, 70) ON CONFLICT DO NOTHING;
INSERT INTO products (product_id, name, description, price, image_url) VALUES (70648, 'Cà Pháo Muối Dì Lài Đặc Sản Hà Tĩnh', 'Đặc sản vùng miền chất lượng', 89600, 'https://down-vn.img.susercontent.com/file/vn-11134207-7ras8-mcpunljyzp5uff') ON CONFLICT DO NOTHING;
INSERT INTO inventory (inventory_id, product_id, store_id, stock) VALUES (70837, 70648, 7419, 122) ON CONFLICT DO NOTHING;
INSERT INTO products (product_id, name, description, price, image_url) VALUES (70649, '500G ĐIỀU BỂ - HẠT ĐIỀU BỂ CÒN LỤA RANG MUỐI 500g', 'Đặc sản vùng miền chất lượng', 85999, 'https://down-vn.img.susercontent.com/file/vn-11134207-820l4-milbgpdu7eo0cf') ON CONFLICT DO NOTHING;
INSERT INTO inventory (inventory_id, product_id, store_id, stock) VALUES (70838, 70649, 7420, 28) ON CONFLICT DO NOTHING;
INSERT INTO products (product_id, name, description, price, image_url) VALUES (70650, 'Bánh Ngàn Lớp Hoàng Sơn Nhân Mặn Hơi Cay Thơm Ngon Đặc Biệt An Huy Đồ Ăn Vặt Nội Địa Trun Đặc Sản Bánh Ngọt Truyền Thống', 'Đặc sản vùng miền chất lượng', 38500, 'https://down-vn.img.susercontent.com/file/sg-11134201-7rbmi-lpkmq2ceqj09e5') ON CONFLICT DO NOTHING;
INSERT INTO inventory (inventory_id, product_id, store_id, stock) VALUES (70839, 70650, 7421, 180) ON CONFLICT DO NOTHING;
INSERT INTO products (product_id, name, description, price, image_url) VALUES (70651, 'Thính gạo đặc biệt Chú Lâm - Phù Sa làm nem chạo, nem nắm ,nem chua, gỏi cá được rang xay theo công thức gia truyền.', 'Đặc sản vùng miền chất lượng', 39000, 'https://down-vn.img.susercontent.com/file/vn-11134207-7ras8-mcuw53hzklgt4e') ON CONFLICT DO NOTHING;
INSERT INTO inventory (inventory_id, product_id, store_id, stock) VALUES (70840, 70651, 7061, 80) ON CONFLICT DO NOTHING;
INSERT INTO products (product_id, name, description, price, image_url) VALUES (70652, 'Khô rắn, 500g, thương hiệu đặc sản Dakydo (An Giang), ăn là ghiền!', 'Đặc sản vùng miền chất lượng', 115000, 'https://down-vn.img.susercontent.com/file/sg-11134201-22100-m1bfwkls42iv2b') ON CONFLICT DO NOTHING;
INSERT INTO inventory (inventory_id, product_id, store_id, stock) VALUES (70841, 70652, 7317, 143) ON CONFLICT DO NOTHING;
INSERT INTO products (product_id, name, description, price, image_url) VALUES (70653, 'CÁ BỐNG RIM SÔNG TRÀ KIM HỒNG-ĐẶC SẢN QUẢNG NGÃI)', 'Đặc sản vùng miền chất lượng', 96000, 'https://down-vn.img.susercontent.com/file/vn-11134207-7r98o-lxoxipjvshjtef') ON CONFLICT DO NOTHING;
INSERT INTO inventory (inventory_id, product_id, store_id, stock) VALUES (70842, 70653, 7422, 28) ON CONFLICT DO NOTHING;
INSERT INTO products (product_id, name, description, price, image_url) VALUES (70654, 'Đặc sản Bánh Gai Hải Dương', 'Đặc sản vùng miền chất lượng', 10000, 'https://down-vn.img.susercontent.com/file/vn-11134207-81ztc-mnv5d3rh6fb5d1') ON CONFLICT DO NOTHING;
INSERT INTO inventory (inventory_id, product_id, store_id, stock) VALUES (70843, 70654, 7423, 193) ON CONFLICT DO NOTHING;
INSERT INTO products (product_id, name, description, price, image_url) VALUES (70655, 'Dừa sáp bi kingcoco (Đặc sản Trà Vinh)', 'Đặc sản vùng miền chất lượng', 70000, 'https://down-vn.img.susercontent.com/file/vn-11134207-81ztc-ml799t7w0gle26') ON CONFLICT DO NOTHING;
INSERT INTO inventory (inventory_id, product_id, store_id, stock) VALUES (70844, 70655, 7424, 103) ON CONFLICT DO NOTHING;
INSERT INTO products (product_id, name, description, price, image_url) VALUES (70656, 'Măng Trúc Yên Tử Dũng Hà - Đặc Sản Núi Rừng Quảng Ninh, thơm ngon hàng Loại 1 hảo hạng', 'Đặc sản vùng miền chất lượng', 17000, 'https://down-vn.img.susercontent.com/file/vn-11134207-7r98o-lx3e9v93fopncb') ON CONFLICT DO NOTHING;
INSERT INTO inventory (inventory_id, product_id, store_id, stock) VALUES (70845, 70656, 7425, 151) ON CONFLICT DO NOTHING;
INSERT INTO products (product_id, name, description, price, image_url) VALUES (70657, 'Khô xương cá bò Sóc Trăng loại đặc biệt giòn ngọt, hút chân không đặc sản Trần Đề phải ăn một lần', 'Đặc sản vùng miền chất lượng', 59000, 'https://down-vn.img.susercontent.com/file/vn-11134207-7r98o-m0c43tx64yjxdd') ON CONFLICT DO NOTHING;
INSERT INTO inventory (inventory_id, product_id, store_id, stock) VALUES (70846, 70657, 7285, 104) ON CONFLICT DO NOTHING;
INSERT INTO products (product_id, name, description, price, image_url) VALUES (70658, '500gr Khô Xương Cá Bò Ghép Bông Tròn VỊ Ngọt Ngọt Giòn Cay Nhẹ Siêu Bém Mồi Nhậu- VỰA KHÔ MINH TRIẾT', 'Đặc sản vùng miền chất lượng', 38000, 'https://down-vn.img.susercontent.com/file/vn-11134207-7ras8-mdjzxoh2zb2dcd') ON CONFLICT DO NOTHING;
INSERT INTO inventory (inventory_id, product_id, store_id, stock) VALUES (70847, 70658, 7426, 121) ON CONFLICT DO NOTHING;
INSERT INTO products (product_id, name, description, price, image_url) VALUES (70659, '[Vị Tuổi Thơ] Bánh Chuối Xiêm Ép Dẻo Vàng Ươm, Thơm Nồng- Thương hiệu BẢY HOÀNG - Đặc Sản Cà Mau - Túi 500gr - Kingsmart', 'Đặc sản vùng miền chất lượng', 20000, 'https://down-vn.img.susercontent.com/file/vn-11134207-81ztc-mm8f75yksy6827') ON CONFLICT DO NOTHING;
INSERT INTO inventory (inventory_id, product_id, store_id, stock) VALUES (70848, 70659, 7065, 145) ON CONFLICT DO NOTHING;
INSERT INTO products (product_id, name, description, price, image_url) VALUES (70660, '1 KG HẠT DẺ RANG HÚT CHÂN KHÔNG  ĐẶC SẢN SAPA', 'Đặc sản vùng miền chất lượng', 53800, 'https://down-vn.img.susercontent.com/file/vn-11134207-820l4-mhs72efomepx51') ON CONFLICT DO NOTHING;
INSERT INTO inventory (inventory_id, product_id, store_id, stock) VALUES (70849, 70660, 7427, 132) ON CONFLICT DO NOTHING;
INSERT INTO products (product_id, name, description, price, image_url) VALUES (70661, 'Miến Dong Đậu Xanh Lai Châu 2KG OCOP – Đặc Sản Tây Bắc Giá Sỉ', 'Đặc sản vùng miền chất lượng', 2250, 'https://down-vn.img.susercontent.com/file/vn-11134207-81ztc-mnrbzn7quww127') ON CONFLICT DO NOTHING;
INSERT INTO inventory (inventory_id, product_id, store_id, stock) VALUES (70850, 70661, 7428, 20) ON CONFLICT DO NOTHING;
INSERT INTO products (product_id, name, description, price, image_url) VALUES (70662, 'bánh hạt dẻ đặc sản Sa Pa', 'Đặc sản vùng miền chất lượng', 53000, 'https://down-vn.img.susercontent.com/file/vn-11134207-820l4-mg11fuvr7rwt16') ON CONFLICT DO NOTHING;
INSERT INTO inventory (inventory_id, product_id, store_id, stock) VALUES (70851, 70662, 7429, 100) ON CONFLICT DO NOTHING;
INSERT INTO products (product_id, name, description, price, image_url) VALUES (70663, 'Hạt macca daklak sấy chín chuẩn sạch nứt vỏ). Có hồ sơ công bố,xuất hóa đơn công ty đầy đủ', 'Đặc sản vùng miền chất lượng', 75000, 'https://down-vn.img.susercontent.com/file/vn-11134207-7r98o-lws6xhlmvh0baa') ON CONFLICT DO NOTHING;
INSERT INTO inventory (inventory_id, product_id, store_id, stock) VALUES (70852, 70663, 7430, 142) ON CONFLICT DO NOTHING;
INSERT INTO products (product_id, name, description, price, image_url) VALUES (70664, '1Kg/túi-Đặc sản Củ năng miền Tây,vị giòn,ngọt,thanh thanh.Quý khách lưu ý,chỉ có thể ship Miền Tây,Đồng Nai,Vũng Tàu ạ', 'Đặc sản vùng miền chất lượng', 64600, 'https://down-vn.img.susercontent.com/file/vn-11134207-7qukw-lfw7s3efaezue0') ON CONFLICT DO NOTHING;
INSERT INTO inventory (inventory_id, product_id, store_id, stock) VALUES (70853, 70664, 7244, 45) ON CONFLICT DO NOTHING;
INSERT INTO products (product_id, name, description, price, image_url) VALUES (70665, 'Khoai Lang Thanh An_Bở Thơm_đặc sản Điện Biên_Cuối mùa', 'Đặc sản vùng miền chất lượng', 34000, 'https://down-vn.img.susercontent.com/file/vn-11134207-81ztc-ml1l7gkw0hdzfd') ON CONFLICT DO NOTHING;
INSERT INTO inventory (inventory_id, product_id, store_id, stock) VALUES (70854, 70665, 7431, 141) ON CONFLICT DO NOTHING;
INSERT INTO products (product_id, name, description, price, image_url) VALUES (70666, 'ba rọi khô 3rd deosd chính hãng', 'Đặc sản vùng miền chất lượng', 50000, 'https://down-vn.img.susercontent.com/file/vn-11134207-81ztc-mmuugmzjeeiw42') ON CONFLICT DO NOTHING;
INSERT INTO inventory (inventory_id, product_id, store_id, stock) VALUES (70855, 70666, 7432, 34) ON CONFLICT DO NOTHING;
INSERT INTO products (product_id, name, description, price, image_url) VALUES (70667, '[COMBO 10 gói] 🪷Bánh Đậu Xanh Khô - Đặc Sản Quảng Nam', 'Đặc sản vùng miền chất lượng', 129000, 'https://down-vn.img.susercontent.com/file/vn-11134207-7ra0g-m7xs8kote99qe4') ON CONFLICT DO NOTHING;
INSERT INTO inventory (inventory_id, product_id, store_id, stock) VALUES (70856, 70667, 7433, 161) ON CONFLICT DO NOTHING;
INSERT INTO products (product_id, name, description, price, image_url) VALUES (70668, 'Khô Cá Chạch Đồng Loại 1 tự nhiên ( Không ship Miền Bắc) , ướp vị vừa ăn, thơm ngon- Đặc sản Khô Miền Tây', 'Đặc sản vùng miền chất lượng', 351500, 'https://down-vn.img.susercontent.com/file/967a7e4483c6a03d9bac9f5d92aeab33') ON CONFLICT DO NOTHING;
INSERT INTO inventory (inventory_id, product_id, store_id, stock) VALUES (70857, 70668, 7434, 70) ON CONFLICT DO NOTHING;
INSERT INTO products (product_id, name, description, price, image_url) VALUES (70669, 'Tỏi Lý Sơn Lột Sẳn - Đặc Sản Lý Sơn Chính Gốc', 'Đặc sản vùng miền chất lượng', 99176, 'https://down-vn.img.susercontent.com/file/vn-11134207-820l4-mdzq2bpohvy9c8') ON CONFLICT DO NOTHING;
INSERT INTO inventory (inventory_id, product_id, store_id, stock) VALUES (70858, 70669, 7435, 27) ON CONFLICT DO NOTHING;
INSERT INTO products (product_id, name, description, price, image_url) VALUES (70670, 'BỊCH 200GRAM🔥 BÁNH ĐẬU XANH NƯỚNG LOẠI TRÒN🔥 THƠM NGON ĐẶC SẢN QUẢNG NGÃI', 'Đặc sản vùng miền chất lượng', 27500, 'https://down-vn.img.susercontent.com/file/713ed281a5bc2245c00aa673428a20bf') ON CONFLICT DO NOTHING;
INSERT INTO inventory (inventory_id, product_id, store_id, stock) VALUES (70859, 70670, 7128, 62) ON CONFLICT DO NOTHING;
INSERT INTO products (product_id, name, description, price, image_url) VALUES (70671, 'Bánh đậu xanh nhân thịt Hội An - Đặc sản Đà Nẵng ngon HANIGO - Đặc sản đến từ Hội An', 'Đặc sản vùng miền chất lượng', 43000, 'https://down-vn.img.susercontent.com/file/vn-11134207-7r98o-lzomaq7wvag125') ON CONFLICT DO NOTHING;
INSERT INTO inventory (inventory_id, product_id, store_id, stock) VALUES (70860, 70671, 7064, 116) ON CONFLICT DO NOTHING;
INSERT INTO products (product_id, name, description, price, image_url) VALUES (70672, 'Mứt Rong Sụn, Sea Moss Gummy (được chọn vị) Đặc Sản Ninh Thuận CÔ ÚT SHOP, Rong Sụn Biển Sấy Dẻo', 'Đặc sản vùng miền chất lượng', 68000, 'https://down-vn.img.susercontent.com/file/vn-11134207-7ras8-m4f652mozsgffe') ON CONFLICT DO NOTHING;
INSERT INTO inventory (inventory_id, product_id, store_id, stock) VALUES (70861, 70672, 7436, 189) ON CONFLICT DO NOTHING;
INSERT INTO products (product_id, name, description, price, image_url) VALUES (70673, '( Rẻ Vô Địch ) 1kg ỚT XANH CHÍNH GỐC HUẾ - THƠM, CAY, GIÒN -  ĐẶC SẢN HUẾ', 'Đặc sản vùng miền chất lượng', 35000, 'https://down-vn.img.susercontent.com/file/vn-11134207-7ras8-mavz8mie0gk7e8') ON CONFLICT DO NOTHING;
INSERT INTO inventory (inventory_id, product_id, store_id, stock) VALUES (70862, 70673, 7437, 95) ON CONFLICT DO NOTHING;
INSERT INTO products (product_id, name, description, price, image_url) VALUES (70674, '[Chỉ giao miền nam] Dưa Leo Muối Nguyên Trái (1kg) - Đặc Sản Nhà Làm - Giòn - Sạch', 'Đặc sản vùng miền chất lượng', 59000, 'https://down-vn.img.susercontent.com/file/vn-11134207-7ras8-mcuc6dcx7fdo54') ON CONFLICT DO NOTHING;
INSERT INTO inventory (inventory_id, product_id, store_id, stock) VALUES (70863, 70674, 7438, 140) ON CONFLICT DO NOTHING;
INSERT INTO products (product_id, name, description, price, image_url) VALUES (70122, '[Hũ 400gr] Mắm Ruốc Ăn Liền Đặc Sản Mắm Huế Nguyên Chất Loại 1 Mắm Huế O Dung Chuẩn Vị Huế', 'Đặc sản vùng miền chất lượng', 69500, 'https://down-vn.img.susercontent.com/file/vn-11134207-81ztc-mnwe779vg83m13') ON CONFLICT DO NOTHING;
INSERT INTO inventory (inventory_id, product_id, store_id, stock) VALUES (70864, 70122, 7000, 149) ON CONFLICT DO NOTHING;
INSERT INTO products (product_id, name, description, price, image_url) VALUES (70675, '[Hũ 400gr] Mắm Ruốc Huế Ăn Liền O Dung Nguyên Chất Loại 1 Đặc Sản Huế', 'Đặc sản vùng miền chất lượng', 79000, 'https://down-vn.img.susercontent.com/file/vn-11134207-81ztc-mnwe8twxmdqc4b') ON CONFLICT DO NOTHING;
INSERT INTO inventory (inventory_id, product_id, store_id, stock) VALUES (70865, 70675, 7000, 138) ON CONFLICT DO NOTHING;
INSERT INTO products (product_id, name, description, price, image_url) VALUES (70123, '[Chai 500ml] Mắm Nêm Pha Sẵn Chai Xay Nhuyễn Gia Vị Vừa Ăn Tiện Lợi Đặc Sản Đà Nẵng', 'Đặc sản vùng miền chất lượng', 59000, 'https://down-vn.img.susercontent.com/file/vn-11134207-81ztc-mnwc8x4wfsw58d') ON CONFLICT DO NOTHING;
INSERT INTO inventory (inventory_id, product_id, store_id, stock) VALUES (70866, 70123, 7000, 113) ON CONFLICT DO NOTHING;
INSERT INTO products (product_id, name, description, price, image_url) VALUES (70666, 'ba rọi khô 3rd deosd chính hãng', 'Đặc sản vùng miền chất lượng', 50000, 'https://down-vn.img.susercontent.com/file/vn-11134207-81ztc-mmuugmzjeeiw42') ON CONFLICT DO NOTHING;
INSERT INTO inventory (inventory_id, product_id, store_id, stock) VALUES (70867, 70666, 7432, 29) ON CONFLICT DO NOTHING;
INSERT INTO products (product_id, name, description, price, image_url) VALUES (70676, 'Bắp rang xốc mắm cái 60k /500gr,đặc sản Quảng Ngãi', 'Đặc sản vùng miền chất lượng', 60000, 'https://down-vn.img.susercontent.com/file/vn-11134207-7ras8-m0ek3ea3l71p15') ON CONFLICT DO NOTHING;
INSERT INTO inventory (inventory_id, product_id, store_id, stock) VALUES (70868, 70676, 7439, 151) ON CONFLICT DO NOTHING;
INSERT INTO products (product_id, name, description, price, image_url) VALUES (70673, '( Rẻ Vô Địch ) 1kg ỚT XANH CHÍNH GỐC HUẾ - THƠM, CAY, GIÒN -  ĐẶC SẢN HUẾ', 'Đặc sản vùng miền chất lượng', 35000, 'https://down-vn.img.susercontent.com/file/vn-11134207-7ras8-mavz8mie0gk7e8') ON CONFLICT DO NOTHING;
INSERT INTO inventory (inventory_id, product_id, store_id, stock) VALUES (70869, 70673, 7437, 34) ON CONFLICT DO NOTHING;
INSERT INTO products (product_id, name, description, price, image_url) VALUES (70677, 'Tôm Rang Me ( ăn liền ) là sản phẩm yêu thích của Shop Đặc Sản Biển Phan Thiết NGỌC DŨNG; Hộp 200 gram. HSD 12 tháng', 'Đặc sản vùng miền chất lượng', 71999, 'https://down-vn.img.susercontent.com/file/a188d457673547b7b191b62d9a232a7c') ON CONFLICT DO NOTHING;
INSERT INTO inventory (inventory_id, product_id, store_id, stock) VALUES (70870, 70677, 7231, 38) ON CONFLICT DO NOTHING;
INSERT INTO products (product_id, name, description, price, image_url) VALUES (70678, 'Vịt quay tẩm ướp cay tê AUKULING 308g – Đặc sản Hồ Nam nội địa Trung Quốc, ăn liền cực ngon', 'Đặc sản vùng miền chất lượng', 89000, 'https://down-vn.img.susercontent.com/file/vn-11134207-81ztc-mnrvvx8ihxxefb') ON CONFLICT DO NOTHING;
INSERT INTO inventory (inventory_id, product_id, store_id, stock) VALUES (70871, 70678, 7440, 177) ON CONFLICT DO NOTHING;
INSERT INTO products (product_id, name, description, price, image_url) VALUES (70679, 'Mắm Ba Khía Sữa Trộn Sẵn Vừa Ăn Bà Giáo Khỏe 666666 Hủ 500g và 700g Đặc Sản Châu Đốc Trí Vân - TV63', 'Đặc sản vùng miền chất lượng', 69540, 'https://down-vn.img.susercontent.com/file/vn-11134207-7ras8-m20sot57nb8bc5') ON CONFLICT DO NOTHING;
INSERT INTO inventory (inventory_id, product_id, store_id, stock) VALUES (70872, 70679, 7213, 91) ON CONFLICT DO NOTHING;
INSERT INTO products (product_id, name, description, price, image_url) VALUES (70680, '100 bánh in, bánh hạt sen đậu xanh nhà làm, thơm ngon - Đặc sản Huế', 'Đặc sản vùng miền chất lượng', 79000, 'https://down-vn.img.susercontent.com/file/sg-11134201-82285-mhm0elseydq9a9') ON CONFLICT DO NOTHING;
INSERT INTO inventory (inventory_id, product_id, store_id, stock) VALUES (70873, 70680, 7437, 194) ON CONFLICT DO NOTHING;
INSERT INTO products (product_id, name, description, price, image_url) VALUES (70681, 'Bánh tô trái cây mix vị thơm ngon đặc sản Việt', 'Đặc sản vùng miền chất lượng', 108000, 'https://down-vn.img.susercontent.com/file/vn-11134207-820l4-mjcl442y76rl3d') ON CONFLICT DO NOTHING;
INSERT INTO inventory (inventory_id, product_id, store_id, stock) VALUES (70874, 70681, 7441, 146) ON CONFLICT DO NOTHING;
INSERT INTO products (product_id, name, description, price, image_url) VALUES (70682, 'Bánh Đậu Xanh Nướng Bọc Giấy Đỏ - Cây 10 Bánh - Đặc Sản Hoài Nhơn- Bình Định', 'Đặc sản vùng miền chất lượng', 18000, 'https://down-vn.img.susercontent.com/file/vn-11134207-7r98o-lshwhbkocv4p37') ON CONFLICT DO NOTHING;
INSERT INTO inventory (inventory_id, product_id, store_id, stock) VALUES (70875, 70682, 7442, 98) ON CONFLICT DO NOTHING;
INSERT INTO products (product_id, name, description, price, image_url) VALUES (70683, 'Bánh Dừa Nướng Đặc Sản Miền Trung Đồ Ăn Vặt Giòn Thơm Cực Ngon', 'Đặc sản vùng miền chất lượng', 30000, 'https://down-vn.img.susercontent.com/file/vn-11134207-7ra0g-m8oherskvds2ff') ON CONFLICT DO NOTHING;
INSERT INTO inventory (inventory_id, product_id, store_id, stock) VALUES (70876, 70683, 7443, 111) ON CONFLICT DO NOTHING;
INSERT INTO products (product_id, name, description, price, image_url) VALUES (70684, '(Chính hãng đặc sản Điện Biên) Khoai lang ngon số 1 Điện Biên', 'Đặc sản vùng miền chất lượng', 37000, 'https://down-vn.img.susercontent.com/file/vn-11134207-7ra0g-m7mhehtmwcee8f') ON CONFLICT DO NOTHING;
INSERT INTO inventory (inventory_id, product_id, store_id, stock) VALUES (70877, 70684, 7282, 92) ON CONFLICT DO NOTHING;
INSERT INTO products (product_id, name, description, price, image_url) VALUES (70685, '[Giá Buôn Tốt] 🪷 COMBO 4 Gói Bánh đậu xanh nướng khô | Gói lớn 280G | Đặc sản Quảng Nam', 'Đặc sản vùng miền chất lượng', 95000, 'https://down-vn.img.susercontent.com/file/vn-11134207-7r98o-ltn7yq6dtb0t9f') ON CONFLICT DO NOTHING;
INSERT INTO inventory (inventory_id, product_id, store_id, stock) VALUES (70878, 70685, 7433, 188) ON CONFLICT DO NOTHING;
INSERT INTO products (product_id, name, description, price, image_url) VALUES (70686, 'Bánh chả Bảo Minh 210g, Thơm dòn Siêu Ngon, Đặc sản Hà nội', 'Đặc sản vùng miền chất lượng', 42000, 'https://down-vn.img.susercontent.com/file/vn-11134207-7r98o-lspp91azk1qce7') ON CONFLICT DO NOTHING;
INSERT INTO inventory (inventory_id, product_id, store_id, stock) VALUES (70879, 70686, 7444, 109) ON CONFLICT DO NOTHING;
INSERT INTO products (product_id, name, description, price, image_url) VALUES (70687, '100gr Nấm hương rừng sấy khô tiện lợi sử dụng Đặc sản Minh Hương', 'Đặc sản vùng miền chất lượng', 80000, 'https://down-vn.img.susercontent.com/file/vn-11134207-7ra0g-m8zzuishytdwc2') ON CONFLICT DO NOTHING;
INSERT INTO inventory (inventory_id, product_id, store_id, stock) VALUES (70880, 70687, 7207, 124) ON CONFLICT DO NOTHING;
INSERT INTO products (product_id, name, description, price, image_url) VALUES (70688, 'Bánh  Dẻo Tam Giác Mạch - Đặc Sản Vùng Cao Hà Giang Có 4 Màu Đặc Trưng Đặc Sản Cao Nguyên Đá Đồng Văn mua 10 tặng 1', 'Đặc sản vùng miền chất lượng', 20000, 'https://down-vn.img.susercontent.com/file/vn-11134207-820l4-mjl9dlsqv4049e') ON CONFLICT DO NOTHING;
INSERT INTO inventory (inventory_id, product_id, store_id, stock) VALUES (70881, 70688, 7445, 81) ON CONFLICT DO NOTHING;
INSERT INTO products (product_id, name, description, price, image_url) VALUES (70689, 'Mì đũa Phước Hạnh sợi tròn, sợi dẹp 355g - Đặc sản Huế', 'Đặc sản vùng miền chất lượng', 17000, 'https://down-vn.img.susercontent.com/file/bc30b74e69eea23bed3998a0cfb7441f') ON CONFLICT DO NOTHING;
INSERT INTO inventory (inventory_id, product_id, store_id, stock) VALUES (70882, 70689, 7446, 36) ON CONFLICT DO NOTHING;
INSERT INTO products (product_id, name, description, price, image_url) VALUES (70690, '500Gr Khô Mực Rối (size 150 - 180 con 1kg) - Đặc Sản Thịnh Long JoJo Seafood', 'Đặc sản vùng miền chất lượng', 315000, 'https://down-vn.img.susercontent.com/file/33c5ca48cbc302df22b179f64fbe57fe') ON CONFLICT DO NOTHING;
INSERT INTO inventory (inventory_id, product_id, store_id, stock) VALUES (70883, 70690, 7447, 192) ON CONFLICT DO NOTHING;
INSERT INTO products (product_id, name, description, price, image_url) VALUES (70691, 'Bánh Khô Mè Giòn Đặc sản Đà Nẵng Sản phẩm cổ truyền hiệu Bà Ly - HANIGO FOOD Đặc sản Đà Nẵng Ngon', 'Đặc sản vùng miền chất lượng', 55000, 'https://down-vn.img.susercontent.com/file/vn-11134207-7r98o-lm1cltp29djz6a') ON CONFLICT DO NOTHING;
INSERT INTO inventory (inventory_id, product_id, store_id, stock) VALUES (70884, 70691, 7064, 160) ON CONFLICT DO NOTHING;
INSERT INTO products (product_id, name, description, price, image_url) VALUES (70692, 'Cá khô sông Sê San Gia Lai - Đặc sản Minh Hương - Gói 500gram', 'Đặc sản vùng miền chất lượng', 190000, 'https://down-vn.img.susercontent.com/file/vn-11134207-7ra0g-m8znoemqrnu677') ON CONFLICT DO NOTHING;
INSERT INTO inventory (inventory_id, product_id, store_id, stock) VALUES (70885, 70692, 7207, 183) ON CONFLICT DO NOTHING;
INSERT INTO products (product_id, name, description, price, image_url) VALUES (70693, 'Combo 5 gói Bánh khoai lang dừa Quý Thu  - Đặc sản Quảng Nam  -  Coconut Sweet Potato Cake', 'Đặc sản vùng miền chất lượng', 44100, 'https://down-vn.img.susercontent.com/file/vn-11134207-7ras8-m1zebtm4rvdn8f') ON CONFLICT DO NOTHING;
INSERT INTO inventory (inventory_id, product_id, store_id, stock) VALUES (70886, 70693, 7199, 33) ON CONFLICT DO NOTHING;
INSERT INTO products (product_id, name, description, price, image_url) VALUES (70694, 'Cà xỉu xanh muối nước mắm Trang Food hộp 700g (400g Cà xỉu + nước mắm) - Đặc sản Hà Tiên - CD', 'Đặc sản vùng miền chất lượng', 211000, 'https://down-vn.img.susercontent.com/file/vn-11134207-820l4-mezexcsesgek5a') ON CONFLICT DO NOTHING;
INSERT INTO inventory (inventory_id, product_id, store_id, stock) VALUES (70887, 70694, 7448, 187) ON CONFLICT DO NOTHING;
INSERT INTO products (product_id, name, description, price, image_url) VALUES (70674, '[Chỉ giao miền nam] Dưa Leo Muối Nguyên Trái (1kg) - Đặc Sản Nhà Làm - Giòn - Sạch', 'Đặc sản vùng miền chất lượng', 59000, 'https://down-vn.img.susercontent.com/file/vn-11134207-7ras8-mcuc6dcx7fdo54') ON CONFLICT DO NOTHING;
INSERT INTO inventory (inventory_id, product_id, store_id, stock) VALUES (70888, 70674, 7438, 151) ON CONFLICT DO NOTHING;
INSERT INTO products (product_id, name, description, price, image_url) VALUES (70695, 'cá ngừ ăn liền - đặc sản phú yên- 250gram', 'Đặc sản vùng miền chất lượng', 145000, 'https://down-vn.img.susercontent.com/file/vn-11134207-820l4-mfv9agsalgcodf') ON CONFLICT DO NOTHING;
INSERT INTO inventory (inventory_id, product_id, store_id, stock) VALUES (70889, 70695, 7106, 128) ON CONFLICT DO NOTHING;
INSERT INTO products (product_id, name, description, price, image_url) VALUES (70696, 'Bánh Phồng ĐẶC SẢN Bích Chi Hộp 200g', 'Đặc sản vùng miền chất lượng', 16960, 'https://down-vn.img.susercontent.com/file/vn-11134207-81ztc-mk661wc6lips7f') ON CONFLICT DO NOTHING;
INSERT INTO inventory (inventory_id, product_id, store_id, stock) VALUES (70890, 70696, 7449, 145) ON CONFLICT DO NOTHING;
INSERT INTO products (product_id, name, description, price, image_url) VALUES (70697, '500G Bim Bim Khoai Tây Swing, Ostar Vỡ Cánh Ngon Giòn Đậm Đà, đồ ăn vặt, Ăn Vặt Nhà Mầm.', 'Đặc sản vùng miền chất lượng', 32000, 'https://down-vn.img.susercontent.com/file/vn-11134207-7ra0g-m6cbdror3uo310') ON CONFLICT DO NOTHING;
INSERT INTO inventory (inventory_id, product_id, store_id, stock) VALUES (70891, 70697, 7079, 132) ON CONFLICT DO NOTHING;
INSERT INTO products (product_id, name, description, price, image_url) VALUES (70698, '(1 Kg) Bánh Sâu Dâu - Đặc sản Xuân Bắc, Xuân Trường, Nam Định', 'Đặc sản vùng miền chất lượng', 77420, 'https://down-vn.img.susercontent.com/file/vn-11134207-7ras8-m1wxa444sce757') ON CONFLICT DO NOTHING;
INSERT INTO inventory (inventory_id, product_id, store_id, stock) VALUES (70892, 70698, 7386, 154) ON CONFLICT DO NOTHING;
INSERT INTO products (product_id, name, description, price, image_url) VALUES (70699, 'FREESHIP Đá me hạt dẻo đặc sản Nam Du hủ 600g', 'Đặc sản vùng miền chất lượng', 75000, 'https://down-vn.img.susercontent.com/file/vn-11134207-7r98o-lzwu7s3qzg6985') ON CONFLICT DO NOTHING;
INSERT INTO inventory (inventory_id, product_id, store_id, stock) VALUES (70893, 70699, 7450, 46) ON CONFLICT DO NOTHING;
INSERT INTO products (product_id, name, description, price, image_url) VALUES (70700, 'Bánh dừa nướng đặc sản Sóc Trăng hộp 500g thơm bùi mềm béo', 'Đặc sản vùng miền chất lượng', 112000, 'https://down-vn.img.susercontent.com/file/sg-11134201-81ztn-miyi3vto0xz527') ON CONFLICT DO NOTHING;
INSERT INTO inventory (inventory_id, product_id, store_id, stock) VALUES (70894, 70700, 7451, 183) ON CONFLICT DO NOTHING;
INSERT INTO products (product_id, name, description, price, image_url) VALUES (70701, 'MỨT SƠ RI 350GR- ĐẶC SẢN GÒ CÔNG- TIỀN GIANG', 'Đặc sản vùng miền chất lượng', 65000, 'https://down-vn.img.susercontent.com/file/vn-11134207-7r98o-lm8aegqji4m777') ON CONFLICT DO NOTHING;
INSERT INTO inventory (inventory_id, product_id, store_id, stock) VALUES (70895, 70701, 7452, 172) ON CONFLICT DO NOTHING;
INSERT INTO products (product_id, name, description, price, image_url) VALUES (70702, 'Hộp Bánh Sữa Ba Vì Truyền Thống Xưa Con Bò Vàng Ba Vì COBOVA Nhiều Vị Thơm Beó Đặc Sản Ba Vì Milk', 'Đặc sản vùng miền chất lượng', 34000, 'https://down-vn.img.susercontent.com/file/sg-11134201-7req6-m2c3w3hqdg7qce') ON CONFLICT DO NOTHING;
INSERT INTO inventory (inventory_id, product_id, store_id, stock) VALUES (70896, 70702, 7453, 165) ON CONFLICT DO NOTHING;
INSERT INTO products (product_id, name, description, price, image_url) VALUES (70703, '[ LOẠI 1 ] 1KG TƯƠNG ỚT RIM/XÀO - ĐẶC SẢN QUẢNG NGÃI THƠM NGON - FREESHIP TOÀN QUỐC', 'Đặc sản vùng miền chất lượng', 19000, 'https://down-vn.img.susercontent.com/file/vn-11134207-7r98o-ltavx3m5r5axa1') ON CONFLICT DO NOTHING;
INSERT INTO inventory (inventory_id, product_id, store_id, stock) VALUES (70897, 70703, 7249, 89) ON CONFLICT DO NOTHING;
INSERT INTO products (product_id, name, description, price, image_url) VALUES (70704, 'Rau sắn muối chua đặc sản Phú Thọ chuẩn vị không chất bảo quản loại 1,5kg Food Ánh Dương RS-N2', 'Đặc sản vùng miền chất lượng', 50000, 'https://down-vn.img.susercontent.com/file/vn-11134207-7ras8-mdt3t0mxrygf28') ON CONFLICT DO NOTHING;
INSERT INTO inventory (inventory_id, product_id, store_id, stock) VALUES (70898, 70704, 7454, 159) ON CONFLICT DO NOTHING;
INSERT INTO products (product_id, name, description, price, image_url) VALUES (70705, '1kg Tỏi cô đơn. Đặc sản tỏi cô đơn, tỏi 1 nhánh', 'Đặc sản vùng miền chất lượng', 39241, 'https://down-vn.img.susercontent.com/file/vn-11134201-7ras8-mbnnpy6kcxtwc9') ON CONFLICT DO NOTHING;
INSERT INTO inventory (inventory_id, product_id, store_id, stock) VALUES (70899, 70705, 7455, 63) ON CONFLICT DO NOTHING;
INSERT INTO products (product_id, name, description, price, image_url) VALUES (70706, 'Ganyuan official Khoai lang sấy dẻo thơm ngon, đóng gói riêng, vị nguyên chất không chất phụ gia dried snacks', 'Đặc sản vùng miền chất lượng', 59000, 'https://down-vn.img.susercontent.com/file/cn-11134207-820l4-mlahe6tqzfnkb2') ON CONFLICT DO NOTHING;
INSERT INTO inventory (inventory_id, product_id, store_id, stock) VALUES (70900, 70706, 7456, 168) ON CONFLICT DO NOTHING;
INSERT INTO products (product_id, name, description, price, image_url) VALUES (70707, '[500gr] Muối tôm Tây Ninh nguyên hột loại 1 - Đặc Sản Tây Ninh', 'Đặc sản vùng miền chất lượng', 97000, 'https://down-vn.img.susercontent.com/file/vn-11134207-7ra0g-m7xcokffhwuace') ON CONFLICT DO NOTHING;
INSERT INTO inventory (inventory_id, product_id, store_id, stock) VALUES (70901, 70707, 7173, 130) ON CONFLICT DO NOTHING;
INSERT INTO products (product_id, name, description, price, image_url) VALUES (70708, 'khô ức cá dứa loại đặc biệt ngon hảo hạng , ức cá dứa  khô cá Thiên Tú Store', 'Đặc sản vùng miền chất lượng', 32270, 'https://down-vn.img.susercontent.com/file/vn-11134207-7r98o-lluom5i4jvfj51') ON CONFLICT DO NOTHING;
INSERT INTO inventory (inventory_id, product_id, store_id, stock) VALUES (70902, 70708, 7006, 47) ON CONFLICT DO NOTHING;
INSERT INTO products (product_id, name, description, price, image_url) VALUES (70709, 'Mơ ngâm đường chua ngọt Phan Huệ hộp 850gr 1kg bổ sung vitamin C giảm ho rát họng đặc sản Hà Nội', 'Đặc sản vùng miền chất lượng', 67000, 'https://down-vn.img.susercontent.com/file/vn-11134207-820l4-mgowq1q5ue4r67') ON CONFLICT DO NOTHING;
INSERT INTO inventory (inventory_id, product_id, store_id, stock) VALUES (70903, 70709, 7204, 119) ON CONFLICT DO NOTHING;
INSERT INTO products (product_id, name, description, price, image_url) VALUES (70710, 'Lươn khô chiên giòn siêu thơm ngon lươn sấy khô đặc sản xứ Nghệ không chất bảo quản ship toàn quốc', 'Đặc sản vùng miền chất lượng', 465000, 'https://down-vn.img.susercontent.com/file/vn-11134207-7r98o-luu3qimpyiatfc') ON CONFLICT DO NOTHING;
INSERT INTO inventory (inventory_id, product_id, store_id, stock) VALUES (70904, 70710, 7457, 162) ON CONFLICT DO NOTHING;
INSERT INTO products (product_id, name, description, price, image_url) VALUES (70711, 'Kẹo cu đơ làm thủ công Loại đặc biệt nhiều lạc dẻo ngon mỗi miếng nặng khoảng 200gr', 'Đặc sản vùng miền chất lượng', 28000, 'https://down-vn.img.susercontent.com/file/vn-11134207-7r98o-lnb8y3ef6wvh79') ON CONFLICT DO NOTHING;
INSERT INTO inventory (inventory_id, product_id, store_id, stock) VALUES (70905, 70711, 7458, 141) ON CONFLICT DO NOTHING;
INSERT INTO products (product_id, name, description, price, image_url) VALUES (70712, 'Măng khô đặc sản Thượng Trạch', 'Đặc sản vùng miền chất lượng', 85000, 'https://down-vn.img.susercontent.com/file/vn-11134207-81ztc-mkb6xccy2pkz12') ON CONFLICT DO NOTHING;
INSERT INTO inventory (inventory_id, product_id, store_id, stock) VALUES (70906, 70712, 7459, 83) ON CONFLICT DO NOTHING;
INSERT INTO products (product_id, name, description, price, image_url) VALUES (70713, 'Me ngào đường đặc sản Hòn Sơn, Kiên Giang', 'Đặc sản vùng miền chất lượng', 80000, 'https://down-vn.img.susercontent.com/file/vn-11134207-7ras8-malj103yeq538a') ON CONFLICT DO NOTHING;
INSERT INTO inventory (inventory_id, product_id, store_id, stock) VALUES (70907, 70713, 7460, 86) ON CONFLICT DO NOTHING;
INSERT INTO products (product_id, name, description, price, image_url) VALUES (70714, 'Bánh Xoài, Bánh Thuẫn Nhà Làm – Đặc Sản Quảng Bình, Bánh Ăn Vặt Thơm Ngon, Không Chất Bảo Quản', 'Đặc sản vùng miền chất lượng', 67600, 'https://down-vn.img.susercontent.com/file/vn-11134207-81ztc-mnfkmbzyi9s85d') ON CONFLICT DO NOTHING;
INSERT INTO inventory (inventory_id, product_id, store_id, stock) VALUES (70908, 70714, 7066, 89) ON CONFLICT DO NOTHING;
INSERT INTO products (product_id, name, description, price, image_url) VALUES (70657, 'Khô xương cá bò Sóc Trăng loại đặc biệt giòn ngọt, hút chân không đặc sản Trần Đề phải ăn một lần', 'Đặc sản vùng miền chất lượng', 59000, 'https://down-vn.img.susercontent.com/file/vn-11134207-7r98o-m0c43tx64yjxdd') ON CONFLICT DO NOTHING;
INSERT INTO inventory (inventory_id, product_id, store_id, stock) VALUES (70909, 70657, 7285, 41) ON CONFLICT DO NOTHING;
INSERT INTO products (product_id, name, description, price, image_url) VALUES (70715, 'Khô cá cơm Biển Đông túi 500g, Hải sản khô Đặc sản Nha Trang', 'Đặc sản vùng miền chất lượng', 80000, 'https://down-vn.img.susercontent.com/file/vn-11134207-7ra0g-m8wx69f1c8lj68') ON CONFLICT DO NOTHING;
INSERT INTO inventory (inventory_id, product_id, store_id, stock) VALUES (70910, 70715, 7461, 196) ON CONFLICT DO NOTHING;
INSERT INTO products (product_id, name, description, price, image_url) VALUES (70716, 'Đặc sản bánh PHỞ KHÔ GIA LAI từ 100% gạo, sợi dai phở trộn hai tô (13 - 16 cuộn), có bán tương đen', 'Đặc sản vùng miền chất lượng', 29302, 'https://down-vn.img.susercontent.com/file/vn-11134207-7r98o-ltqhn9cua0wafb') ON CONFLICT DO NOTHING;
INSERT INTO inventory (inventory_id, product_id, store_id, stock) VALUES (70911, 70716, 7462, 189) ON CONFLICT DO NOTHING;
INSERT INTO products (product_id, name, description, price, image_url) VALUES (70717, 'Cốm sữa nho trạm dừng chân Hòa Hưng Đặc sản Phan Thiết 160g', 'Đặc sản vùng miền chất lượng', 35000, 'https://down-vn.img.susercontent.com/file/vn-11134207-81ztc-mm39j31uyhog12') ON CONFLICT DO NOTHING;
INSERT INTO inventory (inventory_id, product_id, store_id, stock) VALUES (70912, 70717, 7463, 184) ON CONFLICT DO NOTHING;
INSERT INTO products (product_id, name, description, price, image_url) VALUES (70718, 'Hạt mắc ca Gia Lai sấy size đại thơm ngon Đặc sản Minh Hương 250g/500g', 'Đặc sản vùng miền chất lượng', 85000, 'https://down-vn.img.susercontent.com/file/vn-11134207-7ra0g-m900grp7xkz2d7') ON CONFLICT DO NOTHING;
INSERT INTO inventory (inventory_id, product_id, store_id, stock) VALUES (70913, 70718, 7207, 88) ON CONFLICT DO NOTHING;
INSERT INTO products (product_id, name, description, price, image_url) VALUES (70719, '[Đặc Sản] Cà Phê Pha Phin Trộn Sẵn - Béo , Thơm bịch 1kg', 'Đặc sản vùng miền chất lượng', 149368, 'https://down-vn.img.susercontent.com/file/vn-11134207-820l4-mfrlfwx9n5e2ff') ON CONFLICT DO NOTHING;
INSERT INTO inventory (inventory_id, product_id, store_id, stock) VALUES (70914, 70719, 7464, 22) ON CONFLICT DO NOTHING;
INSERT INTO products (product_id, name, description, price, image_url) VALUES (70720, 'Bánh Dẻo Cốm Chú Béo 380 Gram (Khay 8 Bánh) - Đặc Sản Quê Hương [TD FOOD]', 'Đặc sản vùng miền chất lượng', 32000, 'https://down-vn.img.susercontent.com/file/vn-11134207-820l4-mfjs3mz7nzt7db') ON CONFLICT DO NOTHING;
INSERT INTO inventory (inventory_id, product_id, store_id, stock) VALUES (70915, 70720, 7291, 107) ON CONFLICT DO NOTHING;
INSERT INTO products (product_id, name, description, price, image_url) VALUES (70721, 'Khô Cá Điêu Hồng - Ướp vị vừa ăn, thơm ngon tự nhiên- Đặc Sản Đồng Tháp', 'Đặc sản vùng miền chất lượng', 135000, 'https://down-vn.img.susercontent.com/file/5817d63414469730095767b862f3eed8') ON CONFLICT DO NOTHING;
INSERT INTO inventory (inventory_id, product_id, store_id, stock) VALUES (70916, 70721, 7434, 40) ON CONFLICT DO NOTHING;
INSERT INTO products (product_id, name, description, price, image_url) VALUES (70722, 'Khô cá mối loại đặc biệt ướp tẩm đường, ớt, tiêu tự nhiên đặc sản Cà Mau Thiên Tú Foods', 'Đặc sản vùng miền chất lượng', 28399, 'https://down-vn.img.susercontent.com/file/vn-11134207-7r98o-llq3xgm1e3mn36') ON CONFLICT DO NOTHING;
INSERT INTO inventory (inventory_id, product_id, store_id, stock) VALUES (70917, 70722, 7006, 59) ON CONFLICT DO NOTHING;
INSERT INTO products (product_id, name, description, price, image_url) VALUES (70723, 'Trà Xanh Đặc Biệt CATECKA đặc sản Gia Lai gói 100g/200g', 'Đặc sản vùng miền chất lượng', 29000, 'https://down-vn.img.susercontent.com/file/vn-11134207-7r98o-lma0ddi12i8v2d') ON CONFLICT DO NOTHING;
INSERT INTO inventory (inventory_id, product_id, store_id, stock) VALUES (70918, 70723, 7465, 75) ON CONFLICT DO NOTHING;
INSERT INTO products (product_id, name, description, price, image_url) VALUES (70724, 'Bánh Đậu Xanh Quê Hương Ăn Kiêng 180g– Đặc Sản Hải Dương, Ngọt Thanh Không Béo, Tan Mịn Hộp 12 thỏi', 'Đặc sản vùng miền chất lượng', 38500, 'https://down-vn.img.susercontent.com/file/vn-11134207-81ztc-mlw070537aise3') ON CONFLICT DO NOTHING;
INSERT INTO inventory (inventory_id, product_id, store_id, stock) VALUES (70919, 70724, 7466, 79) ON CONFLICT DO NOTHING;
INSERT INTO products (product_id, name, description, price, image_url) VALUES (70725, 'Cà phê Đặc sản Volcanic Phin (Hộp giấy) - Thương hiệu Mohodo - Khối lượng 50G', 'Đặc sản vùng miền chất lượng', 113050, 'https://down-vn.img.susercontent.com/file/vn-11134207-820l4-mg7dcv605xc934') ON CONFLICT DO NOTHING;
INSERT INTO inventory (inventory_id, product_id, store_id, stock) VALUES (70920, 70725, 7467, 22) ON CONFLICT DO NOTHING;
INSERT INTO products (product_id, name, description, price, image_url) VALUES (70726, 'KHÔ RUỐC ĐẶC SẢN CÀ MAU (túi 500g)', 'Đặc sản vùng miền chất lượng', 79000, 'https://down-vn.img.susercontent.com/file/vn-11134207-81ztc-mnu0272b88hv9b') ON CONFLICT DO NOTHING;
INSERT INTO inventory (inventory_id, product_id, store_id, stock) VALUES (70921, 70726, 7468, 183) ON CONFLICT DO NOTHING;
INSERT INTO products (product_id, name, description, price, image_url) VALUES (70727, 'Khoai tây lát Đà lạt  sấy rong biển giòn xốp giòn ngon không ngấy 200gr/500g', 'Đặc sản vùng miền chất lượng', 75000, 'https://down-vn.img.susercontent.com/file/vn-11134207-7ras8-mbynh95qx7je80') ON CONFLICT DO NOTHING;
INSERT INTO inventory (inventory_id, product_id, store_id, stock) VALUES (70922, 70727, 7469, 77) ON CONFLICT DO NOTHING;
INSERT INTO products (product_id, name, description, price, image_url) VALUES (70728, 'Bánh sơn trà miếng - món ăn vặt tuổi thơ 208g/bịch', 'Đặc sản vùng miền chất lượng', 78000, 'https://down-vn.img.susercontent.com/file/vn-11134207-81ztc-mlll7w9k19twdd') ON CONFLICT DO NOTHING;
INSERT INTO inventory (inventory_id, product_id, store_id, stock) VALUES (70923, 70728, 7470, 85) ON CONFLICT DO NOTHING;
INSERT INTO products (product_id, name, description, price, image_url) VALUES (70729, 'Cá Chỉ Vàng Sốt Chanh ( ăn liền ) là món ăn ngon của Shop Đặc Sản Biển Phan Thiết NGỌC DŨNG; Hộp 200 gram. HSD 12 tháng', 'Đặc sản vùng miền chất lượng', 68600, 'https://down-vn.img.susercontent.com/file/64998fd37587df1f70ebecdc0a4ed297') ON CONFLICT DO NOTHING;
INSERT INTO inventory (inventory_id, product_id, store_id, stock) VALUES (70924, 70729, 7231, 136) ON CONFLICT DO NOTHING;
INSERT INTO products (product_id, name, description, price, image_url) VALUES (70730, 'CHAO NHỎ MÔN TÂN GIA HOÀ - Hũ 175g - Đặc sản chay nguyên chất', 'Đặc sản vùng miền chất lượng', 12000, 'https://down-vn.img.susercontent.com/file/vn-11134207-81ztc-mnpyxw7e23goa6') ON CONFLICT DO NOTHING;
INSERT INTO inventory (inventory_id, product_id, store_id, stock) VALUES (70925, 70730, 7471, 178) ON CONFLICT DO NOTHING;
INSERT INTO products (product_id, name, description, price, image_url) VALUES (70731, 'Tiêu chín ngào đường hũ 200g đặc sản Phú quốc- Date sx mới nhất', 'Đặc sản vùng miền chất lượng', 22000, 'https://down-vn.img.susercontent.com/file/sg-11134201-7rep2-m843rswu1ne131') ON CONFLICT DO NOTHING;
INSERT INTO inventory (inventory_id, product_id, store_id, stock) VALUES (70926, 70731, 7472, 125) ON CONFLICT DO NOTHING;
INSERT INTO products (product_id, name, description, price, image_url) VALUES (70059, '[COMBO 8 SẢN PHẨM] Bánh Ép Huế vị BBQ, Gà, Tép - Đặc sản Huế Chính Gốc, Thơm, Giòn Rụm, Hue One Food', 'Đặc sản vùng miền chất lượng', 131999, 'https://down-vn.img.susercontent.com/file/vn-11134207-820l4-mjjp6yhux69wa6') ON CONFLICT DO NOTHING;
INSERT INTO inventory (inventory_id, product_id, store_id, stock) VALUES (70927, 70059, 7054, 170) ON CONFLICT DO NOTHING;
INSERT INTO products (product_id, name, description, price, image_url) VALUES (70060, 'Bánh ép Hue One Food vị hải sản tôm thịt hộp nhỏ 40g thơm ngon giòn rụm', 'Đặc sản vùng miền chất lượng', 79350, 'https://down-vn.img.susercontent.com/file/vn-11134207-7ras8-m418zmb6cs0f44') ON CONFLICT DO NOTHING;
INSERT INTO inventory (inventory_id, product_id, store_id, stock) VALUES (70928, 70060, 7054, 146) ON CONFLICT DO NOTHING;
INSERT INTO products (product_id, name, description, price, image_url) VALUES (70061, 'Bánh ép Hue One Food Vị Hải Sản Tôm Thịt hộp lớn 65g thơm ngon giòn rụm Đặc Sản Cố Đô', 'Đặc sản vùng miền chất lượng', 120750, 'https://down-vn.img.susercontent.com/file/vn-11134207-7ra0g-maapfwrj1gmj72') ON CONFLICT DO NOTHING;
INSERT INTO inventory (inventory_id, product_id, store_id, stock) VALUES (70929, 70061, 7054, 45) ON CONFLICT DO NOTHING;
INSERT INTO products (product_id, name, description, price, image_url) VALUES (70732, '1 Bịch 5 Cái Bánh Nướng, Bánh Dẻo Thập Cẩm Minh Thắng Vị Cổ Truyền Nam Định _Đặc Sản Quê Hương _Hồng Nhung Food', 'Đặc sản vùng miền chất lượng', 30000, 'https://down-vn.img.susercontent.com/file/sg-11134201-7rdym-lzbu9dbmcqk478') ON CONFLICT DO NOTHING;
INSERT INTO inventory (inventory_id, product_id, store_id, stock) VALUES (70930, 70732, 7401, 105) ON CONFLICT DO NOTHING;
INSERT INTO products (product_id, name, description, price, image_url) VALUES (70733, 'Khô cá dứa 3 nắng 1kg ngon đặc biệt cá dày thịt chế biến thủ công phơi nắng tự nhiên siêu ngon Mekong Foods', 'Đặc sản vùng miền chất lượng', 44000, 'https://down-vn.img.susercontent.com/file/vn-11134207-7r98o-lza5wprbcyml98') ON CONFLICT DO NOTHING;
INSERT INTO inventory (inventory_id, product_id, store_id, stock) VALUES (70931, 70733, 7473, 43) ON CONFLICT DO NOTHING;
INSERT INTO products (product_id, name, description, price, image_url) VALUES (70734, 'bánh đa nem đặc sản hà tĩnh 200g (40 lá ),bánh ram giòn giùm', 'Đặc sản vùng miền chất lượng', 19000, 'https://down-vn.img.susercontent.com/file/vn-11134207-81ztc-mnwbt93ll72c64') ON CONFLICT DO NOTHING;
INSERT INTO inventory (inventory_id, product_id, store_id, stock) VALUES (70932, 70734, 7474, 67) ON CONFLICT DO NOTHING;
INSERT INTO products (product_id, name, description, price, image_url) VALUES (70728, 'Bánh sơn trà miếng - món ăn vặt tuổi thơ 208g/bịch', 'Đặc sản vùng miền chất lượng', 78000, 'https://down-vn.img.susercontent.com/file/vn-11134207-81ztc-mlll7w9k19twdd') ON CONFLICT DO NOTHING;
INSERT INTO inventory (inventory_id, product_id, store_id, stock) VALUES (70933, 70728, 7470, 106) ON CONFLICT DO NOTHING;
INSERT INTO products (product_id, name, description, price, image_url) VALUES (70706, 'Ganyuan official Khoai lang sấy dẻo thơm ngon, đóng gói riêng, vị nguyên chất không chất phụ gia dried snacks', 'Đặc sản vùng miền chất lượng', 59000, 'https://down-vn.img.susercontent.com/file/cn-11134207-820l4-mlahe6tqzfnkb2') ON CONFLICT DO NOTHING;
INSERT INTO inventory (inventory_id, product_id, store_id, stock) VALUES (70934, 70706, 7456, 86) ON CONFLICT DO NOTHING;
INSERT INTO products (product_id, name, description, price, image_url) VALUES (70716, 'Đặc sản bánh PHỞ KHÔ GIA LAI từ 100% gạo, sợi dai phở trộn hai tô (13 - 16 cuộn), có bán tương đen', 'Đặc sản vùng miền chất lượng', 29302, 'https://down-vn.img.susercontent.com/file/vn-11134207-7r98o-ltqhn9cua0wafb') ON CONFLICT DO NOTHING;
INSERT INTO inventory (inventory_id, product_id, store_id, stock) VALUES (70935, 70716, 7462, 54) ON CONFLICT DO NOTHING;
INSERT INTO products (product_id, name, description, price, image_url) VALUES (70735, '10 Bánh xu xuê Hàng Than ngũ sắc đặc sản Hà Nội', 'Đặc sản vùng miền chất lượng', 85000, 'https://down-vn.img.susercontent.com/file/vn-11134207-7r98o-lvbbzccsv7fo32') ON CONFLICT DO NOTHING;
INSERT INTO inventory (inventory_id, product_id, store_id, stock) VALUES (70936, 70735, 7475, 40) ON CONFLICT DO NOTHING;
INSERT INTO products (product_id, name, description, price, image_url) VALUES (70717, 'Cốm sữa nho trạm dừng chân Hòa Hưng Đặc sản Phan Thiết 160g', 'Đặc sản vùng miền chất lượng', 35000, 'https://down-vn.img.susercontent.com/file/vn-11134207-81ztc-mm39j31uyhog12') ON CONFLICT DO NOTHING;
INSERT INTO inventory (inventory_id, product_id, store_id, stock) VALUES (70937, 70717, 7463, 38) ON CONFLICT DO NOTHING;
INSERT INTO products (product_id, name, description, price, image_url) VALUES (70736, 'Kẹo Hương Thập Cẩm Dẻo Đặc Sản Đà Lạt Dẻo Dai, Thơm Ngọt - Sohan Food', 'Đặc sản vùng miền chất lượng', 53000, 'https://down-vn.img.susercontent.com/file/vn-11134207-81ztc-mn9w0brjiebp80') ON CONFLICT DO NOTHING;
INSERT INTO inventory (inventory_id, product_id, store_id, stock) VALUES (70938, 70736, 7112, 66) ON CONFLICT DO NOTHING;
INSERT INTO products (product_id, name, description, price, image_url) VALUES (70727, 'Khoai tây lát Đà lạt  sấy rong biển giòn xốp giòn ngon không ngấy 200gr/500g', 'Đặc sản vùng miền chất lượng', 75000, 'https://down-vn.img.susercontent.com/file/vn-11134207-7ras8-mbynh95qx7je80') ON CONFLICT DO NOTHING;
INSERT INTO inventory (inventory_id, product_id, store_id, stock) VALUES (70939, 70727, 7469, 120) ON CONFLICT DO NOTHING;
INSERT INTO products (product_id, name, description, price, image_url) VALUES (70737, 'Trà Thái Nguyên Thượng Hạng, 500gr Trà Móc Câu Đặc Sản - Trà Tân Cương Hoàng Anh', 'Đặc sản vùng miền chất lượng', 39000, 'https://down-vn.img.susercontent.com/file/vn-11134207-7ras8-m3lvjoa0eld490') ON CONFLICT DO NOTHING;
INSERT INTO inventory (inventory_id, product_id, store_id, stock) VALUES (70940, 70737, 7476, 55) ON CONFLICT DO NOTHING;
INSERT INTO products (product_id, name, description, price, image_url) VALUES (70738, 'Đậu ván nguyên hạt loại 1, đặc sản từ vùng đất Quảng Nam', 'Đặc sản vùng miền chất lượng', 23000, 'https://down-vn.img.susercontent.com/file/vn-11134207-820l4-mexrqwyqg0eb2b') ON CONFLICT DO NOTHING;
INSERT INTO inventory (inventory_id, product_id, store_id, stock) VALUES (70941, 70738, 7477, 117) ON CONFLICT DO NOTHING;
INSERT INTO products (product_id, name, description, price, image_url) VALUES (70739, 'Bánh Đậu Xanh Khô Nướng Gói 20 Cái Thơm Ngon Béo Bùi Đặc Sản Nha Trang', 'Đặc sản vùng miền chất lượng', 34650, 'https://down-vn.img.susercontent.com/file/vn-11134207-7r98o-ltrsti1js5ca37') ON CONFLICT DO NOTHING;
INSERT INTO inventory (inventory_id, product_id, store_id, stock) VALUES (70942, 70739, 7070, 49) ON CONFLICT DO NOTHING;
INSERT INTO products (product_id, name, description, price, image_url) VALUES (70740, 'Bào ngư khô  - Món hải sản nhiều bổ dưỡng ( gói 50 gam )', 'Đặc sản vùng miền chất lượng', 75000, 'https://down-vn.img.susercontent.com/file/vn-11134201-7qukw-lhkat3l2i26dc4') ON CONFLICT DO NOTHING;
INSERT INTO inventory (inventory_id, product_id, store_id, stock) VALUES (70943, 70740, 7478, 153) ON CONFLICT DO NOTHING;
INSERT INTO products (product_id, name, description, price, image_url) VALUES (70741, 'đặc sản môn chua ( 1 kg )', 'Đặc sản vùng miền chất lượng', 42000, 'https://down-vn.img.susercontent.com/file/19e77c04af74c7599731800eb1d62a39') ON CONFLICT DO NOTHING;
INSERT INTO inventory (inventory_id, product_id, store_id, stock) VALUES (70944, 70741, 7479, 113) ON CONFLICT DO NOTHING;
INSERT INTO products (product_id, name, description, price, image_url) VALUES (70000, 'Hũ 500gr Mắm Cá Cơm O Dung Đặc Sản Huế Vị Mắm Dễ Ăn Phù Hợp Mọi Lứa Tuổi', 'Đặc sản vùng miền chất lượng', 59999, 'https://down-vn.img.susercontent.com/file/vn-11134207-81ztc-mnxodje8c0zq57') ON CONFLICT DO NOTHING;
INSERT INTO inventory (inventory_id, product_id, store_id, stock) VALUES (70945, 70000, 7000, 80) ON CONFLICT DO NOTHING;
INSERT INTO products (product_id, name, description, price, image_url) VALUES (70123, '[Chai 500ml] Mắm Nêm Pha Sẵn Chai Xay Nhuyễn Gia Vị Vừa Ăn Tiện Lợi Đặc Sản Đà Nẵng', 'Đặc sản vùng miền chất lượng', 59000, 'https://down-vn.img.susercontent.com/file/vn-11134207-81ztc-mnwc8x4wfsw58d') ON CONFLICT DO NOTHING;
INSERT INTO inventory (inventory_id, product_id, store_id, stock) VALUES (70946, 70123, 7000, 141) ON CONFLICT DO NOTHING;
INSERT INTO products (product_id, name, description, price, image_url) VALUES (70178, '[1kg] Mắm Tôm Riềng Chua Cay Huế O Dung Chuẩn Vị Mắm Huế Hương Vị Dễ Ăn', 'Đặc sản vùng miền chất lượng', 139000, 'https://down-vn.img.susercontent.com/file/vn-11134207-81ztc-mnwacjxemadga8') ON CONFLICT DO NOTHING;
INSERT INTO inventory (inventory_id, product_id, store_id, stock) VALUES (70947, 70178, 7000, 126) ON CONFLICT DO NOTHING;
INSERT INTO products (product_id, name, description, price, image_url) VALUES (70000, 'Hũ 500gr Mắm Cá Cơm O Dung Đặc Sản Huế Vị Mắm Dễ Ăn Phù Hợp Mọi Lứa Tuổi', 'Đặc sản vùng miền chất lượng', 59999, 'https://down-vn.img.susercontent.com/file/vn-11134207-81ztc-mnxodje8c0zq57') ON CONFLICT DO NOTHING;
INSERT INTO inventory (inventory_id, product_id, store_id, stock) VALUES (70948, 70000, 7000, 63) ON CONFLICT DO NOTHING;
INSERT INTO products (product_id, name, description, price, image_url) VALUES (70415, '[Hũ 1kg] Mắm Cá Rò O Dung Mắm Ngon Đầu Mùa Đậm Đà Mắm Chuẩn Gia Vị Truyền Thống Huế', 'Đặc sản vùng miền chất lượng', 89999, 'https://down-vn.img.susercontent.com/file/vn-11134207-81ztc-mnwbrjab826c1f') ON CONFLICT DO NOTHING;
INSERT INTO inventory (inventory_id, product_id, store_id, stock) VALUES (70949, 70415, 7000, 174) ON CONFLICT DO NOTHING;
INSERT INTO products (product_id, name, description, price, image_url) VALUES (70123, '[Chai 500ml] Mắm Nêm Pha Sẵn Chai Xay Nhuyễn Gia Vị Vừa Ăn Tiện Lợi Đặc Sản Đà Nẵng', 'Đặc sản vùng miền chất lượng', 59000, 'https://down-vn.img.susercontent.com/file/vn-11134207-81ztc-mnwc8x4wfsw58d') ON CONFLICT DO NOTHING;
INSERT INTO inventory (inventory_id, product_id, store_id, stock) VALUES (70950, 70123, 7000, 116) ON CONFLICT DO NOTHING;
INSERT INTO products (product_id, name, description, price, image_url) VALUES (70000, 'Hũ 500gr Mắm Cá Cơm O Dung Đặc Sản Huế Vị Mắm Dễ Ăn Phù Hợp Mọi Lứa Tuổi', 'Đặc sản vùng miền chất lượng', 59999, 'https://down-vn.img.susercontent.com/file/vn-11134207-81ztc-mnxodje8c0zq57') ON CONFLICT DO NOTHING;
INSERT INTO inventory (inventory_id, product_id, store_id, stock) VALUES (70951, 70000, 7000, 69) ON CONFLICT DO NOTHING;
INSERT INTO products (product_id, name, description, price, image_url) VALUES (70179, '[Hũ 1Kg] Mắm Dưa Đu Đủ Cà Pháo Thập Cẩm Gia Vị Vừa Ăn Chuẩn Vị Mắm Huế O Dung', 'Đặc sản vùng miền chất lượng', 89999, 'https://down-vn.img.susercontent.com/file/vn-11134207-81ztc-mnxoi5pzsbgob8') ON CONFLICT DO NOTHING;
INSERT INTO inventory (inventory_id, product_id, store_id, stock) VALUES (70952, 70179, 7000, 99) ON CONFLICT DO NOTHING;
INSERT INTO products (product_id, name, description, price, image_url) VALUES (70415, '[Hũ 1kg] Mắm Cá Rò O Dung Mắm Ngon Đầu Mùa Đậm Đà Mắm Chuẩn Gia Vị Truyền Thống Huế', 'Đặc sản vùng miền chất lượng', 89999, 'https://down-vn.img.susercontent.com/file/vn-11134207-81ztc-mnwbrjab826c1f') ON CONFLICT DO NOTHING;
INSERT INTO inventory (inventory_id, product_id, store_id, stock) VALUES (70953, 70415, 7000, 71) ON CONFLICT DO NOTHING;
INSERT INTO products (product_id, name, description, price, image_url) VALUES (70122, '[Hũ 400gr] Mắm Ruốc Ăn Liền Đặc Sản Mắm Huế Nguyên Chất Loại 1 Mắm Huế O Dung Chuẩn Vị Huế', 'Đặc sản vùng miền chất lượng', 69500, 'https://down-vn.img.susercontent.com/file/vn-11134207-81ztc-mnwe779vg83m13') ON CONFLICT DO NOTHING;
INSERT INTO inventory (inventory_id, product_id, store_id, stock) VALUES (70954, 70122, 7000, 174) ON CONFLICT DO NOTHING;
INSERT INTO products (product_id, name, description, price, image_url) VALUES (70179, '[Hũ 1Kg] Mắm Dưa Đu Đủ Cà Pháo Thập Cẩm Gia Vị Vừa Ăn Chuẩn Vị Mắm Huế O Dung', 'Đặc sản vùng miền chất lượng', 89999, 'https://down-vn.img.susercontent.com/file/vn-11134207-81ztc-mnxoi5pzsbgob8') ON CONFLICT DO NOTHING;
INSERT INTO inventory (inventory_id, product_id, store_id, stock) VALUES (70955, 70179, 7000, 103) ON CONFLICT DO NOTHING;
INSERT INTO products (product_id, name, description, price, image_url) VALUES (70415, '[Hũ 1kg] Mắm Cá Rò O Dung Mắm Ngon Đầu Mùa Đậm Đà Mắm Chuẩn Gia Vị Truyền Thống Huế', 'Đặc sản vùng miền chất lượng', 89999, 'https://down-vn.img.susercontent.com/file/vn-11134207-81ztc-mnwbrjab826c1f') ON CONFLICT DO NOTHING;
INSERT INTO inventory (inventory_id, product_id, store_id, stock) VALUES (70956, 70415, 7000, 188) ON CONFLICT DO NOTHING;
INSERT INTO products (product_id, name, description, price, image_url) VALUES (70226, '500g Vải Thiều Sấy Lục Ngạn – Đặc Sản Bắc Giang, Trái Cây Sấy Dẻo Tự Nhiên, Ngon Bổ Dưỡng', 'Đặc sản vùng miền chất lượng', 63564, 'https://down-vn.img.susercontent.com/file/vn-11134207-820l4-mdzlzh0hdds3a1') ON CONFLICT DO NOTHING;
INSERT INTO inventory (inventory_id, product_id, store_id, stock) VALUES (70957, 70226, 7170, 26) ON CONFLICT DO NOTHING;
INSERT INTO products (product_id, name, description, price, image_url) VALUES (70227, '300G Vải Thiều Sấy Lục Ngạn giá tốt– Đặc Sản Bắc Giang, Trái Cây Sấy Dẻo Tự Nhiên, Ngon Bổ Dưỡng', 'Đặc sản vùng miền chất lượng', 53000, 'https://down-vn.img.susercontent.com/file/vn-11134207-820l4-mdzlzh0hdds3a1') ON CONFLICT DO NOTHING;
INSERT INTO inventory (inventory_id, product_id, store_id, stock) VALUES (70958, 70227, 7170, 160) ON CONFLICT DO NOTHING;
INSERT INTO products (product_id, name, description, price, image_url) VALUES (70228, 'Cà Phê Chồn | Rang Mộc Nguyên Chất, Hạt & Bột – Đặc Sản Cao Cấp Việt Nam', 'Đặc sản vùng miền chất lượng', 74000, 'https://down-vn.img.susercontent.com/file/vn-11134207-81ztc-mnf59ha9yl1ib2') ON CONFLICT DO NOTHING;
INSERT INTO inventory (inventory_id, product_id, store_id, stock) VALUES (70959, 70228, 7170, 197) ON CONFLICT DO NOTHING;
INSERT INTO products (product_id, name, description, price, image_url) VALUES (70226, '500g Vải Thiều Sấy Lục Ngạn – Đặc Sản Bắc Giang, Trái Cây Sấy Dẻo Tự Nhiên, Ngon Bổ Dưỡng', 'Đặc sản vùng miền chất lượng', 63564, 'https://down-vn.img.susercontent.com/file/vn-11134207-820l4-mdzlzh0hdds3a1') ON CONFLICT DO NOTHING;
INSERT INTO inventory (inventory_id, product_id, store_id, stock) VALUES (70960, 70226, 7170, 35) ON CONFLICT DO NOTHING;
INSERT INTO products (product_id, name, description, price, image_url) VALUES (70227, '300G Vải Thiều Sấy Lục Ngạn giá tốt– Đặc Sản Bắc Giang, Trái Cây Sấy Dẻo Tự Nhiên, Ngon Bổ Dưỡng', 'Đặc sản vùng miền chất lượng', 53000, 'https://down-vn.img.susercontent.com/file/vn-11134207-820l4-mdzlzh0hdds3a1') ON CONFLICT DO NOTHING;
INSERT INTO inventory (inventory_id, product_id, store_id, stock) VALUES (70961, 70227, 7170, 73) ON CONFLICT DO NOTHING;
INSERT INTO products (product_id, name, description, price, image_url) VALUES (70228, 'Cà Phê Chồn | Rang Mộc Nguyên Chất, Hạt & Bột – Đặc Sản Cao Cấp Việt Nam', 'Đặc sản vùng miền chất lượng', 74000, 'https://down-vn.img.susercontent.com/file/vn-11134207-81ztc-mnf59ha9yl1ib2') ON CONFLICT DO NOTHING;
INSERT INTO inventory (inventory_id, product_id, store_id, stock) VALUES (70962, 70228, 7170, 25) ON CONFLICT DO NOTHING;
INSERT INTO products (product_id, name, description, price, image_url) VALUES (70226, '500g Vải Thiều Sấy Lục Ngạn – Đặc Sản Bắc Giang, Trái Cây Sấy Dẻo Tự Nhiên, Ngon Bổ Dưỡng', 'Đặc sản vùng miền chất lượng', 63564, 'https://down-vn.img.susercontent.com/file/vn-11134207-820l4-mdzlzh0hdds3a1') ON CONFLICT DO NOTHING;
INSERT INTO inventory (inventory_id, product_id, store_id, stock) VALUES (70963, 70226, 7170, 81) ON CONFLICT DO NOTHING;
INSERT INTO products (product_id, name, description, price, image_url) VALUES (70227, '300G Vải Thiều Sấy Lục Ngạn giá tốt– Đặc Sản Bắc Giang, Trái Cây Sấy Dẻo Tự Nhiên, Ngon Bổ Dưỡng', 'Đặc sản vùng miền chất lượng', 53000, 'https://down-vn.img.susercontent.com/file/vn-11134207-820l4-mdzlzh0hdds3a1') ON CONFLICT DO NOTHING;
INSERT INTO inventory (inventory_id, product_id, store_id, stock) VALUES (70964, 70227, 7170, 122) ON CONFLICT DO NOTHING;
INSERT INTO products (product_id, name, description, price, image_url) VALUES (70228, 'Cà Phê Chồn | Rang Mộc Nguyên Chất, Hạt & Bột – Đặc Sản Cao Cấp Việt Nam', 'Đặc sản vùng miền chất lượng', 74000, 'https://down-vn.img.susercontent.com/file/vn-11134207-81ztc-mnf59ha9yl1ib2') ON CONFLICT DO NOTHING;
INSERT INTO inventory (inventory_id, product_id, store_id, stock) VALUES (70965, 70228, 7170, 123) ON CONFLICT DO NOTHING;
INSERT INTO products (product_id, name, description, price, image_url) VALUES (70059, '[COMBO 8 SẢN PHẨM] Bánh Ép Huế vị BBQ, Gà, Tép - Đặc sản Huế Chính Gốc, Thơm, Giòn Rụm, Hue One Food', 'Đặc sản vùng miền chất lượng', 131999, 'https://down-vn.img.susercontent.com/file/vn-11134207-820l4-mjjp6yhux69wa6') ON CONFLICT DO NOTHING;
INSERT INTO inventory (inventory_id, product_id, store_id, stock) VALUES (70966, 70059, 7054, 65) ON CONFLICT DO NOTHING;
INSERT INTO products (product_id, name, description, price, image_url) VALUES (70061, 'Bánh ép Hue One Food Vị Hải Sản Tôm Thịt hộp lớn 65g thơm ngon giòn rụm Đặc Sản Cố Đô', 'Đặc sản vùng miền chất lượng', 120750, 'https://down-vn.img.susercontent.com/file/vn-11134207-7ra0g-maapfwrj1gmj72') ON CONFLICT DO NOTHING;
INSERT INTO inventory (inventory_id, product_id, store_id, stock) VALUES (70967, 70061, 7054, 180) ON CONFLICT DO NOTHING;
INSERT INTO products (product_id, name, description, price, image_url) VALUES (70531, 'Bánh Ép Huế vị BBQ 65g, Siêu Phẩm Giòn Tan, Đậm Vị Quê Hương. Ăn là ghiền ngay!', 'Đặc sản vùng miền chất lượng', 103500, 'https://down-vn.img.susercontent.com/file/vn-11134207-7ras8-m418l2wu7e2v5f') ON CONFLICT DO NOTHING;
INSERT INTO inventory (inventory_id, product_id, store_id, stock) VALUES (70968, 70531, 7054, 57) ON CONFLICT DO NOTHING;
INSERT INTO products (product_id, name, description, price, image_url) VALUES (70059, '[COMBO 8 SẢN PHẨM] Bánh Ép Huế vị BBQ, Gà, Tép - Đặc sản Huế Chính Gốc, Thơm, Giòn Rụm, Hue One Food', 'Đặc sản vùng miền chất lượng', 131999, 'https://down-vn.img.susercontent.com/file/vn-11134207-820l4-mjjp6yhux69wa6') ON CONFLICT DO NOTHING;
INSERT INTO inventory (inventory_id, product_id, store_id, stock) VALUES (70969, 70059, 7054, 54) ON CONFLICT DO NOTHING;
INSERT INTO products (product_id, name, description, price, image_url) VALUES (70060, 'Bánh ép Hue One Food vị hải sản tôm thịt hộp nhỏ 40g thơm ngon giòn rụm', 'Đặc sản vùng miền chất lượng', 79350, 'https://down-vn.img.susercontent.com/file/vn-11134207-7ras8-m418zmb6cs0f44') ON CONFLICT DO NOTHING;
INSERT INTO inventory (inventory_id, product_id, store_id, stock) VALUES (70970, 70060, 7054, 115) ON CONFLICT DO NOTHING;
INSERT INTO products (product_id, name, description, price, image_url) VALUES (70061, 'Bánh ép Hue One Food Vị Hải Sản Tôm Thịt hộp lớn 65g thơm ngon giòn rụm Đặc Sản Cố Đô', 'Đặc sản vùng miền chất lượng', 120750, 'https://down-vn.img.susercontent.com/file/vn-11134207-7ra0g-maapfwrj1gmj72') ON CONFLICT DO NOTHING;
INSERT INTO inventory (inventory_id, product_id, store_id, stock) VALUES (70971, 70061, 7054, 43) ON CONFLICT DO NOTHING;
INSERT INTO products (product_id, name, description, price, image_url) VALUES (70059, '[COMBO 8 SẢN PHẨM] Bánh Ép Huế vị BBQ, Gà, Tép - Đặc sản Huế Chính Gốc, Thơm, Giòn Rụm, Hue One Food', 'Đặc sản vùng miền chất lượng', 131999, 'https://down-vn.img.susercontent.com/file/vn-11134207-820l4-mjjp6yhux69wa6') ON CONFLICT DO NOTHING;
INSERT INTO inventory (inventory_id, product_id, store_id, stock) VALUES (70972, 70059, 7054, 140) ON CONFLICT DO NOTHING;
INSERT INTO products (product_id, name, description, price, image_url) VALUES (70060, 'Bánh ép Hue One Food vị hải sản tôm thịt hộp nhỏ 40g thơm ngon giòn rụm', 'Đặc sản vùng miền chất lượng', 79350, 'https://down-vn.img.susercontent.com/file/vn-11134207-7ras8-m418zmb6cs0f44') ON CONFLICT DO NOTHING;
INSERT INTO inventory (inventory_id, product_id, store_id, stock) VALUES (70973, 70060, 7054, 39) ON CONFLICT DO NOTHING;
INSERT INTO products (product_id, name, description, price, image_url) VALUES (70061, 'Bánh ép Hue One Food Vị Hải Sản Tôm Thịt hộp lớn 65g thơm ngon giòn rụm Đặc Sản Cố Đô', 'Đặc sản vùng miền chất lượng', 120750, 'https://down-vn.img.susercontent.com/file/vn-11134207-7ra0g-maapfwrj1gmj72') ON CONFLICT DO NOTHING;
INSERT INTO inventory (inventory_id, product_id, store_id, stock) VALUES (70974, 70061, 7054, 129) ON CONFLICT DO NOTHING;
INSERT INTO products (product_id, name, description, price, image_url) VALUES (70059, '[COMBO 8 SẢN PHẨM] Bánh Ép Huế vị BBQ, Gà, Tép - Đặc sản Huế Chính Gốc, Thơm, Giòn Rụm, Hue One Food', 'Đặc sản vùng miền chất lượng', 131999, 'https://down-vn.img.susercontent.com/file/vn-11134207-820l4-mjjp6yhux69wa6') ON CONFLICT DO NOTHING;
INSERT INTO inventory (inventory_id, product_id, store_id, stock) VALUES (70975, 70059, 7054, 143) ON CONFLICT DO NOTHING;
INSERT INTO products (product_id, name, description, price, image_url) VALUES (70531, 'Bánh Ép Huế vị BBQ 65g, Siêu Phẩm Giòn Tan, Đậm Vị Quê Hương. Ăn là ghiền ngay!', 'Đặc sản vùng miền chất lượng', 103500, 'https://down-vn.img.susercontent.com/file/vn-11134207-7ras8-m418l2wu7e2v5f') ON CONFLICT DO NOTHING;
INSERT INTO inventory (inventory_id, product_id, store_id, stock) VALUES (70976, 70531, 7054, 160) ON CONFLICT DO NOTHING;
INSERT INTO products (product_id, name, description, price, image_url) VALUES (70060, 'Bánh ép Hue One Food vị hải sản tôm thịt hộp nhỏ 40g thơm ngon giòn rụm', 'Đặc sản vùng miền chất lượng', 79350, 'https://down-vn.img.susercontent.com/file/vn-11134207-7ras8-m418zmb6cs0f44') ON CONFLICT DO NOTHING;
INSERT INTO inventory (inventory_id, product_id, store_id, stock) VALUES (70977, 70060, 7054, 30) ON CONFLICT DO NOTHING;
INSERT INTO products (product_id, name, description, price, image_url) VALUES (70122, '[Hũ 400gr] Mắm Ruốc Ăn Liền Đặc Sản Mắm Huế Nguyên Chất Loại 1 Mắm Huế O Dung Chuẩn Vị Huế', 'Đặc sản vùng miền chất lượng', 69500, 'https://down-vn.img.susercontent.com/file/vn-11134207-81ztc-mnwe779vg83m13') ON CONFLICT DO NOTHING;
INSERT INTO inventory (inventory_id, product_id, store_id, stock) VALUES (70978, 70122, 7000, 43) ON CONFLICT DO NOTHING;
INSERT INTO products (product_id, name, description, price, image_url) VALUES (70675, '[Hũ 400gr] Mắm Ruốc Huế Ăn Liền O Dung Nguyên Chất Loại 1 Đặc Sản Huế', 'Đặc sản vùng miền chất lượng', 79000, 'https://down-vn.img.susercontent.com/file/vn-11134207-81ztc-mnwe8twxmdqc4b') ON CONFLICT DO NOTHING;
INSERT INTO inventory (inventory_id, product_id, store_id, stock) VALUES (70979, 70675, 7000, 185) ON CONFLICT DO NOTHING;
INSERT INTO products (product_id, name, description, price, image_url) VALUES (70123, '[Chai 500ml] Mắm Nêm Pha Sẵn Chai Xay Nhuyễn Gia Vị Vừa Ăn Tiện Lợi Đặc Sản Đà Nẵng', 'Đặc sản vùng miền chất lượng', 59000, 'https://down-vn.img.susercontent.com/file/vn-11134207-81ztc-mnwc8x4wfsw58d') ON CONFLICT DO NOTHING;
INSERT INTO inventory (inventory_id, product_id, store_id, stock) VALUES (70980, 70123, 7000, 129) ON CONFLICT DO NOTHING;
INSERT INTO products (product_id, name, description, price, image_url) VALUES (70226, '500g Vải Thiều Sấy Lục Ngạn – Đặc Sản Bắc Giang, Trái Cây Sấy Dẻo Tự Nhiên, Ngon Bổ Dưỡng', 'Đặc sản vùng miền chất lượng', 63564, 'https://down-vn.img.susercontent.com/file/vn-11134207-820l4-mdzlzh0hdds3a1') ON CONFLICT DO NOTHING;
INSERT INTO inventory (inventory_id, product_id, store_id, stock) VALUES (70981, 70226, 7170, 47) ON CONFLICT DO NOTHING;
INSERT INTO products (product_id, name, description, price, image_url) VALUES (70227, '300G Vải Thiều Sấy Lục Ngạn giá tốt– Đặc Sản Bắc Giang, Trái Cây Sấy Dẻo Tự Nhiên, Ngon Bổ Dưỡng', 'Đặc sản vùng miền chất lượng', 53000, 'https://down-vn.img.susercontent.com/file/vn-11134207-820l4-mdzlzh0hdds3a1') ON CONFLICT DO NOTHING;
INSERT INTO inventory (inventory_id, product_id, store_id, stock) VALUES (70982, 70227, 7170, 181) ON CONFLICT DO NOTHING;
INSERT INTO products (product_id, name, description, price, image_url) VALUES (70228, 'Cà Phê Chồn | Rang Mộc Nguyên Chất, Hạt & Bột – Đặc Sản Cao Cấp Việt Nam', 'Đặc sản vùng miền chất lượng', 74000, 'https://down-vn.img.susercontent.com/file/vn-11134207-81ztc-mnf59ha9yl1ib2') ON CONFLICT DO NOTHING;
INSERT INTO inventory (inventory_id, product_id, store_id, stock) VALUES (70983, 70228, 7170, 136) ON CONFLICT DO NOTHING;
INSERT INTO products (product_id, name, description, price, image_url) VALUES (70122, '[Hũ 400gr] Mắm Ruốc Ăn Liền Đặc Sản Mắm Huế Nguyên Chất Loại 1 Mắm Huế O Dung Chuẩn Vị Huế', 'Đặc sản vùng miền chất lượng', 69500, 'https://down-vn.img.susercontent.com/file/vn-11134207-81ztc-mnwe779vg83m13') ON CONFLICT DO NOTHING;
INSERT INTO inventory (inventory_id, product_id, store_id, stock) VALUES (70984, 70122, 7000, 162) ON CONFLICT DO NOTHING;
INSERT INTO products (product_id, name, description, price, image_url) VALUES (70123, '[Chai 500ml] Mắm Nêm Pha Sẵn Chai Xay Nhuyễn Gia Vị Vừa Ăn Tiện Lợi Đặc Sản Đà Nẵng', 'Đặc sản vùng miền chất lượng', 59000, 'https://down-vn.img.susercontent.com/file/vn-11134207-81ztc-mnwc8x4wfsw58d') ON CONFLICT DO NOTHING;
INSERT INTO inventory (inventory_id, product_id, store_id, stock) VALUES (70985, 70123, 7000, 77) ON CONFLICT DO NOTHING;
INSERT INTO products (product_id, name, description, price, image_url) VALUES (70742, '[500gr] Mắm Dưa Đu Đủ Cà Pháo Thập Cẩm Chuẩn Vị Mắm Huế O Dung Gia Vị Đậm Đà Dễ Ăn Tiện Lợi', 'Đặc sản vùng miền chất lượng', 79000, 'https://down-vn.img.susercontent.com/file/vn-11134207-81ztc-mnxohqm3a1a99f') ON CONFLICT DO NOTHING;
INSERT INTO inventory (inventory_id, product_id, store_id, stock) VALUES (70986, 70742, 7000, 188) ON CONFLICT DO NOTHING;
INSERT INTO products (product_id, name, description, price, image_url) VALUES (70059, '[COMBO 8 SẢN PHẨM] Bánh Ép Huế vị BBQ, Gà, Tép - Đặc sản Huế Chính Gốc, Thơm, Giòn Rụm, Hue One Food', 'Đặc sản vùng miền chất lượng', 131999, 'https://down-vn.img.susercontent.com/file/vn-11134207-820l4-mjjp6yhux69wa6') ON CONFLICT DO NOTHING;
INSERT INTO inventory (inventory_id, product_id, store_id, stock) VALUES (70987, 70059, 7054, 65) ON CONFLICT DO NOTHING;
INSERT INTO products (product_id, name, description, price, image_url) VALUES (70531, 'Bánh Ép Huế vị BBQ 65g, Siêu Phẩm Giòn Tan, Đậm Vị Quê Hương. Ăn là ghiền ngay!', 'Đặc sản vùng miền chất lượng', 103500, 'https://down-vn.img.susercontent.com/file/vn-11134207-7ras8-m418l2wu7e2v5f') ON CONFLICT DO NOTHING;
INSERT INTO inventory (inventory_id, product_id, store_id, stock) VALUES (70988, 70531, 7054, 57) ON CONFLICT DO NOTHING;
INSERT INTO products (product_id, name, description, price, image_url) VALUES (70060, 'Bánh ép Hue One Food vị hải sản tôm thịt hộp nhỏ 40g thơm ngon giòn rụm', 'Đặc sản vùng miền chất lượng', 79350, 'https://down-vn.img.susercontent.com/file/vn-11134207-7ras8-m418zmb6cs0f44') ON CONFLICT DO NOTHING;
INSERT INTO inventory (inventory_id, product_id, store_id, stock) VALUES (70989, 70060, 7054, 23) ON CONFLICT DO NOTHING;
INSERT INTO products (product_id, name, description, price, image_url) VALUES (70059, '[COMBO 8 SẢN PHẨM] Bánh Ép Huế vị BBQ, Gà, Tép - Đặc sản Huế Chính Gốc, Thơm, Giòn Rụm, Hue One Food', 'Đặc sản vùng miền chất lượng', 131999, 'https://down-vn.img.susercontent.com/file/vn-11134207-820l4-mjjp6yhux69wa6') ON CONFLICT DO NOTHING;
INSERT INTO inventory (inventory_id, product_id, store_id, stock) VALUES (70990, 70059, 7054, 82) ON CONFLICT DO NOTHING;
INSERT INTO products (product_id, name, description, price, image_url) VALUES (70060, 'Bánh ép Hue One Food vị hải sản tôm thịt hộp nhỏ 40g thơm ngon giòn rụm', 'Đặc sản vùng miền chất lượng', 79350, 'https://down-vn.img.susercontent.com/file/vn-11134207-7ras8-m418zmb6cs0f44') ON CONFLICT DO NOTHING;
INSERT INTO inventory (inventory_id, product_id, store_id, stock) VALUES (70991, 70060, 7054, 102) ON CONFLICT DO NOTHING;
INSERT INTO products (product_id, name, description, price, image_url) VALUES (70061, 'Bánh ép Hue One Food Vị Hải Sản Tôm Thịt hộp lớn 65g thơm ngon giòn rụm Đặc Sản Cố Đô', 'Đặc sản vùng miền chất lượng', 120750, 'https://down-vn.img.susercontent.com/file/vn-11134207-7ra0g-maapfwrj1gmj72') ON CONFLICT DO NOTHING;
INSERT INTO inventory (inventory_id, product_id, store_id, stock) VALUES (70992, 70061, 7054, 155) ON CONFLICT DO NOTHING;
INSERT INTO products (product_id, name, description, price, image_url) VALUES (70226, '500g Vải Thiều Sấy Lục Ngạn – Đặc Sản Bắc Giang, Trái Cây Sấy Dẻo Tự Nhiên, Ngon Bổ Dưỡng', 'Đặc sản vùng miền chất lượng', 63564, 'https://down-vn.img.susercontent.com/file/vn-11134207-820l4-mdzlzh0hdds3a1') ON CONFLICT DO NOTHING;
INSERT INTO inventory (inventory_id, product_id, store_id, stock) VALUES (70993, 70226, 7170, 156) ON CONFLICT DO NOTHING;
INSERT INTO products (product_id, name, description, price, image_url) VALUES (70227, '300G Vải Thiều Sấy Lục Ngạn giá tốt– Đặc Sản Bắc Giang, Trái Cây Sấy Dẻo Tự Nhiên, Ngon Bổ Dưỡng', 'Đặc sản vùng miền chất lượng', 53000, 'https://down-vn.img.susercontent.com/file/vn-11134207-820l4-mdzlzh0hdds3a1') ON CONFLICT DO NOTHING;
INSERT INTO inventory (inventory_id, product_id, store_id, stock) VALUES (70994, 70227, 7170, 120) ON CONFLICT DO NOTHING;
INSERT INTO products (product_id, name, description, price, image_url) VALUES (70228, 'Cà Phê Chồn | Rang Mộc Nguyên Chất, Hạt & Bột – Đặc Sản Cao Cấp Việt Nam', 'Đặc sản vùng miền chất lượng', 74000, 'https://down-vn.img.susercontent.com/file/vn-11134207-81ztc-mnf59ha9yl1ib2') ON CONFLICT DO NOTHING;
INSERT INTO inventory (inventory_id, product_id, store_id, stock) VALUES (70995, 70228, 7170, 31) ON CONFLICT DO NOTHING;
INSERT INTO products (product_id, name, description, price, image_url) VALUES (70122, '[Hũ 400gr] Mắm Ruốc Ăn Liền Đặc Sản Mắm Huế Nguyên Chất Loại 1 Mắm Huế O Dung Chuẩn Vị Huế', 'Đặc sản vùng miền chất lượng', 69500, 'https://down-vn.img.susercontent.com/file/vn-11134207-81ztc-mnwe779vg83m13') ON CONFLICT DO NOTHING;
INSERT INTO inventory (inventory_id, product_id, store_id, stock) VALUES (70996, 70122, 7000, 83) ON CONFLICT DO NOTHING;
INSERT INTO products (product_id, name, description, price, image_url) VALUES (70415, '[Hũ 1kg] Mắm Cá Rò O Dung Mắm Ngon Đầu Mùa Đậm Đà Mắm Chuẩn Gia Vị Truyền Thống Huế', 'Đặc sản vùng miền chất lượng', 89999, 'https://down-vn.img.susercontent.com/file/vn-11134207-81ztc-mnwbrjab826c1f') ON CONFLICT DO NOTHING;
INSERT INTO inventory (inventory_id, product_id, store_id, stock) VALUES (70997, 70415, 7000, 41) ON CONFLICT DO NOTHING;
INSERT INTO products (product_id, name, description, price, image_url) VALUES (70675, '[Hũ 400gr] Mắm Ruốc Huế Ăn Liền O Dung Nguyên Chất Loại 1 Đặc Sản Huế', 'Đặc sản vùng miền chất lượng', 79000, 'https://down-vn.img.susercontent.com/file/vn-11134207-81ztc-mnwe8twxmdqc4b') ON CONFLICT DO NOTHING;
INSERT INTO inventory (inventory_id, product_id, store_id, stock) VALUES (70998, 70675, 7000, 90) ON CONFLICT DO NOTHING;
INSERT INTO products (product_id, name, description, price, image_url) VALUES (70226, '500g Vải Thiều Sấy Lục Ngạn – Đặc Sản Bắc Giang, Trái Cây Sấy Dẻo Tự Nhiên, Ngon Bổ Dưỡng', 'Đặc sản vùng miền chất lượng', 63564, 'https://down-vn.img.susercontent.com/file/vn-11134207-820l4-mdzlzh0hdds3a1') ON CONFLICT DO NOTHING;
INSERT INTO inventory (inventory_id, product_id, store_id, stock) VALUES (70999, 70226, 7170, 131) ON CONFLICT DO NOTHING;
INSERT INTO products (product_id, name, description, price, image_url) VALUES (70227, '300G Vải Thiều Sấy Lục Ngạn giá tốt– Đặc Sản Bắc Giang, Trái Cây Sấy Dẻo Tự Nhiên, Ngon Bổ Dưỡng', 'Đặc sản vùng miền chất lượng', 53000, 'https://down-vn.img.susercontent.com/file/vn-11134207-820l4-mdzlzh0hdds3a1') ON CONFLICT DO NOTHING;
INSERT INTO inventory (inventory_id, product_id, store_id, stock) VALUES (71000, 70227, 7170, 79) ON CONFLICT DO NOTHING;
INSERT INTO products (product_id, name, description, price, image_url) VALUES (70228, 'Cà Phê Chồn | Rang Mộc Nguyên Chất, Hạt & Bột – Đặc Sản Cao Cấp Việt Nam', 'Đặc sản vùng miền chất lượng', 74000, 'https://down-vn.img.susercontent.com/file/vn-11134207-81ztc-mnf59ha9yl1ib2') ON CONFLICT DO NOTHING;
INSERT INTO inventory (inventory_id, product_id, store_id, stock) VALUES (71001, 70228, 7170, 66) ON CONFLICT DO NOTHING;
INSERT INTO products (product_id, name, description, price, image_url) VALUES (70226, '500g Vải Thiều Sấy Lục Ngạn – Đặc Sản Bắc Giang, Trái Cây Sấy Dẻo Tự Nhiên, Ngon Bổ Dưỡng', 'Đặc sản vùng miền chất lượng', 63564, 'https://down-vn.img.susercontent.com/file/vn-11134207-820l4-mdzlzh0hdds3a1') ON CONFLICT DO NOTHING;
INSERT INTO inventory (inventory_id, product_id, store_id, stock) VALUES (71002, 70226, 7170, 55) ON CONFLICT DO NOTHING;
INSERT INTO products (product_id, name, description, price, image_url) VALUES (70227, '300G Vải Thiều Sấy Lục Ngạn giá tốt– Đặc Sản Bắc Giang, Trái Cây Sấy Dẻo Tự Nhiên, Ngon Bổ Dưỡng', 'Đặc sản vùng miền chất lượng', 53000, 'https://down-vn.img.susercontent.com/file/vn-11134207-820l4-mdzlzh0hdds3a1') ON CONFLICT DO NOTHING;
INSERT INTO inventory (inventory_id, product_id, store_id, stock) VALUES (71003, 70227, 7170, 73) ON CONFLICT DO NOTHING;
INSERT INTO products (product_id, name, description, price, image_url) VALUES (70228, 'Cà Phê Chồn | Rang Mộc Nguyên Chất, Hạt & Bột – Đặc Sản Cao Cấp Việt Nam', 'Đặc sản vùng miền chất lượng', 74000, 'https://down-vn.img.susercontent.com/file/vn-11134207-81ztc-mnf59ha9yl1ib2') ON CONFLICT DO NOTHING;
INSERT INTO inventory (inventory_id, product_id, store_id, stock) VALUES (71004, 70228, 7170, 52) ON CONFLICT DO NOTHING;
INSERT INTO products (product_id, name, description, price, image_url) VALUES (70000, 'Hũ 500gr Mắm Cá Cơm O Dung Đặc Sản Huế Vị Mắm Dễ Ăn Phù Hợp Mọi Lứa Tuổi', 'Đặc sản vùng miền chất lượng', 59999, 'https://down-vn.img.susercontent.com/file/vn-11134207-81ztc-mnxodje8c0zq57') ON CONFLICT DO NOTHING;
INSERT INTO inventory (inventory_id, product_id, store_id, stock) VALUES (71005, 70000, 7000, 155) ON CONFLICT DO NOTHING;
INSERT INTO products (product_id, name, description, price, image_url) VALUES (70179, '[Hũ 1Kg] Mắm Dưa Đu Đủ Cà Pháo Thập Cẩm Gia Vị Vừa Ăn Chuẩn Vị Mắm Huế O Dung', 'Đặc sản vùng miền chất lượng', 89999, 'https://down-vn.img.susercontent.com/file/vn-11134207-81ztc-mnxoi5pzsbgob8') ON CONFLICT DO NOTHING;
INSERT INTO inventory (inventory_id, product_id, store_id, stock) VALUES (71006, 70179, 7000, 189) ON CONFLICT DO NOTHING;
INSERT INTO products (product_id, name, description, price, image_url) VALUES (70001, '[Hũ 1Kg] Mắm Cá Cơm O Dung Mắm Ngon Hương Vị  Đậm Đà Thơm Ngon Đặc Sản Đà Nẵng', 'Đặc sản vùng miền chất lượng', 89999, 'https://down-vn.img.susercontent.com/file/vn-11134207-81ztc-mnxocwx5f1tw02') ON CONFLICT DO NOTHING;
INSERT INTO inventory (inventory_id, product_id, store_id, stock) VALUES (71007, 70001, 7000, 145) ON CONFLICT DO NOTHING;
INSERT INTO products (product_id, name, description, price, image_url) VALUES (70227, '300G Vải Thiều Sấy Lục Ngạn giá tốt– Đặc Sản Bắc Giang, Trái Cây Sấy Dẻo Tự Nhiên, Ngon Bổ Dưỡng', 'Đặc sản vùng miền chất lượng', 53000, 'https://down-vn.img.susercontent.com/file/vn-11134207-820l4-mdzlzh0hdds3a1') ON CONFLICT DO NOTHING;
INSERT INTO inventory (inventory_id, product_id, store_id, stock) VALUES (71008, 70227, 7170, 131) ON CONFLICT DO NOTHING;
INSERT INTO products (product_id, name, description, price, image_url) VALUES (70226, '500g Vải Thiều Sấy Lục Ngạn – Đặc Sản Bắc Giang, Trái Cây Sấy Dẻo Tự Nhiên, Ngon Bổ Dưỡng', 'Đặc sản vùng miền chất lượng', 63564, 'https://down-vn.img.susercontent.com/file/vn-11134207-820l4-mdzlzh0hdds3a1') ON CONFLICT DO NOTHING;
INSERT INTO inventory (inventory_id, product_id, store_id, stock) VALUES (71009, 70226, 7170, 53) ON CONFLICT DO NOTHING;
INSERT INTO products (product_id, name, description, price, image_url) VALUES (70228, 'Cà Phê Chồn | Rang Mộc Nguyên Chất, Hạt & Bột – Đặc Sản Cao Cấp Việt Nam', 'Đặc sản vùng miền chất lượng', 74000, 'https://down-vn.img.susercontent.com/file/vn-11134207-81ztc-mnf59ha9yl1ib2') ON CONFLICT DO NOTHING;
INSERT INTO inventory (inventory_id, product_id, store_id, stock) VALUES (71010, 70228, 7170, 47) ON CONFLICT DO NOTHING;
INSERT INTO products (product_id, name, description, price, image_url) VALUES (70227, '300G Vải Thiều Sấy Lục Ngạn giá tốt– Đặc Sản Bắc Giang, Trái Cây Sấy Dẻo Tự Nhiên, Ngon Bổ Dưỡng', 'Đặc sản vùng miền chất lượng', 53000, 'https://down-vn.img.susercontent.com/file/vn-11134207-820l4-mdzlzh0hdds3a1') ON CONFLICT DO NOTHING;
INSERT INTO inventory (inventory_id, product_id, store_id, stock) VALUES (71011, 70227, 7170, 123) ON CONFLICT DO NOTHING;
INSERT INTO products (product_id, name, description, price, image_url) VALUES (70226, '500g Vải Thiều Sấy Lục Ngạn – Đặc Sản Bắc Giang, Trái Cây Sấy Dẻo Tự Nhiên, Ngon Bổ Dưỡng', 'Đặc sản vùng miền chất lượng', 63564, 'https://down-vn.img.susercontent.com/file/vn-11134207-820l4-mdzlzh0hdds3a1') ON CONFLICT DO NOTHING;
INSERT INTO inventory (inventory_id, product_id, store_id, stock) VALUES (71012, 70226, 7170, 128) ON CONFLICT DO NOTHING;
INSERT INTO products (product_id, name, description, price, image_url) VALUES (70228, 'Cà Phê Chồn | Rang Mộc Nguyên Chất, Hạt & Bột – Đặc Sản Cao Cấp Việt Nam', 'Đặc sản vùng miền chất lượng', 74000, 'https://down-vn.img.susercontent.com/file/vn-11134207-81ztc-mnf59ha9yl1ib2') ON CONFLICT DO NOTHING;
INSERT INTO inventory (inventory_id, product_id, store_id, stock) VALUES (71013, 70228, 7170, 70) ON CONFLICT DO NOTHING;
INSERT INTO products (product_id, name, description, price, image_url) VALUES (70059, '[COMBO 8 SẢN PHẨM] Bánh Ép Huế vị BBQ, Gà, Tép - Đặc sản Huế Chính Gốc, Thơm, Giòn Rụm, Hue One Food', 'Đặc sản vùng miền chất lượng', 131999, 'https://down-vn.img.susercontent.com/file/vn-11134207-820l4-mjjp6yhux69wa6') ON CONFLICT DO NOTHING;
INSERT INTO inventory (inventory_id, product_id, store_id, stock) VALUES (71014, 70059, 7054, 76) ON CONFLICT DO NOTHING;
INSERT INTO products (product_id, name, description, price, image_url) VALUES (70060, 'Bánh ép Hue One Food vị hải sản tôm thịt hộp nhỏ 40g thơm ngon giòn rụm', 'Đặc sản vùng miền chất lượng', 79350, 'https://down-vn.img.susercontent.com/file/vn-11134207-7ras8-m418zmb6cs0f44') ON CONFLICT DO NOTHING;
INSERT INTO inventory (inventory_id, product_id, store_id, stock) VALUES (71015, 70060, 7054, 81) ON CONFLICT DO NOTHING;
INSERT INTO products (product_id, name, description, price, image_url) VALUES (70061, 'Bánh ép Hue One Food Vị Hải Sản Tôm Thịt hộp lớn 65g thơm ngon giòn rụm Đặc Sản Cố Đô', 'Đặc sản vùng miền chất lượng', 120750, 'https://down-vn.img.susercontent.com/file/vn-11134207-7ra0g-maapfwrj1gmj72') ON CONFLICT DO NOTHING;
INSERT INTO inventory (inventory_id, product_id, store_id, stock) VALUES (71016, 70061, 7054, 85) ON CONFLICT DO NOTHING;
INSERT INTO products (product_id, name, description, price, image_url) VALUES (70227, '300G Vải Thiều Sấy Lục Ngạn giá tốt– Đặc Sản Bắc Giang, Trái Cây Sấy Dẻo Tự Nhiên, Ngon Bổ Dưỡng', 'Đặc sản vùng miền chất lượng', 53000, 'https://down-vn.img.susercontent.com/file/vn-11134207-820l4-mdzlzh0hdds3a1') ON CONFLICT DO NOTHING;
INSERT INTO inventory (inventory_id, product_id, store_id, stock) VALUES (71017, 70227, 7170, 195) ON CONFLICT DO NOTHING;
INSERT INTO products (product_id, name, description, price, image_url) VALUES (70226, '500g Vải Thiều Sấy Lục Ngạn – Đặc Sản Bắc Giang, Trái Cây Sấy Dẻo Tự Nhiên, Ngon Bổ Dưỡng', 'Đặc sản vùng miền chất lượng', 63564, 'https://down-vn.img.susercontent.com/file/vn-11134207-820l4-mdzlzh0hdds3a1') ON CONFLICT DO NOTHING;
INSERT INTO inventory (inventory_id, product_id, store_id, stock) VALUES (71018, 70226, 7170, 137) ON CONFLICT DO NOTHING;
INSERT INTO products (product_id, name, description, price, image_url) VALUES (70228, 'Cà Phê Chồn | Rang Mộc Nguyên Chất, Hạt & Bột – Đặc Sản Cao Cấp Việt Nam', 'Đặc sản vùng miền chất lượng', 74000, 'https://down-vn.img.susercontent.com/file/vn-11134207-81ztc-mnf59ha9yl1ib2') ON CONFLICT DO NOTHING;
INSERT INTO inventory (inventory_id, product_id, store_id, stock) VALUES (71019, 70228, 7170, 48) ON CONFLICT DO NOTHING;
INSERT INTO products (product_id, name, description, price, image_url) VALUES (70226, '500g Vải Thiều Sấy Lục Ngạn – Đặc Sản Bắc Giang, Trái Cây Sấy Dẻo Tự Nhiên, Ngon Bổ Dưỡng', 'Đặc sản vùng miền chất lượng', 63564, 'https://down-vn.img.susercontent.com/file/vn-11134207-820l4-mdzlzh0hdds3a1') ON CONFLICT DO NOTHING;
INSERT INTO inventory (inventory_id, product_id, store_id, stock) VALUES (71020, 70226, 7170, 192) ON CONFLICT DO NOTHING;
INSERT INTO products (product_id, name, description, price, image_url) VALUES (70227, '300G Vải Thiều Sấy Lục Ngạn giá tốt– Đặc Sản Bắc Giang, Trái Cây Sấy Dẻo Tự Nhiên, Ngon Bổ Dưỡng', 'Đặc sản vùng miền chất lượng', 53000, 'https://down-vn.img.susercontent.com/file/vn-11134207-820l4-mdzlzh0hdds3a1') ON CONFLICT DO NOTHING;
INSERT INTO inventory (inventory_id, product_id, store_id, stock) VALUES (71021, 70227, 7170, 40) ON CONFLICT DO NOTHING;
INSERT INTO products (product_id, name, description, price, image_url) VALUES (70228, 'Cà Phê Chồn | Rang Mộc Nguyên Chất, Hạt & Bột – Đặc Sản Cao Cấp Việt Nam', 'Đặc sản vùng miền chất lượng', 74000, 'https://down-vn.img.susercontent.com/file/vn-11134207-81ztc-mnf59ha9yl1ib2') ON CONFLICT DO NOTHING;
INSERT INTO inventory (inventory_id, product_id, store_id, stock) VALUES (71022, 70228, 7170, 90) ON CONFLICT DO NOTHING;
INSERT INTO products (product_id, name, description, price, image_url) VALUES (70000, 'Hũ 500gr Mắm Cá Cơm O Dung Đặc Sản Huế Vị Mắm Dễ Ăn Phù Hợp Mọi Lứa Tuổi', 'Đặc sản vùng miền chất lượng', 59999, 'https://down-vn.img.susercontent.com/file/vn-11134207-81ztc-mnxodje8c0zq57') ON CONFLICT DO NOTHING;
INSERT INTO inventory (inventory_id, product_id, store_id, stock) VALUES (71023, 70000, 7000, 165) ON CONFLICT DO NOTHING;
INSERT INTO products (product_id, name, description, price, image_url) VALUES (70124, '[500gr] Mắm Cá Rò (Giò) Mắm Ngon Đầu Mùa Đậm Đà Gia Vị Truyền Thống Huế Mắm Huế O Dung', 'Đặc sản vùng miền chất lượng', 47646, 'https://down-vn.img.susercontent.com/file/vn-11134207-81ztc-mnwaovc5bls3d2') ON CONFLICT DO NOTHING;
INSERT INTO inventory (inventory_id, product_id, store_id, stock) VALUES (71024, 70124, 7000, 92) ON CONFLICT DO NOTHING;
INSERT INTO products (product_id, name, description, price, image_url) VALUES (70742, '[500gr] Mắm Dưa Đu Đủ Cà Pháo Thập Cẩm Chuẩn Vị Mắm Huế O Dung Gia Vị Đậm Đà Dễ Ăn Tiện Lợi', 'Đặc sản vùng miền chất lượng', 79000, 'https://down-vn.img.susercontent.com/file/vn-11134207-81ztc-mnxohqm3a1a99f') ON CONFLICT DO NOTHING;
INSERT INTO inventory (inventory_id, product_id, store_id, stock) VALUES (71025, 70742, 7000, 161) ON CONFLICT DO NOTHING;
INSERT INTO products (product_id, name, description, price, image_url) VALUES (70226, '500g Vải Thiều Sấy Lục Ngạn – Đặc Sản Bắc Giang, Trái Cây Sấy Dẻo Tự Nhiên, Ngon Bổ Dưỡng', 'Đặc sản vùng miền chất lượng', 63564, 'https://down-vn.img.susercontent.com/file/vn-11134207-820l4-mdzlzh0hdds3a1') ON CONFLICT DO NOTHING;
INSERT INTO inventory (inventory_id, product_id, store_id, stock) VALUES (71026, 70226, 7170, 119) ON CONFLICT DO NOTHING;
INSERT INTO products (product_id, name, description, price, image_url) VALUES (70227, '300G Vải Thiều Sấy Lục Ngạn giá tốt– Đặc Sản Bắc Giang, Trái Cây Sấy Dẻo Tự Nhiên, Ngon Bổ Dưỡng', 'Đặc sản vùng miền chất lượng', 53000, 'https://down-vn.img.susercontent.com/file/vn-11134207-820l4-mdzlzh0hdds3a1') ON CONFLICT DO NOTHING;
INSERT INTO inventory (inventory_id, product_id, store_id, stock) VALUES (71027, 70227, 7170, 43) ON CONFLICT DO NOTHING;
INSERT INTO products (product_id, name, description, price, image_url) VALUES (70228, 'Cà Phê Chồn | Rang Mộc Nguyên Chất, Hạt & Bột – Đặc Sản Cao Cấp Việt Nam', 'Đặc sản vùng miền chất lượng', 74000, 'https://down-vn.img.susercontent.com/file/vn-11134207-81ztc-mnf59ha9yl1ib2') ON CONFLICT DO NOTHING;
INSERT INTO inventory (inventory_id, product_id, store_id, stock) VALUES (71028, 70228, 7170, 113) ON CONFLICT DO NOTHING;
INSERT INTO products (product_id, name, description, price, image_url) VALUES (70743, '5 chai Mắm Cá Cơm Pha Sẳn ( chai 330ml ) mắm cá cơm, mắm miền trung, đặc sản miền trung, sốt chấm, nước chấm', 'Đặc sản vùng miền chất lượng', 150000, 'https://down-vn.img.susercontent.com/file/vn-11134207-820l4-mf5perb48s214b') ON CONFLICT DO NOTHING;
INSERT INTO inventory (inventory_id, product_id, store_id, stock) VALUES (71029, 70743, 7480, 169) ON CONFLICT DO NOTHING;
INSERT INTO products (product_id, name, description, price, image_url) VALUES (70744, 'MẮM NÊM XAY ĐẶC BIỆT chai 330ml,đậm vị thơm ngon,mắm miền trung,đặc sản miền trung,nước chấm Nước Sốt,gia vị,Chua cay', 'Đặc sản vùng miền chất lượng', 35000, 'https://down-vn.img.susercontent.com/file/vn-11134207-820l4-mf0uuohu5yiy49') ON CONFLICT DO NOTHING;
INSERT INTO inventory (inventory_id, product_id, store_id, stock) VALUES (71030, 70744, 7480, 81) ON CONFLICT DO NOTHING;
INSERT INTO products (product_id, name, description, price, image_url) VALUES (70745, '500g, Mắm Tôm Chua Riềng Huế, Mắm Huế chính hiệu, mắm miền trung, đặc sản miền trung,nước chấm', 'Đặc sản vùng miền chất lượng', 75000, 'https://down-vn.img.susercontent.com/file/vn-11134207-820l4-mfc4x6ndkd1r95') ON CONFLICT DO NOTHING;
INSERT INTO inventory (inventory_id, product_id, store_id, stock) VALUES (71031, 70745, 7480, 82) ON CONFLICT DO NOTHING;
INSERT INTO products (product_id, name, description, price, image_url) VALUES (70746, '1 chai Mắm Cá Cơm Pha Sẳn ( chai 330ml ) mắm cá cơm, mắm miền trung, đặc sản miền trung, sốt chấm, nước chấm', 'Đặc sản vùng miền chất lượng', 35000, 'https://down-vn.img.susercontent.com/file/vn-11134207-820l4-mf5nj8fpbv9me7') ON CONFLICT DO NOTHING;
INSERT INTO inventory (inventory_id, product_id, store_id, stock) VALUES (71032, 70746, 7480, 74) ON CONFLICT DO NOTHING;
INSERT INTO products (product_id, name, description, price, image_url) VALUES (70743, '5 chai Mắm Cá Cơm Pha Sẳn ( chai 330ml ) mắm cá cơm, mắm miền trung, đặc sản miền trung, sốt chấm, nước chấm', 'Đặc sản vùng miền chất lượng', 150000, 'https://down-vn.img.susercontent.com/file/vn-11134207-820l4-mf5perb48s214b') ON CONFLICT DO NOTHING;
INSERT INTO inventory (inventory_id, product_id, store_id, stock) VALUES (71033, 70743, 7480, 109) ON CONFLICT DO NOTHING;
INSERT INTO products (product_id, name, description, price, image_url) VALUES (70744, 'MẮM NÊM XAY ĐẶC BIỆT chai 330ml,đậm vị thơm ngon,mắm miền trung,đặc sản miền trung,nước chấm Nước Sốt,gia vị,Chua cay', 'Đặc sản vùng miền chất lượng', 35000, 'https://down-vn.img.susercontent.com/file/vn-11134207-820l4-mf0uuohu5yiy49') ON CONFLICT DO NOTHING;
INSERT INTO inventory (inventory_id, product_id, store_id, stock) VALUES (71034, 70744, 7480, 131) ON CONFLICT DO NOTHING;
INSERT INTO products (product_id, name, description, price, image_url) VALUES (70745, '500g, Mắm Tôm Chua Riềng Huế, Mắm Huế chính hiệu, mắm miền trung, đặc sản miền trung,nước chấm', 'Đặc sản vùng miền chất lượng', 75000, 'https://down-vn.img.susercontent.com/file/vn-11134207-820l4-mfc4x6ndkd1r95') ON CONFLICT DO NOTHING;
INSERT INTO inventory (inventory_id, product_id, store_id, stock) VALUES (71035, 70745, 7480, 49) ON CONFLICT DO NOTHING;
INSERT INTO products (product_id, name, description, price, image_url) VALUES (70746, '1 chai Mắm Cá Cơm Pha Sẳn ( chai 330ml ) mắm cá cơm, mắm miền trung, đặc sản miền trung, sốt chấm, nước chấm', 'Đặc sản vùng miền chất lượng', 35000, 'https://down-vn.img.susercontent.com/file/vn-11134207-820l4-mf5nj8fpbv9me7') ON CONFLICT DO NOTHING;
INSERT INTO inventory (inventory_id, product_id, store_id, stock) VALUES (71036, 70746, 7480, 192) ON CONFLICT DO NOTHING;
INSERT INTO products (product_id, name, description, price, image_url) VALUES (70227, '300G Vải Thiều Sấy Lục Ngạn giá tốt– Đặc Sản Bắc Giang, Trái Cây Sấy Dẻo Tự Nhiên, Ngon Bổ Dưỡng', 'Đặc sản vùng miền chất lượng', 53000, 'https://down-vn.img.susercontent.com/file/vn-11134207-820l4-mdzlzh0hdds3a1') ON CONFLICT DO NOTHING;
INSERT INTO inventory (inventory_id, product_id, store_id, stock) VALUES (71037, 70227, 7170, 47) ON CONFLICT DO NOTHING;
INSERT INTO products (product_id, name, description, price, image_url) VALUES (70226, '500g Vải Thiều Sấy Lục Ngạn – Đặc Sản Bắc Giang, Trái Cây Sấy Dẻo Tự Nhiên, Ngon Bổ Dưỡng', 'Đặc sản vùng miền chất lượng', 63564, 'https://down-vn.img.susercontent.com/file/vn-11134207-820l4-mdzlzh0hdds3a1') ON CONFLICT DO NOTHING;
INSERT INTO inventory (inventory_id, product_id, store_id, stock) VALUES (71038, 70226, 7170, 20) ON CONFLICT DO NOTHING;
INSERT INTO products (product_id, name, description, price, image_url) VALUES (70228, 'Cà Phê Chồn | Rang Mộc Nguyên Chất, Hạt & Bột – Đặc Sản Cao Cấp Việt Nam', 'Đặc sản vùng miền chất lượng', 74000, 'https://down-vn.img.susercontent.com/file/vn-11134207-81ztc-mnf59ha9yl1ib2') ON CONFLICT DO NOTHING;
INSERT INTO inventory (inventory_id, product_id, store_id, stock) VALUES (71039, 70228, 7170, 196) ON CONFLICT DO NOTHING;
INSERT INTO products (product_id, name, description, price, image_url) VALUES (70743, '5 chai Mắm Cá Cơm Pha Sẳn ( chai 330ml ) mắm cá cơm, mắm miền trung, đặc sản miền trung, sốt chấm, nước chấm', 'Đặc sản vùng miền chất lượng', 150000, 'https://down-vn.img.susercontent.com/file/vn-11134207-820l4-mf5perb48s214b') ON CONFLICT DO NOTHING;
INSERT INTO inventory (inventory_id, product_id, store_id, stock) VALUES (71040, 70743, 7480, 41) ON CONFLICT DO NOTHING;
INSERT INTO products (product_id, name, description, price, image_url) VALUES (70744, 'MẮM NÊM XAY ĐẶC BIỆT chai 330ml,đậm vị thơm ngon,mắm miền trung,đặc sản miền trung,nước chấm Nước Sốt,gia vị,Chua cay', 'Đặc sản vùng miền chất lượng', 35000, 'https://down-vn.img.susercontent.com/file/vn-11134207-820l4-mf0uuohu5yiy49') ON CONFLICT DO NOTHING;
INSERT INTO inventory (inventory_id, product_id, store_id, stock) VALUES (71041, 70744, 7480, 108) ON CONFLICT DO NOTHING;
INSERT INTO products (product_id, name, description, price, image_url) VALUES (70745, '500g, Mắm Tôm Chua Riềng Huế, Mắm Huế chính hiệu, mắm miền trung, đặc sản miền trung,nước chấm', 'Đặc sản vùng miền chất lượng', 75000, 'https://down-vn.img.susercontent.com/file/vn-11134207-820l4-mfc4x6ndkd1r95') ON CONFLICT DO NOTHING;
INSERT INTO inventory (inventory_id, product_id, store_id, stock) VALUES (71042, 70745, 7480, 47) ON CONFLICT DO NOTHING;
INSERT INTO products (product_id, name, description, price, image_url) VALUES (70746, '1 chai Mắm Cá Cơm Pha Sẳn ( chai 330ml ) mắm cá cơm, mắm miền trung, đặc sản miền trung, sốt chấm, nước chấm', 'Đặc sản vùng miền chất lượng', 35000, 'https://down-vn.img.susercontent.com/file/vn-11134207-820l4-mf5nj8fpbv9me7') ON CONFLICT DO NOTHING;
INSERT INTO inventory (inventory_id, product_id, store_id, stock) VALUES (71043, 70746, 7480, 50) ON CONFLICT DO NOTHING;
INSERT INTO products (product_id, name, description, price, image_url) VALUES (70743, '5 chai Mắm Cá Cơm Pha Sẳn ( chai 330ml ) mắm cá cơm, mắm miền trung, đặc sản miền trung, sốt chấm, nước chấm', 'Đặc sản vùng miền chất lượng', 150000, 'https://down-vn.img.susercontent.com/file/vn-11134207-820l4-mf5perb48s214b') ON CONFLICT DO NOTHING;
INSERT INTO inventory (inventory_id, product_id, store_id, stock) VALUES (71044, 70743, 7480, 138) ON CONFLICT DO NOTHING;
INSERT INTO products (product_id, name, description, price, image_url) VALUES (70744, 'MẮM NÊM XAY ĐẶC BIỆT chai 330ml,đậm vị thơm ngon,mắm miền trung,đặc sản miền trung,nước chấm Nước Sốt,gia vị,Chua cay', 'Đặc sản vùng miền chất lượng', 35000, 'https://down-vn.img.susercontent.com/file/vn-11134207-820l4-mf0uuohu5yiy49') ON CONFLICT DO NOTHING;
INSERT INTO inventory (inventory_id, product_id, store_id, stock) VALUES (71045, 70744, 7480, 152) ON CONFLICT DO NOTHING;
INSERT INTO products (product_id, name, description, price, image_url) VALUES (70745, '500g, Mắm Tôm Chua Riềng Huế, Mắm Huế chính hiệu, mắm miền trung, đặc sản miền trung,nước chấm', 'Đặc sản vùng miền chất lượng', 75000, 'https://down-vn.img.susercontent.com/file/vn-11134207-820l4-mfc4x6ndkd1r95') ON CONFLICT DO NOTHING;
INSERT INTO inventory (inventory_id, product_id, store_id, stock) VALUES (71046, 70745, 7480, 197) ON CONFLICT DO NOTHING;
INSERT INTO products (product_id, name, description, price, image_url) VALUES (70746, '1 chai Mắm Cá Cơm Pha Sẳn ( chai 330ml ) mắm cá cơm, mắm miền trung, đặc sản miền trung, sốt chấm, nước chấm', 'Đặc sản vùng miền chất lượng', 35000, 'https://down-vn.img.susercontent.com/file/vn-11134207-820l4-mf5nj8fpbv9me7') ON CONFLICT DO NOTHING;
INSERT INTO inventory (inventory_id, product_id, store_id, stock) VALUES (71047, 70746, 7480, 192) ON CONFLICT DO NOTHING;
